"OKOK006","61880_3","24.01.2022 11:26:30","24.01.2022 11:26:31"
"NCHER","61759_1","10.01.2022 12:50:06","10.01.2022 12:50:06"
"NCHER","61880_1","10.01.2022 12:51:34","10.01.2022 12:51:36"
"NCHER","61880_7","10.01.2022 12:53:26","10.01.2022 12:53:26"
"NCHER","61759_1","10.01.2022 13:21:39","10.01.2022 13:21:40"
"ASUSE","61880_2","10.01.2022 15:32:44","10.01.2022 15:32:45"
"ASUSE","61880_2","10.01.2022 15:33:06","10.01.2022 15:33:07"
"ASUSE","61880_7","10.01.2022 15:33:16","10.01.2022 15:33:17"
"ASUSE","61880_3","10.01.2022 15:34:13","10.01.2022 15:34:14"
"ASUSE","61759_1","13.01.2022 15:33:49","13.01.2022 15:33:50"
"OKOK006","61880_1","24.01.2022 12:01:36","24.01.2022 12:01:38"
"NCHER","61759_1","27.01.2022 19:28:07","27.01.2022 19:28:08"
"NCHER","61759_1","27.01.2022 19:47:21","27.01.2022 19:47:22"
"NCHER","61880_8","12.01.2022 7:23:49","12.01.2022 7:23:50"
"NCHER","61880_8","12.01.2022 7:23:50","12.01.2022 7:23:50"
"NCHER","61759_1","12.01.2022 7:28:11","12.01.2022 7:28:11"
"NCHER","61880_7","12.01.2022 9:24:38","12.01.2022 9:24:39"
"NCHER","61759_1","17.01.2022 11:33:04","17.01.2022 11:33:04"
"ASUSE","61880_3","23.12.2021 18:15:27","23.12.2021 18:15:28"
"ASUSE","61880_1","23.12.2021 18:17:07","23.12.2021 18:17:10"
"ASUSE","61880_1","23.12.2021 18:21:13","23.12.2021 18:21:16"
"NCHER","61880_7","13.01.2022 16:02:39","13.01.2022 16:02:40"
"NCHER","61880_7","18.01.2022 18:47:27","18.01.2022 18:47:27"
"ASUSE","61880_1","13.12.2021 19:12:50","13.12.2021 19:12:52"
"ASUSE","61880_3","13.12.2021 19:13:12","13.12.2021 19:13:13"
"NCHER","61880_7","13.01.2022 12:16:12","13.01.2022 12:16:12"
"NCHER","61880_7","13.01.2022 13:23:33","13.01.2022 13:23:34"
"ASUSE","61759_1","13.01.2022 15:30:16","13.01.2022 15:30:17"
"NCHER","61759_1","16.01.2022 20:02:29","16.01.2022 20:02:30"
"NCHER","61759_1","16.01.2022 20:03:52","16.01.2022 20:03:52"
"OKOK006","61880_8","25.01.2022 9:59:24","25.01.2022 9:59:24"
"NCHER","61759_1","26.01.2022 12:45:37","26.01.2022 12:45:38"
"NCHER","61759_1","27.01.2022 9:32:00","27.01.2022 9:32:01"
"NCHER","61759_1","27.01.2022 10:19:07","27.01.2022 10:19:08"
"NCHER","61759_1","27.01.2022 14:18:00","27.01.2022 14:18:01"
"NCHER","61759_1","27.01.2022 18:33:38","27.01.2022 18:33:39"
"NCHER","61880_1","27.01.2022 19:49:24","27.01.2022 19:49:27"
"NCHER","61880_1","27.01.2022 19:49:27","27.01.2022 19:49:30"
"NCHER","61759_1","27.01.2022 19:55:52","27.01.2022 19:55:53"
"OKOK006","61880-9-all","03.02.2022 18:43:46","03.02.2022 18:43:46"
"OKOK006","61880-9-IÀ","07.02.2022 15:34:22","07.02.2022 15:34:24"
"OKOK006","61880-9-IÀ","03.02.2022 18:42:00","03.02.2022 18:42:01"
"OKOK006","61880-9-IÁ","03.02.2022 18:42:32","03.02.2022 18:42:33"
"OKOK006","61880-9-IIÀ","03.02.2022 18:42:44","03.02.2022 18:42:50"
"OKOK006","61880-9-IIÁ","03.02.2022 18:43:21","03.02.2022 18:43:22"
"NCHER","61759_1","28.01.2022 5:29:55","28.01.2022 5:29:56"
"OKOK006","61880-9-IÀ","03.02.2022 13:46:32","03.02.2022 13:46:33"
"OKOK006","61880-9-IÁ","03.02.2022 13:46:49","03.02.2022 13:46:50"
"OKOK006","61880-9-IIÀ","03.02.2022 13:47:00","03.02.2022 13:47:06"
"OKOK006","61880-9-IIÁ","03.02.2022 13:47:14","03.02.2022 13:47:15"
"OKOK006","61880-9-IÀ","03.02.2022 13:48:07","03.02.2022 13:48:09"
"OKOK006","61880-9-IÁ","03.02.2022 13:48:23","03.02.2022 13:48:24"
"OKOK006","61880-9-IIÀ","03.02.2022 13:48:36","03.02.2022 13:48:38"
"OKOK006","61880-9-all","03.02.2022 13:49:32","03.02.2022 13:49:32"
"OKOK006","61880-9-all","07.02.2022 15:36:02","07.02.2022 15:36:03"
"OKOK006","61880-9-IÀ","07.02.2022 17:34:42","07.02.2022 17:34:43"
"OKOK006","61880-9-IÁ","07.02.2022 17:34:46","07.02.2022 17:34:47"
"OKOK006","61880-9-IIÀ","07.02.2022 17:34:51","07.02.2022 17:34:52"
"OKOK006","61880-9-IIÁ","07.02.2022 17:34:58","07.02.2022 17:35:00"
"OKOK006","61880-9-all","07.02.2022 17:35:50","07.02.2022 17:35:50"
"NCHER","61880_10","10.02.2022 18:19:55","10.02.2022 18:19:55"
"OKOK006","61880-9-IÀ","11.02.2022 18:42:27","11.02.2022 18:42:29"
"OKOK006","61880-9-IÁ","11.02.2022 18:42:34","11.02.2022 18:42:36"
"OKOK006","61880-9-IIÀ","11.02.2022 18:42:44","11.02.2022 18:42:46"
"OKOK006","61880-9-IIÁ","11.02.2022 18:43:03","11.02.2022 18:43:06"
"OKOK006","61880-9-all","11.02.2022 18:43:17","11.02.2022 18:43:17"
"NCHER","61880_11","15.02.2022 5:33:53","15.02.2022 5:33:54"
"ASUSE","61880_10","16.02.2022 16:31:48","16.02.2022 16:31:49"
"NCHER","61880_13","20.02.2022 7:00:51","20.02.2022 7:00:52"
"NCHER","61880_10","10.02.2022 21:00:36","10.02.2022 21:00:36"
"NCHER","61880_10","10.02.2022 21:06:33","10.02.2022 21:06:34"
"NCHER","61880_11","20.02.2022 7:04:02","20.02.2022 7:04:03"
"NCHER","61880_7","20.02.2022 7:06:04","20.02.2022 7:06:05"
"NCHER","61880_2","20.02.2022 7:08:49","20.02.2022 7:08:50"
"NCHER","61880_2","20.02.2022 7:24:49","20.02.2022 7:24:50"
"NCHER","61880_2","20.02.2022 11:39:05","20.02.2022 11:39:06"
"ASUSE","61880_14","20.02.2022 21:03:22",
"NCHER","61880_11","21.02.2022 6:28:02","21.02.2022 6:28:03"
"YUDOR001","61880_12","21.02.2022 10:12:41","21.02.2022 10:12:44"
"YUDOR001","61880_2","21.02.2022 10:16:18","21.02.2022 10:16:19"
"YUDOR001","61880_3","21.02.2022 10:22:58","21.02.2022 10:22:59"
"OKOK006","61880-9-IÁ","07.02.2022 15:34:30","07.02.2022 15:34:31"
"OKOK006","61880-9-IIÀ","07.02.2022 15:34:38","07.02.2022 15:34:40"
"OKOK006","61880-9-IIÁ","07.02.2022 15:35:21","07.02.2022 15:35:23"
"OKOK006","61880-9-IIÁ","07.02.2022 15:35:59","07.02.2022 15:36:00"
"ASUSE","61880_15","21.02.2022 12:59:29","21.02.2022 12:59:29"
"YUDOR001","61880_15","21.02.2022 13:40:01","21.02.2022 13:40:01"
"ASUSE","61880-9-IÀ","21.02.2022 15:56:52","21.02.2022 15:56:54"
"ASUSE","61880-9-IÀ","21.02.2022 15:57:30","21.02.2022 15:57:31"
"ASUSE","61880-9-IÀ","21.02.2022 15:57:53","21.02.2022 15:57:55"
"ASUSE","61880-9-IÁ","21.02.2022 15:58:15","21.02.2022 15:58:16"
"ASUSE","61880-9-IÀ","21.02.2022 16:01:35","21.02.2022 16:01:36"
"ASUSE","61880-9-IÀ","21.02.2022 16:01:49","21.02.2022 16:01:50"
"ASUSE","61880-9-IÀ","21.02.2022 16:02:18","21.02.2022 16:02:19"
"YUDOR001","61880_15","21.02.2022 16:05:11","21.02.2022 16:05:11"
"ASUSE","61880-9-IÀ","21.02.2022 16:06:15","21.02.2022 16:06:16"
"ASUSE","61880-9-IIÀ","21.02.2022 16:07:17","21.02.2022 16:07:18"
"ASUSE","61880-9-all","21.02.2022 16:07:56","21.02.2022 16:07:56"
"ASUSE","61880-9-IIÀ","21.02.2022 16:08:15","21.02.2022 16:08:16"
"ASUSE","61880-9-IIÀ","21.02.2022 16:08:21","21.02.2022 16:08:22"
"ASUSE","61880-9-IIÁ","21.02.2022 16:08:37","21.02.2022 16:08:38"
"ASUSE","61880-9-IIÀ","21.02.2022 16:09:16","21.02.2022 16:09:17"
"ASUSE","61880-9-IIÁ","21.02.2022 16:09:55","21.02.2022 16:09:56"
"ASUSE","61880-9-IÀ","21.02.2022 16:10:04","21.02.2022 16:10:05"
"ASUSE","61880-9-IÁ","21.02.2022 16:12:24","21.02.2022 16:12:25"
"ASUSE","61880-9-IIÀ","21.02.2022 16:13:59","21.02.2022 16:14:00"
"ASUSE","61880-9-IIÁ","21.02.2022 16:14:09","21.02.2022 16:14:10"
"ASUSE","61880-9-all","21.02.2022 16:14:39","21.02.2022 16:14:39"
"ASUSE","61880-9-all","21.02.2022 16:16:42","21.02.2022 16:16:43"
"ASUSE","61880-9-IIÀ","21.02.2022 16:33:56","21.02.2022 16:33:57"
"ASUSE","61880-9-IIÁ","21.02.2022 16:34:01","21.02.2022 16:34:02"
"ASUSE","61880-9-IIÀ","21.02.2022 16:34:10","21.02.2022 16:34:12"
"ASUSE","61880-9-IÁ","21.02.2022 16:34:18","21.02.2022 16:34:19"
"ASUSE","61880-9-IÀ","21.02.2022 16:34:23","21.02.2022 16:34:24"
"ASUSE","61880-9-IIÁ","21.02.2022 16:36:14","21.02.2022 16:36:15"
"ASUSE","61880-9-IIÀ","21.02.2022 16:36:29","21.02.2022 16:36:30"
"ASUSE","61880-9-IÁ","21.02.2022 16:36:40","21.02.2022 16:36:41"
"ASUSE","61880-9-IÀ","21.02.2022 16:36:45","21.02.2022 16:36:46"
"ASUSE","61880-9-IIÁ","21.02.2022 16:36:50","21.02.2022 16:36:51"
"ASUSE","61880-9-IIÀ","21.02.2022 16:36:55","21.02.2022 16:36:56"
"ASUSE","61880_12","21.02.2022 16:53:40","21.02.2022 16:53:43"
"ASUSE","61880_14","21.02.2022 17:17:18",
"YUDOR001","61880_15","21.02.2022 10:23:35","21.02.2022 10:23:36"
"YUDOR001","61759_1","21.02.2022 10:25:35","21.02.2022 10:25:36"
"ASUSE","61880_15","21.02.2022 11:44:55","21.02.2022 11:44:55"
"ASUSE","61880_14","21.02.2022 12:04:04","21.02.2022 12:04:05"
"ASUSE","61880_14","21.02.2022 12:04:22",
"NCHER","61880_11","21.02.2022 12:28:20","21.02.2022 12:28:21"
"ASUSE","61759_1","21.02.2022 17:12:26","21.02.2022 17:12:27"
"YUDOR001","61880_15","22.02.2022 7:00:36","22.02.2022 7:00:36"
"YUDOR001","61880_15","22.02.2022 7:01:19","22.02.2022 7:01:19"
"YUDOR001","61880_12","22.02.2022 7:05:03","22.02.2022 7:05:06"
"YUDOR001","61880_14","22.02.2022 7:15:05",
"YUDOR001","61880_15","22.02.2022 12:43:32","22.02.2022 12:43:32"
"YUDOR001","61880_12","22.02.2022 12:59:08","22.02.2022 12:59:11"
"ASUSE","61880_2","21.02.2022 19:46:00","21.02.2022 19:46:01"
"ASUSE","61880_14","22.02.2022 13:39:08","22.02.2022 13:39:10"
"ASUSE","61880_2","22.02.2022 14:12:22","22.02.2022 14:12:23"
"ASUSE","61880_14","22.02.2022 14:37:36","22.02.2022 15:12:47"
"YUDOR001","61759_1","22.02.2022 14:54:33","22.02.2022 15:12:45"
"ASUSE","61880_12","22.02.2022 15:28:03","22.02.2022 15:28:06"
"ASUSE","61880_14","22.02.2022 15:28:21","22.02.2022 15:28:22"
"ASUSE","61880_12","21.02.2022 17:19:36","21.02.2022 17:19:39"
"ASUSE","61759_1","21.02.2022 17:19:54","21.02.2022 17:19:54"
"ASUSE","61880-9-all","21.02.2022 17:39:03","21.02.2022 17:39:04"
"ASUSE","61880-9-all","21.02.2022 17:39:19","21.02.2022 17:39:21"
"ASUSE","61880-9-IIÀ","21.02.2022 17:39:34","21.02.2022 17:39:35"
"ASUSE","61880-9-IIÀ","21.02.2022 17:39:50","21.02.2022 17:39:52"
"ASUSE","61880-9-IIÁ","21.02.2022 17:40:00","21.02.2022 17:40:01"
"YUDOR001","61759_1","21.02.2022 19:56:22","21.02.2022 19:56:23"
"YUDOR001","61880_15","21.02.2022 20:04:57","21.02.2022 20:04:57"
"YUDOR001","61880_2","21.02.2022 20:05:17","21.02.2022 20:05:17"
"YUDOR001","61880-9-all","21.02.2022 20:06:17","21.02.2022 20:06:17"
"YUDOR001","61880_12","21.02.2022 20:08:09","21.02.2022 20:08:12"
"YUDOR001","61880_14","21.02.2022 20:08:43",
"YUDOR001","61880_2","22.02.2022 7:24:14","22.02.2022 7:24:15"
"OKOK006","61880_14","22.02.2022 11:12:34",
"ASUSE","61880_14","22.02.2022 11:40:43",
"YUDOR001","61880_14","22.02.2022 13:47:25","22.02.2022 13:47:28"
"ASUSE","61880_14","22.02.2022 13:50:18","22.02.2022 13:50:20"
"YUDOR001","61880_12","22.02.2022 13:52:33","22.02.2022 13:52:36"
"YUDOR001","61880_2","22.02.2022 13:54:11","22.02.2022 13:54:12"
"ASUSE","61880_2","22.02.2022 23:37:52","22.02.2022 23:37:53"
"ASUSE","61880_2","22.02.2022 23:45:15","22.02.2022 23:45:16"
"ASUSE","61880_2","22.02.2022 23:46:20","22.02.2022 23:46:21"
"ASUSE","61880_2","22.02.2022 23:53:37","22.02.2022 23:53:37"
"ASUSE","61880_2","22.02.2022 23:55:31","22.02.2022 23:55:32"
"ASUSE","61880_2","22.02.2022 23:56:04","22.02.2022 23:56:05"
"ASUSE","61880_2","23.02.2022 0:05:30","23.02.2022 0:05:31"
"YUDOR001","61880_8","24.02.2022 7:52:44","24.02.2022 7:52:44"
"YUDOR001","61880_8","24.02.2022 7:52:54","24.02.2022 7:52:55"
"YUDOR001","61880_8","24.02.2022 7:57:32","24.02.2022 7:57:33"
"YUDOR001","61880_8","24.02.2022 7:58:28","24.02.2022 7:58:28"
"ASUSE","61880_12","22.02.2022 15:31:49","22.02.2022 15:31:52"
"ASUSE","61880_12","22.02.2022 15:33:01","22.02.2022 15:33:02"
"ASUSE","61880_12","22.02.2022 15:36:42","22.02.2022 15:36:44"
"ASUSE","61880_12","22.02.2022 15:38:30","22.02.2022 15:38:31"
"ASUSE","61880_12","22.02.2022 15:28:48","22.02.2022 15:28:49"
"ASUSE","61880_14","22.02.2022 15:36:33","22.02.2022 15:36:33"
"ASUSE","61880_12","22.02.2022 15:45:15","22.02.2022 15:45:19"
"ASUSE","61880_12","22.02.2022 15:46:05","22.02.2022 15:46:07"
"ASUSE","61880_12","22.02.2022 15:46:22","22.02.2022 15:46:23"
"ASUSE","61880_2","22.02.2022 23:39:18","22.02.2022 23:39:19"
"ASUSE","61880_2","22.02.2022 23:49:18","22.02.2022 23:49:19"
"ASUSE","61880_2","22.02.2022 23:49:37","22.02.2022 23:49:37"
"ASUSE","61880_2","23.02.2022 0:05:55","23.02.2022 0:05:56"
"ASUSE","61880_2","23.02.2022 0:14:14","23.02.2022 0:14:15"
"ASUSE","61880_2","23.02.2022 0:14:58","23.02.2022 0:14:59"
"ASUSE","61880_2","23.02.2022 0:23:20","23.02.2022 0:23:21"
"YUDOR001","61880_2","23.02.2022 14:12:21","23.02.2022 14:12:22"
"YUDOR001","61759_1","23.02.2022 14:43:21","23.02.2022 14:43:22"
"YUDOR001","61880_8","24.02.2022 6:56:56","24.02.2022 6:56:56"
"YUDOR001","61880_8","24.02.2022 7:52:25","24.02.2022 7:52:26"
"YUDOR001","61880_14","24.02.2022 11:27:05","24.02.2022 11:27:07"
"YUDOR001","61880_10","24.02.2022 12:28:00","24.02.2022 12:28:01"
"YUDOR001","61880_12","24.02.2022 12:28:48","24.02.2022 12:28:51"
"YUDOR001","61880_8","24.02.2022 12:31:28","24.02.2022 12:31:29"
"YUDOR001","61880_8","24.02.2022 12:50:13","24.02.2022 12:50:13"
"YUDOR001","61880_1","24.02.2022 15:14:57","24.02.2022 15:15:00"
"ASUSE","61880_2","24.02.2022 16:13:43","24.02.2022 16:13:47"
"ASUSE","61880_12","24.02.2022 17:42:14","24.02.2022 17:42:18"
"ASUSE","61880_2","24.02.2022 16:06:09","24.02.2022 16:06:10"
"YUDOR001","61880_15","24.02.2022 20:50:35","24.02.2022 20:50:35"
"YUDOR001","61880_7","24.02.2022 20:56:13","24.02.2022 20:56:13"
"YUDOR001","61880_3","24.02.2022 20:58:18","24.02.2022 20:58:19"
"YUDOR001","61880_8","24.02.2022 8:16:28","24.02.2022 8:16:29"
"YUDOR001","61880_8","24.02.2022 8:46:02","24.02.2022 8:46:03"
"YUDOR001","61880_8","24.02.2022 10:13:22","24.02.2022 10:13:23"
"YUDOR001","61880_8","24.02.2022 11:13:39","24.02.2022 11:13:40"
"ASUSE","61880_8","24.02.2022 22:12:02","24.02.2022 22:12:03"
"ASUSE","462359_rep","25.02.2022 11:13:34","25.02.2022 11:13:56"
"ASUSE","462359_rep_year","25.02.2022 11:14:11","25.02.2022 11:14:33"
"ASUSE","61880_8","25.02.2022 10:11:05","25.02.2022 10:11:06"
"ASUSE","61880_12","24.02.2022 21:49:15","24.02.2022 21:49:18"
"ASUSE","61880_2","24.02.2022 21:49:38","24.02.2022 21:49:39"
"ASUSE","61880_2","24.02.2022 23:09:00","24.02.2022 23:09:04"
"ASUSE","61880_2","24.02.2022 23:43:18","24.02.2022 23:43:21"
"ASUSE","61880_2","24.02.2022 23:52:28","24.02.2022 23:52:30"
"ASUSE","61880_2","24.02.2022 23:54:25","24.02.2022 23:54:26"
"YUDOR001","61880_10","25.02.2022 6:53:53","25.02.2022 6:53:53"
"YUDOR001","61880_8","25.02.2022 9:20:12","25.02.2022 9:20:12"
"ASUSE","462359_rep","25.02.2022 11:13:00","25.02.2022 11:13:21"
"ASUSE","462359_rep","25.02.2022 12:21:42","25.02.2022 12:22:01"
"ASUSE","462359_rep_year","25.02.2022 12:22:13","25.02.2022 12:22:34"
"YUDOR001","61880_11","26.02.2022 12:10:35","26.02.2022 12:10:36"
"NYAK001","61880_10","28.02.2022 12:26:18","28.02.2022 12:26:19"
"YUDOR001","61880_1","28.02.2022 14:20:37","28.02.2022 14:20:39"
"YUDOR001","61880_10","28.02.2022 14:22:17","28.02.2022 14:22:17"
"ASUSE","462359_rep","25.02.2022 12:17:11","25.02.2022 12:17:29"
"YUDOR001","61759_1","27.02.2022 18:23:39","27.02.2022 18:23:40"
"YUDOR001","61880_11","28.02.2022 14:46:12","28.02.2022 14:46:13"
"YUDOR001","61880_8","28.02.2022 14:58:30","28.02.2022 14:58:31"
"YUDOR001","61880_10","28.02.2022 16:38:15","28.02.2022 16:38:16"
"YUDOR001","61880_15","28.02.2022 18:24:37","28.02.2022 18:24:37"
"ASUSE","462359_rep_year","25.02.2022 16:34:23","25.02.2022 16:34:47"
"ASUSE","462359_rep","25.02.2022 16:41:39","25.02.2022 16:42:02"
"YUDOR001","61880_12","27.02.2022 8:57:29","27.02.2022 8:57:33"
"YUDOR001","61880_2","27.02.2022 19:00:02","27.02.2022 19:00:03"
"YUDOR001","61880_13","27.02.2022 19:00:28","27.02.2022 19:00:29"
"YUDOR001","61880_8","25.02.2022 13:12:52","25.02.2022 13:12:52"
"YUDOR001","61880_8","25.02.2022 13:44:36","25.02.2022 13:44:36"
"YUDOR001","61880_7","25.02.2022 13:45:48","25.02.2022 13:45:49"
"YUDOR001","61880_2","25.02.2022 14:36:15","25.02.2022 14:36:16"
"YUDOR001","61880_8","25.02.2022 15:38:38","25.02.2022 15:38:39"
"OKOK006","61880_10","25.02.2022 17:21:52","25.02.2022 17:21:52"
"OKOK006","61880_10","25.02.2022 17:22:59","25.02.2022 17:23:00"
"OKOK006","61880_10","25.02.2022 17:23:24","25.02.2022 17:23:24"
"YUDOR001","61880_11","26.02.2022 12:08:59","26.02.2022 12:09:00"
"NSYCH001","61880_15","03.03.2022 11:54:02","03.03.2022 11:54:02"
"NSYCH001","61880_15","03.03.2022 12:09:18","03.03.2022 12:09:18"
"ASUSE","61880_14","03.03.2022 12:17:21","03.03.2022 12:17:22"
"NSYCH001","61880_8","03.03.2022 12:27:46","03.03.2022 12:27:47"
"ASUSE","61880_10","03.03.2022 16:40:35","03.03.2022 16:40:36"
"ASUSE","61880_10","03.03.2022 16:41:31","03.03.2022 16:41:31"
"ASUSE","61880_14","03.03.2022 16:45:48","03.03.2022 16:45:50"
"ASUSE","61880-9-IIÀ","03.03.2022 16:48:44","03.03.2022 16:48:45"
"ASUSE","61880-9-IÀ","03.03.2022 16:48:49","03.03.2022 16:48:50"
"ASUSE","61880-9-IÀ","03.03.2022 16:49:02","03.03.2022 16:49:04"
"ASUSE","61880-9-IÁ","03.03.2022 16:49:08","03.03.2022 16:49:09"
"ASUSE","61880-9-IÁ","03.03.2022 16:49:27","03.03.2022 16:49:28"
"ASUSE","61880-9-all","03.03.2022 16:49:54","03.03.2022 16:49:56"
"ASUSE","61880-9-III","03.03.2022 16:50:19","03.03.2022 16:50:20"
"ASUSE","61880-9-IIÁ","03.03.2022 16:50:33","03.03.2022 16:50:34"
"ASUSE","61880_15","03.03.2022 16:55:16","03.03.2022 16:55:16"
"ASUSE","61880_12","03.03.2022 16:57:32","03.03.2022 16:57:37"
"ASUSE","61759_1","03.03.2022 17:00:46","03.03.2022 17:00:47"
"ASUSE","61759_1","03.03.2022 17:57:32","03.03.2022 17:57:32"
"ASUSE","61759_1","03.03.2022 18:01:34","03.03.2022 18:01:34"
"ASUSE","61759_1","03.03.2022 18:19:34","03.03.2022 18:19:35"
"ASUSE","61759_1","03.03.2022 18:43:48","03.03.2022 18:43:49"
"ASUSE","61880_11","03.03.2022 19:10:38","03.03.2022 19:10:39"
"ASUSE","61880_2","01.03.2022 12:07:40","01.03.2022 12:07:41"
"ASUSE","61880_2","01.03.2022 12:28:54","01.03.2022 12:28:55"
"ASUSE","61880_2","01.03.2022 12:30:46","01.03.2022 12:30:46"
"YUDOR001","61759_1","02.03.2022 12:05:39","02.03.2022 12:05:39"
"YUDOR001","61880_10","02.03.2022 12:20:25","02.03.2022 12:20:26"
"YUDOR001","61880_8","02.03.2022 13:23:18","02.03.2022 13:23:19"
"YUDOR001","61880_12","03.03.2022 11:40:51","03.03.2022 11:40:55"
"YUDOR001","61880_11","03.03.2022 11:41:36","03.03.2022 11:41:36"
"YUDOR001","61880_2","03.03.2022 11:44:00","03.03.2022 11:44:02"
"ASUSE","61880_14","03.03.2022 12:16:30","03.03.2022 12:16:30"
"NSYCH001","61880_14","03.03.2022 8:23:56","03.03.2022 8:23:58"
"NSYCH001","61880_15","03.03.2022 8:31:49","03.03.2022 8:31:49"
"NSYCH001","61880_15","03.03.2022 11:05:40","03.03.2022 11:05:40"
"NSYCH001","61880_15","03.03.2022 11:07:51","03.03.2022 11:07:51"
"ASUSE","61880_11","03.03.2022 19:12:22","03.03.2022 19:12:23"
"ASUSE","61880_8","03.03.2022 19:32:27","03.03.2022 19:32:28"
"ASUSE","61880_8","03.03.2022 19:35:14","03.03.2022 19:35:15"
"ASUSE","61880_2","03.03.2022 19:41:43","03.03.2022 19:41:44"
"NCHER","61880_14","04.03.2022 11:52:54","04.03.2022 11:52:55"
"IGRI056","61880_12","04.03.2022 9:04:50","04.03.2022 9:04:54"
"IGRI056","61880_11","04.03.2022 9:13:31","04.03.2022 9:13:32"
"IGRI056","61880_11","04.03.2022 11:08:40","04.03.2022 11:08:41"
"ASUSE","61880_8","04.03.2022 15:27:37","04.03.2022 15:27:38"
"ASUSE","61880_2","04.03.2022 17:26:34","04.03.2022 17:26:35"
"YUDOR001","61880_2","04.03.2022 8:28:46","04.03.2022 8:28:47"
"YUDOR001","61880_2","04.03.2022 8:30:28","04.03.2022 8:30:30"
"YUDOR001","61880_11","04.03.2022 8:33:00","04.03.2022 8:33:01"
"YUDOR001","61880-9-all","05.03.2022 11:27:08","05.03.2022 11:27:08"
"YUDOR001","61880-9-IIÀ","05.03.2022 11:27:38","05.03.2022 11:27:40"
"YUDOR001","61880_10","05.03.2022 11:32:35","05.03.2022 11:32:35"
"YUDOR001","61759_1","05.03.2022 12:20:55","05.03.2022 12:20:56"
"ASUSE","61880_8","04.03.2022 12:43:51","04.03.2022 12:43:52"
"ASUSE","61880_2","04.03.2022 13:18:50","04.03.2022 13:18:51"
"ASUSE","61880_8","04.03.2022 13:42:00","04.03.2022 13:42:00"
"ASUSE","61880_8","04.03.2022 14:00:44","04.03.2022 14:00:44"
"ASUSE","61880_8","04.03.2022 14:42:42","04.03.2022 14:42:42"
"VBUTOROV","462359_rep_year","07.03.2022 10:53:39","07.03.2022 10:54:34"
"VBUTOROV","462359_rep_year","07.03.2022 10:55:24","07.03.2022 10:56:24"
"ASUSE","462359_rep_year","07.03.2022 11:00:33","07.03.2022 11:01:25"
"ASUSE","462359_rep_year","07.03.2022 11:02:02","07.03.2022 11:03:00"
"YUDOR001","61880_12","05.03.2022 12:31:20","05.03.2022 12:31:24"
"YUDOR001","61880_2","05.03.2022 12:31:48","05.03.2022 12:31:50"
"YUDOR001","61880_2","05.03.2022 12:34:59","05.03.2022 12:35:00"
"YUDOR001","61880_8","05.03.2022 12:56:32","05.03.2022 12:56:33"
"YUDOR001","61759_1","05.03.2022 14:32:35","05.03.2022 14:32:35"
"ASUSE","462359_rep_year","07.03.2022 11:22:40","07.03.2022 11:23:40"
"YUDOR001","462359_rep","09.03.2022 8:04:33","09.03.2022 8:05:33"
"YUDOR001","462359_rep_year","09.03.2022 8:06:23","09.03.2022 8:07:29"
"YUDOR001","462359_rep","09.03.2022 8:11:37","09.03.2022 8:12:40"
"ASUSE","462359_rep","09.03.2022 9:13:44","09.03.2022 9:14:49"
"ASUSE","462359_rep","09.03.2022 10:43:15","09.03.2022 10:44:17"
"YUDOR001","462359_rep_year","09.03.2022 11:43:11","09.03.2022 11:44:22"
"ASUSE","462361","09.03.2022 11:44:10","09.03.2022 11:44:11"
"ASUSE","462361","09.03.2022 11:44:57","09.03.2022 11:44:58"
"ASUSE","462359_rep_year","09.03.2022 11:46:08","09.03.2022 11:47:10"
"ASUSE","462359_rep_year","09.03.2022 11:52:11","09.03.2022 11:53:09"
"ASUSE","462359_rep_year","09.03.2022 11:59:22","09.03.2022 12:00:22"
"ASUSE","462359_rep_year","09.03.2022 12:07:37","09.03.2022 12:08:45"
"ASUSE","462359_rep_year","09.03.2022 12:15:40","09.03.2022 12:16:42"
"ASUSE","462359_rep_year","09.03.2022 12:38:46","09.03.2022 12:39:50"
"YUDOR001","61880_2","09.03.2022 12:50:41","09.03.2022 12:50:43"
"ASUSE","462359_rep_year","09.03.2022 10:49:31","09.03.2022 10:50:42"
"ASUSE","462359_rep","09.03.2022 10:58:13","09.03.2022 10:59:16"
"ASUSE","462359_rep","09.03.2022 11:20:31","09.03.2022 11:21:31"
"ASUSE","462359_rep","09.03.2022 11:22:10","09.03.2022 11:23:11"
"ASUSE","462359_rep","09.03.2022 11:23:31","09.03.2022 11:24:30"
"ASUSE","462359_rep","09.03.2022 11:24:55","09.03.2022 11:25:53"
"ASUSE","462359_rep","09.03.2022 11:26:47","09.03.2022 11:27:43"
"ASUSE","462359_rep_year","09.03.2022 11:30:06","09.03.2022 11:31:07"
"ASUSE","61880_12","09.03.2022 13:57:38","09.03.2022 13:57:42"
"ASUSE","462359_rep_year","09.03.2022 14:01:53","09.03.2022 14:02:51"
"ASUSE","462359_rep_year","09.03.2022 14:06:19","09.03.2022 14:07:15"
"ASUSE","462359_rep_year","09.03.2022 14:13:17","09.03.2022 14:14:18"
"ASUSE","462359_rep_year","09.03.2022 13:35:03","09.03.2022 13:35:57"
"ASUSE","462359_rep_year","09.03.2022 14:16:49","09.03.2022 14:17:45"
"ASUSE","462359_rep_year","09.03.2022 14:18:57","09.03.2022 14:19:55"
"ASUSE","462359_rep_year","09.03.2022 14:20:41","09.03.2022 14:21:39"
"YUDOR001","61880_13","09.03.2022 12:54:00","09.03.2022 12:54:01"
"ASUSE","462359_rep_year","09.03.2022 14:24:06","09.03.2022 14:25:03"
"ASUSE","462359_rep_year","09.03.2022 14:29:59","09.03.2022 14:30:55"
"ASUSE","462359_rep_year","09.03.2022 14:37:34","09.03.2022 14:38:29"
"ASUSE","462359_rep_year","09.03.2022 14:45:09","09.03.2022 14:46:05"
"ASUSE","462359_rep_year","09.03.2022 13:06:21","09.03.2022 13:07:24"
"ASUSE","462359_rep_year","09.03.2022 13:08:02","09.03.2022 13:09:01"
"ASUSE","462359_rep_year","09.03.2022 13:39:50","09.03.2022 13:40:57"
"ASUSE","462359_rep_year","09.03.2022 13:50:45","09.03.2022 13:51:42"
"ASUSE","462359_rep_year","09.03.2022 16:06:21","09.03.2022 16:07:15"
"ASUSE","462359_rep_year","09.03.2022 17:01:47","09.03.2022 17:02:40"
"ASUSE","462359_rep","09.03.2022 17:47:38","09.03.2022 17:48:31"
"ASUSE","462359_rep","09.03.2022 17:49:04","09.03.2022 17:49:59"
"ASUSE","462359_rep","09.03.2022 17:54:15","09.03.2022 17:55:11"
"ASUSE","462359_rep","09.03.2022 18:10:58","09.03.2022 18:11:53"
"ASUSE","462359_rep_year","09.03.2022 14:46:52","09.03.2022 14:47:48"
"ASUSE","462359_rep_year","09.03.2022 14:47:33","09.03.2022 14:48:26"
"ASUSE","462359_rep_year","09.03.2022 15:47:27","09.03.2022 15:48:29"
"ASUSE","462359_rep_year","09.03.2022 15:49:23","09.03.2022 15:50:27"
"ASUSE","462359_rep_year","09.03.2022 15:51:14","09.03.2022 15:52:13"
"YUDOR001","462359_rep_year","09.03.2022 15:55:19","09.03.2022 15:56:17"
"YUDOR001","61880_2","14.03.2022 10:13:51","14.03.2022 10:13:52"
"ASUSE","61880_14","16.03.2022 14:47:54","16.03.2022 14:47:55"
"NCHER","61880_12","21.03.2022 8:43:31","21.03.2022 8:43:35"
"NCHER","61880_12","21.03.2022 10:50:36","21.03.2022 10:50:40"
"NCHER","61880_12","21.03.2022 12:35:30","21.03.2022 12:35:34"
"ASUSE","61880_14","17.03.2022 11:57:36","17.03.2022 11:57:37"
"ASUSE","61880_14","17.03.2022 11:59:01","17.03.2022 11:59:02"
"ASUSE","61880_14","17.03.2022 12:05:56","17.03.2022 12:05:57"
"ASUSE","61880_14","17.03.2022 12:10:11","17.03.2022 12:10:12"
"ASUSE","61880_10","17.03.2022 12:15:50","17.03.2022 12:15:50"
"ASUSE","61880_10","17.03.2022 12:16:04","17.03.2022 12:16:04"
"ASUSE","61880_10","17.03.2022 12:24:22","17.03.2022 12:24:22"
"ASUSE","61880_10","17.03.2022 12:35:07","17.03.2022 12:35:08"
"ASUSE","61880_12","17.03.2022 12:42:34","17.03.2022 12:42:38"
"ASUSE","61880_12","17.03.2022 12:48:45","17.03.2022 12:48:47"
"ASUSE","61759_1","18.03.2022 12:10:21","18.03.2022 12:10:22"
"IGRI056","61880_12","24.03.2022 10:42:39","24.03.2022 10:42:43"
"IGRI056","61759_1","24.03.2022 10:44:52","24.03.2022 10:44:52"
"ASUSE","61880_12","15.03.2022 17:56:22","15.03.2022 17:56:26"
"ASUSE","61880_10","15.03.2022 18:03:56","15.03.2022 18:03:57"
"ASUSE","61880_10","15.03.2022 18:04:17","15.03.2022 18:04:17"
"ASUSE","61880_10","15.03.2022 18:04:32","15.03.2022 18:04:32"
"ASUSE","61880_10","15.03.2022 18:04:42","15.03.2022 18:04:43"
"ASUSE","61880_10","15.03.2022 18:04:53","15.03.2022 18:04:53"
"ASUSE","61880_10","15.03.2022 18:11:54","15.03.2022 18:11:54"
"ASUSE","61880_10","15.03.2022 18:26:08","15.03.2022 18:26:09"
"ASUSE","61880_14","15.03.2022 18:28:18","15.03.2022 18:28:19"
"ASUSE","61880-9-all","15.03.2022 19:19:07","15.03.2022 19:19:07"
"ASUSE","61880-9-III","15.03.2022 19:19:48","15.03.2022 19:19:48"
"ASUSE","61880_19","28.03.2022 12:02:58","28.03.2022 12:02:59"
"ASUSE","61880_19","28.03.2022 12:09:14","28.03.2022 12:09:15"
"ASUSE","61759_1","28.03.2022 12:10:26","28.03.2022 12:10:26"
"ASUSE","61880_19","28.03.2022 12:18:41","28.03.2022 12:18:42"
"OKOK006","61880_18","04.04.2022 9:44:47","04.04.2022 9:44:47"
"OKOK006","61880_19","04.04.2022 9:45:13","04.04.2022 9:45:14"
"OKOK006","61880_18","04.04.2022 10:01:36","04.04.2022 10:01:37"
"YUDOR001","61880_2","04.04.2022 11:24:35","04.04.2022 11:24:36"
"OKOK006","61880_18","04.04.2022 11:38:11","04.04.2022 11:38:12"
"OKOK006","61880_18","04.04.2022 11:52:40","04.04.2022 11:52:41"
"APAR006","61880_2","14.03.2022 10:03:13","14.03.2022 10:03:15"
"LGAD001","61880_19","29.03.2022 7:06:41","29.03.2022 7:06:42"
"LGAD001","61880_2","29.03.2022 7:32:37","29.03.2022 7:32:39"
"LGAD001","61880_11","29.03.2022 7:53:30","29.03.2022 7:53:30"
"LGAD001","61880_8","29.03.2022 7:55:25","29.03.2022 7:55:26"
"LGAD001","61880_2","29.03.2022 8:28:34","29.03.2022 8:28:35"
"LGAD001","61880_2","29.03.2022 9:01:08","29.03.2022 9:01:09"
"LGAD001","61880_2","29.03.2022 10:57:45","29.03.2022 10:57:46"
"YUDOR001","61880_18","29.03.2022 14:12:00","29.03.2022 14:12:01"
"NCHER","61880_12","17.03.2022 18:03:30","17.03.2022 18:03:34"
"YUDOR001","61880_2","17.03.2022 18:11:37","17.03.2022 18:11:38"
"YUDOR001","61880_2","17.03.2022 18:12:41","17.03.2022 18:12:41"
"YUDOR001","61880_2","17.03.2022 18:13:03","17.03.2022 18:13:04"
"NCHER","61880_12","21.03.2022 19:16:28","21.03.2022 19:16:32"
"ASUSE","61880_18","23.03.2022 9:11:51","23.03.2022 9:11:52"
"YUDOR001","61759_1","18.03.2022 15:11:30","18.03.2022 15:11:31"
"IGRI056","61880_12","24.03.2022 11:36:01","24.03.2022 11:36:03"
"YUDOR001","61880-17-data-r1","24.03.2022 14:15:24","24.03.2022 14:15:25"
"YUDOR001","61880_10","24.03.2022 14:19:14","24.03.2022 14:19:14"
"YUDOR001","61880_10","24.03.2022 14:20:06","24.03.2022 14:20:07"
"YUDOR001","61880_12","24.03.2022 14:25:30","24.03.2022 14:25:35"
"YUDOR001","61880_10","24.03.2022 14:30:45","24.03.2022 14:30:45"
"YUDOR001","61880_2","24.03.2022 14:33:48","24.03.2022 14:33:50"
"YUDOR001","61880_12","24.03.2022 14:47:50","24.03.2022 14:47:54"
"NSYCH001","61759_1","14.03.2022 7:43:31","14.03.2022 7:43:31"
"NSYCH001","61759_1","14.03.2022 8:21:09","14.03.2022 8:21:10"
"NCHER","61880_7","22.03.2022 11:18:43","22.03.2022 11:18:44"
"OKOK006","61880_11","04.04.2022 11:54:19","04.04.2022 11:54:20"
"OKOK006","61880_2","04.04.2022 11:57:07","04.04.2022 11:57:08"
"OKOK006","61880_11","04.04.2022 13:28:12","04.04.2022 13:28:13"
"OKOK006","61880_2","04.04.2022 13:28:35","04.04.2022 13:28:36"
"OKOK006","61880_2","04.04.2022 13:28:47","04.04.2022 13:28:48"
"OKOK006","61880_8","04.04.2022 13:29:27","04.04.2022 13:29:28"
"NSYCH001","61880_19","05.04.2022 7:56:50","05.04.2022 7:56:51"
"NSYCH001","61880_19","05.04.2022 10:22:26","05.04.2022 10:22:26"
"NSYCH001","61759_1","05.04.2022 10:24:41","05.04.2022 10:24:41"
"ASUSE","61880_19","05.04.2022 12:20:06","05.04.2022 12:20:07"
"NSYCH001","61880_19","05.04.2022 12:29:41","05.04.2022 12:29:42"
"NYAK001","61880_14","05.04.2022 12:55:46","05.04.2022 12:55:48"
"NYAK001","61880_14","05.04.2022 13:32:31","05.04.2022 13:32:33"
"NYAK001","61880_14","05.04.2022 13:35:58","05.04.2022 13:36:00"
"NYAK001","61880_14","05.04.2022 13:37:13","05.04.2022 13:37:15"
"NYAK001","61880_14","05.04.2022 13:44:28","05.04.2022 13:44:30"
"NYAK001","61880_14","05.04.2022 13:48:02","05.04.2022 13:48:03"
"NSYCH001","61880_19","05.04.2022 13:53:24","05.04.2022 13:53:25"
"NYAK001","61880_14","05.04.2022 13:55:17","05.04.2022 13:55:18"
"NYAK001","61880_14","05.04.2022 13:56:26","05.04.2022 13:56:28"
"ASUSE","61880_17","05.04.2022 21:31:18","05.04.2022 21:31:19"
"YUDOR001","61880_18","29.03.2022 14:15:45","29.03.2022 14:15:46"
"YUDOR001","61880_18","29.03.2022 14:26:51","29.03.2022 14:26:52"
"OKOK006","61880_14","29.03.2022 16:52:23","29.03.2022 16:52:25"
"LGAD001","61880_2","30.03.2022 8:38:08","30.03.2022 8:38:10"
"LGAD001","61880_2","30.03.2022 8:45:51","30.03.2022 8:45:52"
"LGAD001","61880_2","30.03.2022 9:16:35","30.03.2022 9:16:36"
"LGAD001","61880_2","30.03.2022 9:34:20","30.03.2022 9:34:21"
"NSYCH001","61880-17-data-r1","30.03.2022 10:02:10","30.03.2022 10:02:11"
"NSYCH001","61880-9-all","30.03.2022 10:39:29","30.03.2022 10:39:29"
"NSYCH001","61759_1","30.03.2022 11:43:05","30.03.2022 11:43:05"
"NSYCH001","61880-9-all","30.03.2022 13:15:14","30.03.2022 13:15:14"
"NSYCH001","61880-9-IÀ","30.03.2022 13:24:15","30.03.2022 13:24:16"
"NSYCH001","61880-9-IÀ","30.03.2022 13:24:48","30.03.2022 13:24:49"
"NSYCH001","61880-9-IÁ","30.03.2022 13:25:46","30.03.2022 13:25:48"
"NSYCH001","61880-9-IÁ","30.03.2022 13:26:37","30.03.2022 13:26:38"
"NSYCH001","61880-9-IIÀ","30.03.2022 14:17:58","30.03.2022 14:17:59"
"NSYCH001","61880-9-IIÀ","30.03.2022 14:18:38","30.03.2022 14:18:39"
"NSYCH001","61880-9-IIÀ","30.03.2022 14:18:41","30.03.2022 14:18:42"
"NSYCH001","61880-9-IIÀ","30.03.2022 14:18:57","30.03.2022 14:18:58"
"NSYCH001","61880-9-IIÀ","30.03.2022 14:19:27","30.03.2022 14:19:28"
"NSYCH001","61880-9-IIÁ","30.03.2022 14:23:14","30.03.2022 14:23:16"
"NSYCH001","61880-9-IIÁ","30.03.2022 14:23:46","30.03.2022 14:23:47"
"NSYCH001","61880-9-III","30.03.2022 14:24:50","30.03.2022 14:24:50"
"NSYCH001","61880-9-III","30.03.2022 14:25:36","30.03.2022 14:25:36"
"NSYCH001","61880-9-III","30.03.2022 14:25:40","30.03.2022 14:25:40"
"NSYCH001","61880-17-data-r1","30.03.2022 14:27:24","30.03.2022 14:27:25"
"NSYCH001","61880-17-data-r1","30.03.2022 14:28:06","30.03.2022 14:28:07"
"LGAD001","61880_2","31.03.2022 8:10:30","31.03.2022 8:10:32"
"LGAD001","61880_2","31.03.2022 9:00:20","31.03.2022 9:00:21"
"YUDOR001","61880_10","31.03.2022 14:16:09","31.03.2022 14:16:10"
"YUDOR001","61880_10","31.03.2022 14:16:50","31.03.2022 14:16:51"
"ASUSE","61880_18","23.03.2022 9:12:51","23.03.2022 9:12:52"
"ASUSE","61880_19","28.03.2022 12:20:25","28.03.2022 12:20:26"
"ASUSE","61880_18","31.03.2022 18:00:59","31.03.2022 18:00:59"
"ASUSE","61880_18","31.03.2022 18:01:05","31.03.2022 18:01:06"
"YUDOR001","61880_2","17.03.2022 16:52:32","17.03.2022 16:52:33"
"NSYCH001","61880_2","21.03.2022 15:21:34","21.03.2022 15:21:35"
"YUDOR001","61880_11","24.03.2022 14:49:23","24.03.2022 14:49:24"
"YUDOR001","61880_8","24.03.2022 14:51:01","24.03.2022 14:51:03"
"YUDOR001","61880_8","24.03.2022 15:26:25","24.03.2022 15:26:26"
"YUDOR001","462359_rep","11.03.2022 10:37:13","11.03.2022 10:38:05"
"YUDOR001","61880_15","11.03.2022 10:38:58","11.03.2022 10:38:58"
"YUDOR001","61880_2","11.03.2022 10:39:32","11.03.2022 10:39:34"
"YUDOR001","61880_13","11.03.2022 11:33:07","11.03.2022 11:33:08"
"YUDOR001","61880_12","11.03.2022 11:34:04","11.03.2022 11:34:07"
"YUDOR001","61880_2","11.03.2022 12:08:33","11.03.2022 12:08:34"
"YUDOR001","462359_rep_year","11.03.2022 12:36:59","11.03.2022 12:37:59"
"YUDOR001","61880_14","16.03.2022 14:11:14","16.03.2022 14:11:15"
"YUDOR001","61880_14","16.03.2022 14:35:08","16.03.2022 14:35:10"
"YUDOR001","61880_12","31.03.2022 14:21:38","31.03.2022 14:21:42"
"YUDOR001","61880_12","31.03.2022 14:22:48","31.03.2022 14:22:49"
"YUDOR001","61880_11","31.03.2022 14:24:23","31.03.2022 14:24:24"
"ASUSE","61880_18","31.03.2022 18:01:31","31.03.2022 18:01:32"
"ASUSE","61880_18","31.03.2022 18:02:05","31.03.2022 18:02:06"
"LGAD001","61880_2","01.04.2022 7:37:11","01.04.2022 7:37:12"
"LGAD001","61880_2","01.04.2022 8:53:07","01.04.2022 8:53:09"
"LGAD001","61880_2","04.04.2022 8:33:57","04.04.2022 8:33:59"
"LGAD001","61880_7","04.04.2022 9:34:37","04.04.2022 9:34:38"
"ASUSE","61880_8","04.04.2022 16:17:06","04.04.2022 16:17:07"
"ASUSE","61880_18","29.03.2022 12:45:09","29.03.2022 12:45:10"
"ASUSE","61759_1","29.03.2022 12:45:26","29.03.2022 12:45:27"
"ASUSE","61880_18","29.03.2022 13:05:47","29.03.2022 13:05:48"
"ASUSE","61880_18","29.03.2022 13:09:52","29.03.2022 13:09:53"
"YUDOR001","61880_14","16.03.2022 14:35:32","16.03.2022 14:35:34"
"YUDOR001","61880_12","16.03.2022 14:43:16","16.03.2022 14:43:20"
"YUDOR001","61880_12","16.03.2022 14:55:49","16.03.2022 14:55:50"
"YUDOR001","61880_10","16.03.2022 16:05:20","16.03.2022 16:05:20"
"YUDOR001","61880_10","16.03.2022 16:05:42","16.03.2022 16:05:42"
"YUDOR001","462359_rep_year","17.03.2022 8:10:13","17.03.2022 8:11:08"
"ASUSE","462359_rep_year","10.03.2022 9:43:44","10.03.2022 9:44:39"
"ASUSE","462359_rep","10.03.2022 9:53:48","10.03.2022 9:54:44"
"ASUSE","61880_14","16.03.2022 13:53:05","16.03.2022 13:53:06"
"ASUSE","61880_12","16.03.2022 13:53:59","16.03.2022 13:54:02"
"ASUSE","61880_18","29.03.2022 10:53:20","29.03.2022 10:53:21"
"ASUSE","61759_1","29.03.2022 10:54:07","29.03.2022 10:54:08"
"ASUSE","61880_18","29.03.2022 10:57:30","29.03.2022 10:57:31"
"ASUSE","61759_1","29.03.2022 11:01:34","29.03.2022 11:01:35"
"ASUSE","61880_18","29.03.2022 11:19:56","29.03.2022 11:19:58"
"IGRI056","61880_11","17.03.2022 8:49:56","17.03.2022 8:49:57"
"ASUSE","61880_18","29.03.2022 13:10:01","29.03.2022 13:10:02"
"ASUSE","61880_18","29.03.2022 13:10:20","29.03.2022 13:10:22"
"NCHER","61880_12","17.03.2022 10:02:27","17.03.2022 10:02:31"
"NCHER","61880_12","17.03.2022 10:37:04","17.03.2022 10:37:08"
"YUDOR001","462359_rep_year","17.03.2022 11:55:12","17.03.2022 11:56:15"
"LGAD001","61880_2","25.03.2022 11:19:05","25.03.2022 11:19:06"
"LGAD001","61880_2","25.03.2022 11:22:54","25.03.2022 11:22:56"
"ASUSE","61880_10","31.03.2022 22:42:59","31.03.2022 22:42:59"
"ASUSE","61880_10","31.03.2022 22:43:30","31.03.2022 22:43:31"
"ASUSE","61880_10","31.03.2022 22:43:57","31.03.2022 22:43:58"
"ASUSE","61880_10","31.03.2022 22:44:17","31.03.2022 22:44:18"
"ASUSE","61880_10","31.03.2022 22:44:56","31.03.2022 22:44:57"
"NSYCH001","61880_10","01.04.2022 7:14:44","01.04.2022 7:14:45"
"NSYCH001","61880_10","01.04.2022 7:19:20","01.04.2022 7:19:21"
"NSYCH001","61880_10","01.04.2022 7:20:02","01.04.2022 7:20:03"
"NSYCH001","61880_10","01.04.2022 7:20:38","01.04.2022 7:20:39"
"NSYCH001","61880_10","01.04.2022 7:21:51","01.04.2022 7:21:51"
"NSYCH001","61880_10","01.04.2022 7:22:32","01.04.2022 7:22:32"
"ASUSE","61880-9-all","16.03.2022 13:43:39","16.03.2022 13:43:40"
"ASUSE","61880_12","16.03.2022 13:54:30","16.03.2022 13:54:31"
"ASUSE","61880_14","16.03.2022 14:42:17","16.03.2022 14:42:19"
"ASUSE","61880_12","16.03.2022 15:38:45","16.03.2022 15:38:47"
"ASUSE","61880_12","16.03.2022 15:40:57","16.03.2022 15:41:01"
"ASUSE","61880_18","29.03.2022 11:22:27","29.03.2022 11:22:28"
"LGAD001","61880_2","01.04.2022 9:11:26","01.04.2022 9:11:28"
"LGAD001","61880_2","01.04.2022 9:22:44","01.04.2022 9:22:45"
"NSYCH001","61880_8","04.04.2022 16:17:09","04.04.2022 16:17:09"
"NSYCH001","61880_19","04.04.2022 16:20:43","04.04.2022 16:20:44"
"ASUSE","61880_19","04.04.2022 16:20:45","04.04.2022 16:20:46"
"IMOS002","61759_1","04.04.2022 16:21:33","04.04.2022 16:21:34"
"IMOS002","61880_2","04.04.2022 16:23:22","04.04.2022 16:23:24"
"IMOS002","61759_1","04.04.2022 16:29:36","04.04.2022 16:29:37"
"IMOS002","61759_1","04.04.2022 17:12:32","04.04.2022 17:12:33"
"IMOS002","61880_2","04.04.2022 17:14:01","04.04.2022 17:14:03"
"IMOS002","61880_2","04.04.2022 17:14:15","04.04.2022 17:14:16"
"IMOS002","61880_11","04.04.2022 17:52:02","04.04.2022 17:52:03"
"NCHER","61880_12","15.03.2022 9:30:10","15.03.2022 9:30:14"
"ASUSE","462359_rep","17.03.2022 9:34:58","17.03.2022 9:35:53"
"ASUSE","462359_rep","17.03.2022 9:56:43","17.03.2022 9:57:46"
"ASUSE","462359_rep_year","17.03.2022 10:21:49","17.03.2022 10:22:54"
"NSYCH001","61880_11","01.04.2022 9:17:48","01.04.2022 9:17:49"
"NSYCH001","61880_8","01.04.2022 9:28:12","01.04.2022 9:28:13"
"NSYCH001","61880_8","01.04.2022 9:28:35","01.04.2022 9:28:36"
"NSYCH001","61880_2","01.04.2022 9:30:01","01.04.2022 9:30:02"
"NSYCH001","61880_2","01.04.2022 9:41:17","01.04.2022 9:41:18"
"ASUSE","61880_12","16.03.2022 15:52:38","16.03.2022 15:52:39"
"YUDOR001","61880-9-IÀ","17.03.2022 14:09:12","17.03.2022 14:09:14"
"YUDOR001","61880-9-IÀ","17.03.2022 14:21:49","17.03.2022 14:21:51"
"YUDOR001","61880-9-IÀ","17.03.2022 14:22:11","17.03.2022 14:22:12"
"YUDOR001","61880-9-IÀ","17.03.2022 14:22:50","17.03.2022 14:22:52"
"YUDOR001","61880-9-IÀ","17.03.2022 14:23:32","17.03.2022 14:23:34"
"YUDOR001","61880-9-IIÀ","17.03.2022 14:24:13","17.03.2022 14:24:14"
"YUDOR001","61880-9-IIÀ","17.03.2022 14:24:44","17.03.2022 14:24:45"
"YUDOR001","61880-9-IÀ","17.03.2022 14:25:12","17.03.2022 14:25:21"
"YUDOR001","61880-9-III","17.03.2022 14:26:09","17.03.2022 14:26:09"
"YUDOR001","61880-9-IIÁ","17.03.2022 14:27:15","17.03.2022 14:27:16"
"YUDOR001","61880-9-IIÁ","17.03.2022 14:27:18","17.03.2022 14:27:19"
"YUDOR001","61880-9-IÀ","17.03.2022 14:29:34","17.03.2022 14:29:43"
"YUDOR001","61880_15","17.03.2022 14:32:24","17.03.2022 14:32:24"
"YUDOR001","61880_11","17.03.2022 14:38:17","17.03.2022 14:38:18"
"YUDOR001","61880_8","17.03.2022 14:43:03","17.03.2022 14:43:04"
"NSYCH001","61880_14","22.03.2022 9:18:40","22.03.2022 9:18:42"
"NSYCH001","61880_14","22.03.2022 9:23:20","22.03.2022 9:23:22"
"NSYCH001","61880_14","22.03.2022 9:24:26","22.03.2022 9:24:29"
"NSYCH001","61880_14","22.03.2022 9:29:36","22.03.2022 9:29:38"
"NSYCH001","61880_14","22.03.2022 9:30:52","22.03.2022 9:30:54"
"NSYCH001","61880_14","22.03.2022 9:37:47","22.03.2022 9:37:50"
"NSYCH001","61880_14","22.03.2022 9:40:44","22.03.2022 9:40:47"
"NSYCH001","462359_rep_year","22.03.2022 19:19:08","22.03.2022 19:20:17"
"NSYCH001","61880_15","22.03.2022 21:47:32","22.03.2022 21:47:32"
"ASUSE","61880-17-data-r1","24.03.2022 9:54:26","24.03.2022 9:54:27"
"ASUSE","61880_13","24.03.2022 17:50:38","24.03.2022 17:50:39"
"IMOS002","61880_11","04.04.2022 17:55:10","04.04.2022 17:55:11"
"LGAD001","61880_2","05.04.2022 7:16:54","05.04.2022 7:16:55"
"VSHAP001","61880_2","05.04.2022 8:25:58","05.04.2022 8:26:00"
"VSHAP001","61759_1","05.04.2022 8:33:42","05.04.2022 8:33:43"
"LGAD001","61880_19","05.04.2022 9:05:42","05.04.2022 9:05:42"
"LGAD001","61880_8","05.04.2022 9:11:01","05.04.2022 9:11:02"
"LGAD001","61880_2","05.04.2022 9:18:17","05.04.2022 9:18:17"
"VSHAP001","61880_2","05.04.2022 9:35:17","05.04.2022 9:35:18"
"LGAD001","61880_19","05.04.2022 9:46:47","05.04.2022 9:46:48"
"LGAD001","61880_19","05.04.2022 9:50:45","05.04.2022 9:50:45"
"NSYCH001","61880_14","16.03.2022 14:09:19","16.03.2022 14:09:21"
"ASUSE","462359_rep_year","17.03.2022 10:24:08","17.03.2022 10:25:08"
"ASUSE","462359_rep_year","17.03.2022 10:27:10","17.03.2022 10:28:09"
"ASUSE","462359_rep_year","17.03.2022 10:58:00","17.03.2022 10:58:59"
"ASUSE","462359_rep_year","17.03.2022 11:01:04","17.03.2022 11:02:04"
"YUDOR001","61880_12","15.03.2022 10:25:59","15.03.2022 10:26:02"
"YUDOR001","61880_11","15.03.2022 10:30:17","15.03.2022 10:30:18"
"YUDOR001","61880_13","15.03.2022 10:36:53","15.03.2022 10:36:54"
"YUDOR001","61880_2","15.03.2022 11:15:11","15.03.2022 11:15:12"
"YUDOR001","61880_11","15.03.2022 11:15:56","15.03.2022 11:15:57"
"YUDOR001","61880_8","17.03.2022 14:46:28","17.03.2022 14:46:29"
"YUDOR001","61880_2","17.03.2022 14:50:11","17.03.2022 14:50:12"
"YUDOR001","61759_1","17.03.2022 15:00:04","17.03.2022 15:00:05"
"YUDOR001","61880_10","17.03.2022 15:07:55","17.03.2022 15:07:56"
"YUDOR001","61880-9-all","17.03.2022 15:15:37","17.03.2022 15:15:39"
"YUDOR001","61880-9-IÀ","17.03.2022 15:20:01","17.03.2022 15:20:08"
"YUDOR001","61880_12","17.03.2022 15:52:03","17.03.2022 15:52:07"
"YUDOR001","61880_13","17.03.2022 15:52:34","17.03.2022 15:52:34"
"YUDOR001","61880_10","17.03.2022 15:59:09","17.03.2022 15:59:10"
"YUDOR001","61880_7","17.03.2022 16:02:17","17.03.2022 16:02:18"
"YUDOR001","61880_7","17.03.2022 16:02:37","17.03.2022 16:02:38"
"YUDOR001","61880_2","17.03.2022 16:04:51","17.03.2022 16:04:52"
"YUDOR001","61880_2","17.03.2022 16:41:52","17.03.2022 16:41:53"
"YUDOR001","61880_2","17.03.2022 16:43:04","17.03.2022 16:43:05"
"ASUSE","61880_10","17.03.2022 16:52:52","17.03.2022 16:52:53"
"ASUSE","61880_10","17.03.2022 16:53:32","17.03.2022 16:53:32"
"NSYCH001","61880_12","16.03.2022 8:40:10","16.03.2022 8:40:15"
"NSYCH001","61880_13","16.03.2022 8:41:40","16.03.2022 8:41:41"
"NCHER","61880_2","04.04.2022 10:58:58","04.04.2022 10:58:59"
"LGAD001","61880_8","05.04.2022 9:52:08","05.04.2022 9:52:09"
"LGAD001","61880_2","05.04.2022 9:56:47","05.04.2022 9:56:48"
"LGAD001","61880_19","05.04.2022 10:02:49","05.04.2022 10:02:49"
"VSHAP001","61880_19","05.04.2022 13:18:07","05.04.2022 13:18:08"
"VSHAP001","61880_2","05.04.2022 13:41:48","05.04.2022 13:41:49"
"TNIK008","61880_2","06.04.2022 10:16:41","06.04.2022 10:16:42"
"ASUSE","462359_rep","17.03.2022 11:19:34","17.03.2022 11:20:33"
"ASUSE","462359_rep_year","17.03.2022 11:34:01","17.03.2022 11:35:01"
"ASUSE","462359_rep","17.03.2022 11:35:43","17.03.2022 11:36:42"
"ASUSE","462359_rep","17.03.2022 11:43:50","17.03.2022 11:44:50"
"YUDOR001","61880_12","15.03.2022 11:58:29","15.03.2022 11:58:32"
"YUDOR001","61880_12","15.03.2022 11:59:55","15.03.2022 11:59:56"
"YUDOR001","61880_2","15.03.2022 12:02:52","15.03.2022 12:02:53"
"YUDOR001","61880-9-all","15.03.2022 13:14:53","15.03.2022 13:14:53"
"YUDOR001","61880-9-IÀ","15.03.2022 13:16:28","15.03.2022 13:16:29"
"YUDOR001","61880-9-IÁ","15.03.2022 13:17:14","15.03.2022 13:17:16"
"YUDOR001","61880-9-IÀ","15.03.2022 13:18:42","15.03.2022 13:18:44"
"YUDOR001","61880-9-IIÀ","15.03.2022 13:19:44","15.03.2022 13:19:45"
"YUDOR001","61880_14","15.03.2022 13:54:37","15.03.2022 13:54:38"
"YUDOR001","61880_14","15.03.2022 13:57:32","15.03.2022 13:57:34"
"YUDOR001","61880-9-IÀ","15.03.2022 14:07:40","15.03.2022 14:07:42"
"YUDOR001","61880-9-IÁ","15.03.2022 14:09:42","15.03.2022 14:09:44"
"YUDOR001","61880-9-IIÁ","15.03.2022 14:24:16","15.03.2022 14:24:18"
"YUDOR001","61880-9-IIÁ","15.03.2022 14:24:43","15.03.2022 14:24:45"
"YUDOR001","61880-9-III","15.03.2022 14:26:54","15.03.2022 14:26:54"
"YUDOR001","61880_10","15.03.2022 14:39:24","15.03.2022 14:39:25"
"YUDOR001","61880_10","15.03.2022 14:46:51","15.03.2022 14:46:51"
"YUDOR001","61880_15","15.03.2022 14:58:05","15.03.2022 14:58:05"
"YUDOR001","61880_12","15.03.2022 14:59:41","15.03.2022 14:59:45"
"YUDOR001","61880_2","15.03.2022 16:09:31","15.03.2022 16:09:33"
"ASUSE","61880_14","15.03.2022 14:02:48","15.03.2022 14:02:50"
"ASUSE","61880-9-III","15.03.2022 14:09:02","15.03.2022 14:09:02"
"ASUSE","61880-9-IÀ","15.03.2022 14:09:16","15.03.2022 14:09:17"
"ASUSE","61880-9-IÁ","15.03.2022 14:09:27","15.03.2022 14:09:28"
"ASUSE","61880-9-IIÀ","15.03.2022 14:09:32","15.03.2022 14:09:33"
"ASUSE","61880-9-IIÁ","15.03.2022 14:09:38","15.03.2022 14:09:39"
"ASUSE","61880-9-IIÁ","15.03.2022 14:09:59","15.03.2022 14:10:00"
"ASUSE","61880-9-IIÀ","15.03.2022 14:10:22","15.03.2022 14:10:24"
"ASUSE","61880-9-IÁ","15.03.2022 14:10:52","15.03.2022 14:10:53"
"ASUSE","61880-9-III","15.03.2022 14:11:42","15.03.2022 14:11:42"
"ASUSE","61880-9-IIÁ","15.03.2022 14:11:55","15.03.2022 14:11:56"
"ASUSE","61880-9-all","15.03.2022 14:12:29","15.03.2022 14:12:29"
"ASUSE","61880-9-IÀ","15.03.2022 14:31:17","15.03.2022 14:31:18"
"ASUSE","61880-9-IÁ","15.03.2022 14:31:29","15.03.2022 14:31:30"
"ASUSE","61880-9-IIÀ","15.03.2022 14:31:39","15.03.2022 14:31:41"
"ASUSE","61880-9-IIÁ","15.03.2022 14:31:53","15.03.2022 14:31:54"
"ASUSE","61880-9-IIÀ","15.03.2022 14:39:10","15.03.2022 14:39:12"
"ASUSE","61880-9-IIÀ","15.03.2022 14:39:59","15.03.2022 14:40:00"
"ASUSE","61759_1","22.03.2022 10:13:10","22.03.2022 10:13:10"
"ASUSE","61880_2","22.03.2022 11:14:47","22.03.2022 11:14:49"
"ASUSE","61759_1","22.03.2022 11:19:53","22.03.2022 11:19:54"
"ASUSE","61759_1","22.03.2022 11:32:50","22.03.2022 11:32:50"
"ASUSE","61880_2","22.03.2022 11:33:09","22.03.2022 11:33:11"
"ASUSE","61880_2","22.03.2022 11:34:16","22.03.2022 11:34:17"
"ASUSE","61880_2","22.03.2022 11:52:15","22.03.2022 11:52:17"
"ASUSE","61880_2","22.03.2022 11:58:26","22.03.2022 11:58:27"
"ASUSE","61880_2","22.03.2022 12:07:06","22.03.2022 12:07:08"
"ASUSE","61880_2","22.03.2022 13:23:38","22.03.2022 13:23:39"
"ASUSE","61880_2","22.03.2022 14:00:11","22.03.2022 14:00:12"
"ASUSE","61880_2","22.03.2022 14:00:40","22.03.2022 14:00:41"
"YUDOR001","61880_8","31.03.2022 14:25:40","31.03.2022 14:25:41"
"OKOK006","61880_14","31.03.2022 15:32:23","31.03.2022 15:32:25"
"ASUSE","61880_10","01.04.2022 0:27:28","01.04.2022 0:27:28"
"ASUSE","61880_2","01.04.2022 0:27:51","01.04.2022 0:27:52"
"ASUSE","61880_18","01.04.2022 0:28:31","01.04.2022 0:28:32"
"NSYCH001","61880_19","06.04.2022 7:54:49","06.04.2022 7:54:50"
"NSYCH001","61880_17","06.04.2022 7:58:02","06.04.2022 7:58:03"
"VSHAP001","61880_2","06.04.2022 8:43:56","06.04.2022 8:43:57"
"NSYCH001","61880_2","06.04.2022 12:11:24","06.04.2022 12:11:25"
"LGAD001","61880_2","07.04.2022 7:44:05","07.04.2022 7:44:06"
"LGAD001","61880_2","07.04.2022 7:55:40","07.04.2022 7:55:41"
"LGAD001","61880_2","07.04.2022 8:43:34","07.04.2022 8:43:35"
"LGAD001","61880_2","07.04.2022 8:55:39","07.04.2022 8:55:40"
"LGAD001","61880_2","07.04.2022 9:37:45","07.04.2022 9:37:47"
"NSYS002","61880_18","07.04.2022 10:05:22","07.04.2022 10:05:23"
"IGRI056","61880_11","07.04.2022 12:41:53","07.04.2022 12:41:54"
"IGRI056","61880_8","07.04.2022 13:23:54","07.04.2022 13:23:55"
"LGAD001","61880_2","08.04.2022 7:23:12","08.04.2022 7:23:13"
"VSHAP001","61880_2","08.04.2022 8:21:41","08.04.2022 8:21:42"
"VSHAP001","61880_2","08.04.2022 9:29:55","08.04.2022 9:29:56"
"VSHAP001","61880_2","08.04.2022 9:37:29","08.04.2022 9:37:30"
"ASUSE","61880_14","16.03.2022 14:03:25","16.03.2022 14:03:27"
"ASUSE","61880_12","16.03.2022 14:05:27","16.03.2022 14:05:28"
"ASUSE","61880_14","16.03.2022 14:31:16","16.03.2022 14:31:18"
"ASUSE","61880_12","16.03.2022 14:46:28","16.03.2022 14:46:30"
"ASUSE","462359_rep_year","17.03.2022 12:10:59","17.03.2022 12:12:07"
"ASUSE","61880-9-III","09.03.2022 18:23:19","09.03.2022 18:23:19"
"ASUSE","61880-9-IIÁ","09.03.2022 18:23:27","09.03.2022 18:23:29"
"ASUSE","61880-9-IIÀ","09.03.2022 18:23:32","09.03.2022 18:23:33"
"ASUSE","61880-9-IÁ","09.03.2022 18:23:39","09.03.2022 18:23:40"
"ASUSE","61880-9-IÀ","09.03.2022 18:23:45","09.03.2022 18:23:46"
"ASUSE","61880-9-IIÁ","09.03.2022 18:23:58","09.03.2022 18:23:58"
"ASUSE","61880-9-IIÁ","09.03.2022 18:24:07","09.03.2022 18:24:08"
"ASUSE","61880-9-IIÀ","09.03.2022 18:24:18","09.03.2022 18:24:19"
"ASUSE","61880-9-IÁ","09.03.2022 18:24:23","09.03.2022 18:24:24"
"ASUSE","61880-9-IÀ","09.03.2022 18:24:27","09.03.2022 18:24:28"
"ASUSE","61880-9-IÀ","09.03.2022 18:24:38","09.03.2022 18:24:40"
"ASUSE","61880-9-IÁ","09.03.2022 18:24:53","09.03.2022 18:24:55"
"ASUSE","61880-9-IIÀ","09.03.2022 18:25:10","09.03.2022 18:25:12"
"ASUSE","61880-9-IIÁ","09.03.2022 18:25:39","09.03.2022 18:25:41"
"ASUSE","61880_10","09.03.2022 18:27:19","09.03.2022 18:27:20"
"ASUSE","61880_13","09.03.2022 18:40:17","09.03.2022 18:40:18"
"ASUSE","61880-17-data-r1","25.03.2022 11:23:46","25.03.2022 11:23:47"
"ASUSE","61880-17-data-r1","25.03.2022 11:41:32","25.03.2022 11:41:33"
"ASUSE","61880_2","25.03.2022 11:42:57","25.03.2022 11:42:58"
"ASUSE","61880_19","25.03.2022 13:01:45","25.03.2022 13:01:46"
"ASUSE","61759_1","25.03.2022 13:02:11","25.03.2022 13:02:11"
"NSYCH001","61880_18","01.04.2022 12:43:46","01.04.2022 12:43:48"
"NSYCH001","462361","01.04.2022 13:13:48","01.04.2022 13:13:49"
"NSYCH001","61880_18","01.04.2022 13:26:01","01.04.2022 13:26:02"
"APAR006","61880_2","11.03.2022 12:30:21","11.03.2022 12:30:22"
"APAR006","61880_2","11.03.2022 12:59:19","11.03.2022 12:59:20"
"APAR006","61880_2","11.03.2022 13:01:57","11.03.2022 13:01:58"
"APAR006","61880_11","11.03.2022 14:10:04","11.03.2022 14:10:05"
"APAR006","61880_11","11.03.2022 14:10:12","11.03.2022 14:10:12"
"APAR006","61880_11","11.03.2022 14:12:02","11.03.2022 14:12:02"
"NCHER","61880_2","04.04.2022 12:10:24","04.04.2022 12:10:25"
"NCHER","61880_12","04.04.2022 12:39:59","04.04.2022 12:40:03"
"LGAD001","61880_2","06.04.2022 7:46:31","06.04.2022 7:46:32"
"LGAD001","61880_2","06.04.2022 7:51:51","06.04.2022 7:51:52"
"LGAD001","61880_2","06.04.2022 9:19:30","06.04.2022 9:19:31"
"NYAK001","61880_14","06.04.2022 9:22:09","06.04.2022 9:22:11"
"NYAK001","61880_14","06.04.2022 9:25:00","06.04.2022 9:25:02"
"VSHAP001","61880_2","06.04.2022 9:38:54","06.04.2022 9:38:55"
"VSHAP001","61880_2","06.04.2022 9:41:44","06.04.2022 9:41:45"
"NYAK001","61880_14","06.04.2022 9:45:11","06.04.2022 9:45:12"
"NYAK001","61880_14","06.04.2022 9:47:08","06.04.2022 9:47:09"
"NYAK001","61880_14","06.04.2022 9:51:07","06.04.2022 9:51:08"
"NYAK001","61880_14","06.04.2022 9:57:27","06.04.2022 9:57:29"
"VSHAP001","61880_2","06.04.2022 10:01:46","06.04.2022 10:01:48"
"VSHAP001","61880_2","06.04.2022 10:39:49","06.04.2022 10:39:50"
"ASUSE","61880_17","06.04.2022 14:10:00","06.04.2022 14:10:01"
"NSYCH001","61880_17","07.04.2022 7:45:22","07.04.2022 7:45:24"
"NSYCH001","61880_2","07.04.2022 9:53:37","07.04.2022 9:53:39"
"NSYCH001","61880_7","08.04.2022 8:18:21","08.04.2022 8:18:22"
"LGAD001","61880_11","08.04.2022 12:43:07","08.04.2022 12:43:08"
"ASUSE","61880-9-all","08.04.2022 18:26:46","08.04.2022 18:26:47"
"ASUSE","61880-9-IÀ","08.04.2022 18:30:58","08.04.2022 18:30:59"
"ASUSE","61880-9-IÀ","08.04.2022 18:31:36","08.04.2022 18:31:38"
"ASUSE","61880-9-IÀ","08.04.2022 18:31:44","08.04.2022 18:31:45"
"ASUSE","61880-9-IÀ","08.04.2022 18:31:59","08.04.2022 18:32:01"
"ASUSE","61880-9-IÀ","08.04.2022 18:32:24","08.04.2022 18:32:27"
"ASUSE","61880-9-IÀ","08.04.2022 18:32:43","08.04.2022 18:32:44"
"ASUSE","61880-9-IÀ","08.04.2022 18:32:49","08.04.2022 18:32:51"
"LGAD001","61880_2","11.04.2022 8:43:14","11.04.2022 8:43:15"
"LGAD001","61880_2","11.04.2022 9:15:05","11.04.2022 9:15:06"
"VSHAP001","61880_2","11.04.2022 9:17:18","11.04.2022 9:17:19"
"IMOS002","61880_2","11.04.2022 9:24:49","11.04.2022 9:24:51"
"IMOS002","61759_1","11.04.2022 9:26:36","11.04.2022 9:26:37"
"IMOS002","61759_1","11.04.2022 9:27:23","11.04.2022 9:27:23"
"IMOS002","61880_2","11.04.2022 9:49:44","11.04.2022 9:49:45"
"VSHAP001","61880_2","11.04.2022 10:49:41","11.04.2022 10:49:43"
"IMOS002","61880_2","11.04.2022 11:12:57","11.04.2022 11:12:58"
"IMOS002","61759_1","11.04.2022 11:18:15","11.04.2022 11:18:16"
"IMOS002","61759_1","11.04.2022 11:23:29","11.04.2022 11:23:29"
"IMOS002","61880_2","11.04.2022 11:25:45","11.04.2022 11:25:47"
"IGRI056","61880_2","11.04.2022 12:44:03","11.04.2022 12:44:04"
"IGRI056","61880_2","11.04.2022 12:46:10","11.04.2022 12:46:11"
"IGRI056","61880_2","11.04.2022 12:46:32","11.04.2022 12:46:33"
"NSYCH001","61880_2","12.04.2022 8:09:51","12.04.2022 8:09:52"
"ASUSE","462359_rep","17.03.2022 12:15:36","17.03.2022 12:16:36"
"ASUSE","61759_1","18.03.2022 11:45:52","18.03.2022 11:45:53"
"ASUSE","61880_18","29.03.2022 13:14:36","29.03.2022 13:14:37"
"ASUSE","61880_18","29.03.2022 13:18:06","29.03.2022 13:18:07"
"NSYCH001","61880_2","31.03.2022 7:30:46","31.03.2022 7:30:47"
"NSYCH001","61880_18","01.04.2022 13:48:33","01.04.2022 13:48:34"
"NSYCH001","61880-17-data-r1","01.04.2022 14:12:23","01.04.2022 14:12:24"
"NSYCH001","61880-17-data-r1","01.04.2022 14:13:34","01.04.2022 14:13:34"
"NSYCH001","61880-17-data-r1","01.04.2022 14:14:12","01.04.2022 14:14:13"
"NSYCH001","61880-17-data-r1","01.04.2022 14:15:13","01.04.2022 14:15:14"
"NSYCH001","61880-17-data-r1","01.04.2022 14:15:52","01.04.2022 14:15:53"
"NSYCH001","61880-17-data-r1","01.04.2022 14:16:23","01.04.2022 14:16:24"
"NSYCH001","61880-17-data-r1","01.04.2022 14:16:54","01.04.2022 14:16:55"
"NSYCH001","61880-17-data-r1","01.04.2022 14:17:36","01.04.2022 14:17:37"
"NSYCH001","61880-17-data-r1","01.04.2022 14:20:58","01.04.2022 14:20:59"
"NSYCH001","61880-17-data-r1","01.04.2022 14:23:20","01.04.2022 14:23:21"
"NSYCH001","61880-17-data-r1","01.04.2022 14:23:49","01.04.2022 14:23:50"
"NSYCH001","61880-17-data-r1","01.04.2022 14:24:41","01.04.2022 14:24:42"
"NSYCH001","61880-17-data-r1","01.04.2022 14:25:26","01.04.2022 14:25:27"
"NSYCH001","61880-17-data-r1","01.04.2022 14:26:07","01.04.2022 14:26:08"
"NSYCH001","61880-17-data-r1","01.04.2022 14:26:52","01.04.2022 14:26:53"
"NSYCH001","61880-17-data-r1","01.04.2022 14:27:39","01.04.2022 14:27:40"
"NSYCH001","61880_2","01.04.2022 14:40:35","01.04.2022 14:40:36"
"ASUSE","61880_19","05.04.2022 11:16:44","05.04.2022 11:16:45"
"ASUSE","61880_19","05.04.2022 11:27:14","05.04.2022 11:27:15"
"ASUSE","61880_19","05.04.2022 11:37:25","05.04.2022 11:37:26"
"ASUSE","61880_19","05.04.2022 11:38:03","05.04.2022 11:38:04"
"ASUSE","61880_19","05.04.2022 11:38:33","05.04.2022 11:38:34"
"ASUSE","61880_19","05.04.2022 11:39:07","05.04.2022 11:39:08"
"ASUSE","61880_19","05.04.2022 11:39:55","05.04.2022 11:39:56"
"ASUSE","61880_19","05.04.2022 11:40:04","05.04.2022 11:40:05"
"ASUSE","61880_19","05.04.2022 11:40:11","05.04.2022 11:40:12"
"ASUSE","61880_19","05.04.2022 11:40:45","05.04.2022 11:40:46"
"ASUSE","61880_19","05.04.2022 11:41:18","05.04.2022 11:41:19"
"ASUSE","61880_19","05.04.2022 11:41:49","05.04.2022 11:41:49"
"ASUSE","61880_19","05.04.2022 11:42:20","05.04.2022 11:42:21"
"ASUSE","61880_19","05.04.2022 11:42:57","05.04.2022 11:42:58"
"ASUSE","61880_19","05.04.2022 11:43:56","05.04.2022 11:43:57"
"ASUSE","61880_19","05.04.2022 11:44:15","05.04.2022 11:44:15"
"ASUSE","61880_19","05.04.2022 11:44:39","05.04.2022 11:44:39"
"ASUSE","61880_19","05.04.2022 11:45:08","05.04.2022 11:45:08"
"ASUSE","61880_19","05.04.2022 11:45:40","05.04.2022 11:45:40"
"ASUSE","61880_19","05.04.2022 11:46:28","05.04.2022 11:46:29"
"ASUSE","61880_19","05.04.2022 11:46:52","05.04.2022 11:46:53"
"ASUSE","61880_19","05.04.2022 11:47:37","05.04.2022 11:47:37"
"ASUSE","61880_19","05.04.2022 11:48:45","05.04.2022 11:48:46"
"ASUSE","61880_19","05.04.2022 11:49:18","05.04.2022 11:49:18"
"ASUSE","61880_19","05.04.2022 11:49:47","05.04.2022 11:49:47"
"ASUSE","61880_19","05.04.2022 11:50:19","05.04.2022 11:50:20"
"ASUSE","61880_19","05.04.2022 11:51:20","05.04.2022 11:51:21"
"ASUSE","61880_19","05.04.2022 11:51:44","05.04.2022 11:51:45"
"ASUSE","61880_19","05.04.2022 11:52:11","05.04.2022 11:52:11"
"ASUSE","61880_19","05.04.2022 11:52:31","05.04.2022 11:52:32"
"OKOK006","61880_2","06.04.2022 10:18:16","06.04.2022 10:18:18"
"OKOK006","61880_11","06.04.2022 10:20:37","06.04.2022 10:20:38"
"VSHAP001","61880_2","12.04.2022 8:16:07","12.04.2022 8:16:08"
"VSHAP001","61880_2","12.04.2022 8:35:32","12.04.2022 8:35:33"
"VSHAP001","61880_2","12.04.2022 8:39:57","12.04.2022 8:39:58"
"LGAD001","61880_2","12.04.2022 9:14:29","12.04.2022 9:14:30"
"VSHAP001","61880_2","12.04.2022 10:42:42","12.04.2022 10:42:43"
"LGAD001","61759_1","12.04.2022 13:26:05","12.04.2022 13:26:05"
"ASUSE","61880_11","17.03.2022 8:57:16","17.03.2022 8:57:17"
"ASUSE","61880_18","29.03.2022 11:55:54","29.03.2022 11:55:55"
"YUDOR001","61880_7","30.03.2022 7:44:42","30.03.2022 7:44:43"
"YUDOR001","61880_10","30.03.2022 10:13:55","30.03.2022 10:13:55"
"YUDOR001","61880_2","30.03.2022 10:14:36","30.03.2022 10:14:37"
"ASUSE","61880_18","01.04.2022 0:28:41","01.04.2022 0:28:41"
"YUDOR001","61880_11","23.03.2022 10:54:42","23.03.2022 10:54:43"
"YUDOR001","61880_8","23.03.2022 10:56:07","23.03.2022 10:56:08"
"YUDOR001","61880_8","23.03.2022 11:40:18","23.03.2022 11:40:19"
"YUDOR001","61880_13","23.03.2022 14:56:14","23.03.2022 14:56:15"
"YUDOR001","61880_7","23.03.2022 16:20:04","23.03.2022 16:20:04"
"YUDOR001","61880_10","23.03.2022 16:21:05","23.03.2022 16:21:06"
"OKOK006","61880-9-IÀ","24.03.2022 14:19:05","24.03.2022 14:19:07"
"OKOK006","61880-9-all","24.03.2022 14:19:30","24.03.2022 14:19:30"
"OKOK006","61880_10","24.03.2022 14:28:58","24.03.2022 14:28:59"
"OKOK006","61880_2","24.03.2022 15:05:31","24.03.2022 15:05:32"
"NSYCH001","61880_12","31.03.2022 10:13:58","31.03.2022 10:14:01"
"NSYCH001","61880_2","31.03.2022 12:38:03","31.03.2022 12:38:05"
"NSYCH001","61880_10","31.03.2022 12:46:35","31.03.2022 12:46:36"
"NSYCH001","61880_10","31.03.2022 12:47:23","31.03.2022 12:47:24"
"NSYCH001","61880_10","31.03.2022 12:47:55","31.03.2022 12:47:56"
"NSYCH001","61880_10","31.03.2022 12:48:24","31.03.2022 12:48:25"
"NSYCH001","61880_10","31.03.2022 12:48:58","31.03.2022 12:48:59"
"NYAK001","61880_14","31.03.2022 15:41:28","31.03.2022 15:41:30"
"NYAK001","61880_14","31.03.2022 15:45:56","31.03.2022 15:45:58"
"NYAK001","61880_14","31.03.2022 16:04:45","31.03.2022 16:04:46"
"NYAK001","61880_14","31.03.2022 16:13:55","31.03.2022 16:13:57"
"NYAK001","61880_14","31.03.2022 16:34:52","31.03.2022 16:34:53"
"NYAK001","61880_14","31.03.2022 16:40:33","31.03.2022 16:40:35"
"ASUSE","61880_19","31.03.2022 19:35:16","31.03.2022 19:35:17"
"ASUSE","61880_10","31.03.2022 22:57:03","31.03.2022 22:57:03"
"ASUSE","61880_2","31.03.2022 22:58:14","31.03.2022 22:58:15"
"ASUSE","61880_10","31.03.2022 23:22:01","31.03.2022 23:22:02"
"ASUSE","61880_10","31.03.2022 23:26:10","31.03.2022 23:26:11"
"ASUSE","61880_2","31.03.2022 23:28:28","31.03.2022 23:28:29"
"ASUSE","61880_2","31.03.2022 23:30:03","31.03.2022 23:30:04"
"ASUSE","61880_10","31.03.2022 23:31:12","31.03.2022 23:31:41"
"ASUSE","61880_10","31.03.2022 23:32:13","31.03.2022 23:32:41"
"ASUSE","61880_10","31.03.2022 23:36:29","31.03.2022 23:36:58"
"ASUSE","61880_2","31.03.2022 23:59:27","31.03.2022 23:59:28"
"ASUSE","61880_10","31.03.2022 23:59:58","01.04.2022 0:00:27"
"ASUSE","61880_2","01.04.2022 0:01:17","01.04.2022 0:01:18"
"ASUSE","61880_10","01.04.2022 0:04:25","01.04.2022 0:04:26"
"IGRI056","61880_11","01.04.2022 13:55:09","01.04.2022 13:55:09"
"NCHER","61759_1","12.03.2022 15:13:11","12.03.2022 15:13:11"
"ASUSE","61880_17","05.04.2022 22:13:48","05.04.2022 22:13:49"
"ASUSE","61880_17","05.04.2022 22:14:47","05.04.2022 22:14:48"
"ASUSE","61880_17","05.04.2022 22:15:42","05.04.2022 22:15:43"
"ASUSE","61880_17","06.04.2022 15:20:34","06.04.2022 15:20:35"
"NYAK001","61880_14","08.04.2022 8:18:26","08.04.2022 8:18:28"
"NYAK001","61880_14","08.04.2022 8:19:26","08.04.2022 8:19:28"
"NYAK001","61880_14","08.04.2022 9:09:35","08.04.2022 9:09:36"
"NYAK001","61880_14","08.04.2022 9:18:03","08.04.2022 9:18:05"
"LGAD001","61880_2","12.04.2022 8:18:08","12.04.2022 8:18:09"
"NSYCH001","61880_19","12.04.2022 10:51:06","12.04.2022 10:51:07"
"NSYCH001","61880_19","12.04.2022 10:52:30","12.04.2022 10:52:31"
"NSYCH001","61880_18","12.04.2022 14:27:27","12.04.2022 14:27:28"
"NSYCH001","61880_19","12.04.2022 14:28:35","12.04.2022 14:28:36"
"VSHAP001","61880_2","12.04.2022 15:01:52","12.04.2022 15:01:53"
"MGOR156","61880_18","12.04.2022 16:39:53","12.04.2022 16:39:54"
"MGOR156","61880_18","12.04.2022 16:42:43","12.04.2022 16:42:44"
"ASUSE","61880_8","01.04.2022 0:31:03","01.04.2022 0:31:04"
"ASUSE","61880_8","01.04.2022 0:32:23","01.04.2022 0:32:24"
"ASUSE","61880-17-data-r1","01.04.2022 0:40:47","01.04.2022 0:40:48"
"NYAK001","61880_14","01.04.2022 8:18:56","01.04.2022 8:18:58"
"NYAK001","61880_14","01.04.2022 8:28:07","01.04.2022 8:28:09"
"YVAS004","61880_14","01.04.2022 15:30:59","01.04.2022 15:31:01"
"YVAS004","61880_14","01.04.2022 15:57:39","01.04.2022 15:57:40"
"NSYCH001","61880_2","04.04.2022 7:33:06","04.04.2022 7:33:07"
"NYAK001","61880_14","04.04.2022 8:50:37","04.04.2022 8:50:38"
"NYAK001","61880_14","04.04.2022 8:51:28","04.04.2022 8:51:29"
"NYAK001","61880_14","04.04.2022 8:52:15","04.04.2022 8:52:17"
"NYAK001","61880_14","04.04.2022 9:03:35","04.04.2022 9:03:37"
"NYAK001","61880_14","04.04.2022 9:22:35","04.04.2022 9:22:37"
"IMOS002","61880_2","04.04.2022 13:37:22","04.04.2022 13:37:23"
"IMOS002","61880_2","04.04.2022 13:37:46","04.04.2022 13:37:48"
"IMOS002","61880_2","04.04.2022 14:21:52","04.04.2022 14:21:53"
"IMOS002","61880_2","04.04.2022 15:59:07","04.04.2022 15:59:08"
"IMOS002","61880_2","04.04.2022 16:07:26","04.04.2022 16:07:28"
"NSYCH001","61880_10","04.04.2022 16:11:35","04.04.2022 16:11:35"
"NSYCH001","61759_1","11.03.2022 12:14:38","11.03.2022 12:14:39"
"NSYCH001","61759_1","11.03.2022 12:18:17","11.03.2022 12:18:17"
"NSYCH001","61759_1","11.03.2022 12:40:41","11.03.2022 12:40:42"
"NSYCH001","61759_1","11.03.2022 12:49:23","11.03.2022 12:49:23"
"NSYCH001","61880_12","11.03.2022 13:44:37","11.03.2022 13:44:41"
"ASUSE","462359_rep","17.03.2022 19:51:09","17.03.2022 19:52:04"
"ASUSE","462359_rep_year","17.03.2022 19:54:24","17.03.2022 19:55:23"
"YUDOR001","61880_8","23.03.2022 19:32:27","23.03.2022 19:32:28"
"YUDOR001","61880_2","23.03.2022 20:44:52","23.03.2022 20:44:53"
"ASUSE","61880-17-data-r1","24.03.2022 0:26:34","24.03.2022 0:26:35"
"YUDOR001","61880_2","22.03.2022 8:43:32","22.03.2022 8:43:34"
"YUDOR001","61880_2","22.03.2022 9:11:20","22.03.2022 9:11:21"
"YUDOR001","61880_12","22.03.2022 11:19:25","22.03.2022 11:19:30"
"YUDOR001","61880_2","22.03.2022 11:48:40","22.03.2022 11:48:41"
"YUDOR001","61880-9-IÀ","22.03.2022 13:02:30","22.03.2022 13:02:32"
"YUDOR001","61880-9-IÁ","22.03.2022 13:03:03","22.03.2022 13:03:05"
"YUDOR001","61880-9-IIÀ","22.03.2022 13:04:18","22.03.2022 13:04:19"
"YUDOR001","61880-9-IIÁ","22.03.2022 13:04:55","22.03.2022 13:04:56"
"YUDOR001","61880-9-III","22.03.2022 13:05:40","22.03.2022 13:05:41"
"YUDOR001","61880_2","22.03.2022 13:36:03","22.03.2022 13:36:04"
"YUDOR001","61880_2","22.03.2022 13:48:24","22.03.2022 13:48:25"
"YUDOR001","61880_2","22.03.2022 13:49:22","22.03.2022 13:49:24"
"YUDOR001","61880_2","22.03.2022 13:50:08","22.03.2022 13:50:09"
"YUDOR001","61880_2","22.03.2022 13:51:33","22.03.2022 13:51:34"
"YUDOR001","61880_2","22.03.2022 13:52:22","22.03.2022 13:52:23"
"YUDOR001","61880_2","22.03.2022 15:46:48","22.03.2022 15:46:50"
"YUDOR001","61880_2","22.03.2022 16:32:12","22.03.2022 16:32:13"
"YUDOR001","61880_14","22.03.2022 21:04:12","22.03.2022 21:04:14"
"YUDOR001","61880_14","22.03.2022 21:19:24","22.03.2022 21:19:26"
"YUDOR001","61880_14","22.03.2022 21:25:01","22.03.2022 21:25:03"
"YUDOR001","61880_15","22.03.2022 21:46:51","22.03.2022 21:46:52"
"YUDOR001","61880_7","22.03.2022 21:56:18","22.03.2022 21:56:18"
"OKOK006","61880-9-IÀ","24.03.2022 10:18:16","24.03.2022 10:18:18"
"OKOK006","61880-9-IÁ","24.03.2022 10:18:39","24.03.2022 10:18:41"
"OKOK006","61880-9-IIÀ","24.03.2022 10:19:06","24.03.2022 10:19:07"
"OKOK006","61880-9-IIÁ","24.03.2022 10:19:30","24.03.2022 10:19:31"
"OKOK006","61880-9-III","24.03.2022 10:19:55","24.03.2022 10:19:55"
"OKOK006","61880-9-all","24.03.2022 10:20:13","24.03.2022 10:20:13"
"NSYCH001","61880-9-IÀ","25.03.2022 15:09:09","25.03.2022 15:09:11"
"NSYCH001","61880-9-IÀ","25.03.2022 15:10:35","25.03.2022 15:10:37"
"NSYCH001","61880-9-IÀ","25.03.2022 15:14:17","25.03.2022 15:14:18"
"NSYCH001","61880-9-IÀ","25.03.2022 15:15:11","25.03.2022 15:15:12"
"NSYCH001","61880-9-IÀ","25.03.2022 15:16:21","25.03.2022 15:16:23"
"NSYCH001","61880-9-IÀ","25.03.2022 15:18:00","25.03.2022 15:18:04"
"NSYCH001","61880-9-IÀ","25.03.2022 15:18:37","25.03.2022 15:18:40"
"NSYCH001","61880-9-IÀ","25.03.2022 15:20:00","25.03.2022 15:20:03"
"NSYCH001","61880-9-IÀ","25.03.2022 15:22:03","25.03.2022 15:22:05"
"NSYCH001","61880-9-IÀ","25.03.2022 15:23:06","25.03.2022 15:23:08"
"NSYCH001","61880-9-IÁ","25.03.2022 15:27:39","25.03.2022 15:27:41"
"NSYCH001","61880-9-IÁ","25.03.2022 15:28:29","25.03.2022 15:28:31"
"NSYCH001","61880-9-IÁ","25.03.2022 15:29:24","25.03.2022 15:29:26"
"NSYCH001","61880-9-IÁ","25.03.2022 15:30:16","25.03.2022 15:30:17"
"NSYCH001","61880-9-IÁ","25.03.2022 15:30:47","25.03.2022 15:30:49"
"NSYCH001","61880-9-IIÀ","25.03.2022 15:31:33","25.03.2022 15:31:34"
"NSYCH001","61880-9-IIÀ","25.03.2022 15:32:10","25.03.2022 15:32:12"
"NSYCH001","61880-9-IIÀ","25.03.2022 15:32:39","25.03.2022 15:32:41"
"NSYCH001","61880-9-IIÀ","25.03.2022 15:33:07","25.03.2022 15:33:08"
"NSYCH001","61880-9-IIÀ","25.03.2022 15:33:35","25.03.2022 15:33:36"
"NSYCH001","61880-9-IIÁ","25.03.2022 15:34:22","25.03.2022 15:34:23"
"NSYCH001","61880-9-IIÁ","25.03.2022 15:34:54","25.03.2022 15:34:55"
"NSYCH001","61880-9-IIÁ","25.03.2022 15:35:28","25.03.2022 15:35:29"
"NSYCH001","61880-9-IIÁ","25.03.2022 15:37:02","25.03.2022 15:37:03"
"NSYCH001","61880-9-IIÁ","25.03.2022 15:37:35","25.03.2022 15:37:36"
"NSYCH001","61880-9-III","25.03.2022 15:38:32","25.03.2022 15:38:32"
"NSYCH001","61880-9-III","25.03.2022 15:39:04","25.03.2022 15:39:04"
"NSYCH001","61880-9-III","25.03.2022 15:40:18","25.03.2022 15:40:18"
"NSYCH001","61880-9-III","25.03.2022 15:40:44","25.03.2022 15:40:44"
"NSYCH001","61880-9-III","25.03.2022 15:41:14","25.03.2022 15:41:14"
"NSYCH001","61880-9-III","25.03.2022 15:41:21","25.03.2022 15:41:22"
"NSYCH001","61880-17-data-r1","25.03.2022 15:45:07","25.03.2022 15:45:07"
"NSYCH001","61880-17-data-r1","25.03.2022 15:50:17","25.03.2022 15:50:18"
"NSYCH001","61880-17-data-r1","25.03.2022 15:51:05","25.03.2022 15:51:06"
"NSYCH001","61880-17-data-r1","25.03.2022 15:52:09","25.03.2022 15:52:10"
"NSYCH001","61880-17-data-r1","25.03.2022 15:52:49","25.03.2022 15:52:50"
"NSYCH001","61880-17-data-r1","25.03.2022 15:53:28","25.03.2022 15:53:28"
"ASUSE","61880_10","30.03.2022 13:54:14","30.03.2022 13:54:15"
"ASUSE","61880_2","30.03.2022 13:54:37","30.03.2022 13:54:38"
"ASUSE","61880-17-data-r1","30.03.2022 14:03:34","30.03.2022 14:03:35"
"NCHER","61880_12","20.03.2022 21:35:22","20.03.2022 21:35:25"
"NCHER","61880_12","20.03.2022 23:29:01","20.03.2022 23:29:04"
"OKOK006","61880-9-IÀ","24.03.2022 13:36:37","24.03.2022 13:36:45"
"OKOK006","61880-9-IÁ","24.03.2022 13:37:58","24.03.2022 13:37:59"
"OKOK006","61880-9-IIÀ","24.03.2022 13:38:41","24.03.2022 13:38:43"
"OKOK006","61880-9-IIÁ","24.03.2022 13:38:51","24.03.2022 13:38:52"
"OKOK006","61880-9-III","24.03.2022 13:39:01","24.03.2022 13:39:01"
"ASUSE","61880_8","24.03.2022 20:54:07","24.03.2022 20:54:09"
"ASUSE","61880_19","24.03.2022 20:54:38","24.03.2022 20:54:39"
"ASUSE","61880_19","24.03.2022 21:01:23","24.03.2022 21:01:24"
"ASUSE","61880_19","24.03.2022 21:17:28","24.03.2022 21:17:29"
"ASUSE","61880_19","24.03.2022 21:17:40","24.03.2022 21:17:40"
"ASUSE","61880_19","24.03.2022 21:18:03","24.03.2022 21:18:04"
"ASUSE","61880_19","24.03.2022 21:19:48","24.03.2022 21:19:49"
"ASUSE","61880_19","24.03.2022 21:21:55","24.03.2022 21:21:55"
"ASUSE","61880_19","24.03.2022 21:25:51","24.03.2022 21:25:52"
"OKOK006","61880_14","23.03.2022 19:54:23","23.03.2022 19:54:25"
"OKOK006","61880-9-IÀ","23.03.2022 19:57:23","23.03.2022 19:57:24"
"OKOK006","61880-9-IÁ","23.03.2022 19:57:30","23.03.2022 19:57:31"
"OKOK006","61880-9-IIÀ","23.03.2022 19:57:40","23.03.2022 19:57:41"
"OKOK006","61880-9-IIÁ","23.03.2022 19:57:47","23.03.2022 19:57:48"
"OKOK006","61880-9-IÁ","23.03.2022 19:58:09","23.03.2022 19:58:10"
"OKOK006","61880-9-IIÀ","23.03.2022 19:58:23","23.03.2022 19:58:24"
"OKOK006","61880-9-IIÁ","23.03.2022 19:58:39","23.03.2022 19:58:40"
"OKOK006","61880-9-III","23.03.2022 19:58:53","23.03.2022 19:58:53"
"OKOK006","61880-9-all","23.03.2022 19:59:06","23.03.2022 19:59:06"
"ASUSE","61880_18","01.04.2022 11:55:24","01.04.2022 11:55:25"
"NSYCH001","61880_8","04.04.2022 16:16:53","04.04.2022 16:16:54"
"NSYCH001","61880_2","23.03.2022 8:28:04","23.03.2022 8:28:05"
"NSYCH001","61880_2","23.03.2022 8:50:08","23.03.2022 8:50:09"
"NSYCH001","61880_2","23.03.2022 8:59:58","23.03.2022 8:59:59"
"NSYCH001","61880_2","23.03.2022 9:16:22","23.03.2022 9:16:23"
"NSYCH001","61880_2","23.03.2022 11:09:09","23.03.2022 11:09:10"
"NSYCH001","61880_2","23.03.2022 12:14:30","23.03.2022 12:14:31"
"NSYCH001","61880_8","23.03.2022 15:40:35","23.03.2022 15:40:36"
"NSYCH001","61880_8","23.03.2022 16:31:37","23.03.2022 16:31:38"
"NSYCH001","61880_14","23.03.2022 18:56:35","23.03.2022 18:56:36"
"NSYCH001","61880_14","23.03.2022 20:40:16","23.03.2022 20:40:18"
"NSYCH001","61880_14","23.03.2022 20:44:05","23.03.2022 20:44:06"
"NSYCH001","61880_14","23.03.2022 20:45:02","23.03.2022 20:45:03"
"NSYCH001","61880_14","23.03.2022 20:46:11","23.03.2022 20:46:13"
"NSYCH001","61880_14","23.03.2022 20:46:53","23.03.2022 20:46:55"
"NSYCH001","61880_14","23.03.2022 20:48:34","23.03.2022 20:48:36"
"ASUSE","61880-17-data-r1","24.03.2022 0:27:14","24.03.2022 0:27:15"
"NYAK001","61880_10","24.03.2022 9:27:37","24.03.2022 9:27:37"
"NYAK001","61880_7","24.03.2022 9:53:03","24.03.2022 9:53:03"
"NYAK001","61880_10","24.03.2022 10:24:18","24.03.2022 10:24:18"
"NYAK001","61880_10","24.03.2022 10:25:46","24.03.2022 10:25:46"
"NYAK001","61880_10","24.03.2022 10:34:05","24.03.2022 10:34:05"
"NYAK001","61880_10","24.03.2022 10:36:03","24.03.2022 10:36:04"
"NYAK001","61880_10","24.03.2022 10:36:43","24.03.2022 10:36:44"
"NYAK001","61880_10","24.03.2022 10:38:22","24.03.2022 10:38:23"
"NYAK001","61880_10","24.03.2022 10:39:12","24.03.2022 10:39:13"
"NYAK001","61880_10","24.03.2022 10:48:02","24.03.2022 10:48:02"
"ASUSE","61880-9-all","30.03.2022 12:13:47","30.03.2022 12:13:48"
"NYAK001","61880_2","11.03.2022 14:38:56","11.03.2022 14:38:57"
"IGRI056","61880_11","18.03.2022 9:02:14","18.03.2022 9:02:15"
"ASUSE","61880-17-data-r1","24.03.2022 11:38:10","24.03.2022 11:38:11"
"ASUSE","61880-17-data-r1","24.03.2022 11:50:17","24.03.2022 11:50:17"
"ASUSE","61880-17-data-r1","24.03.2022 14:02:36","24.03.2022 14:02:37"
"ASUSE","61880-17-data-r1","24.03.2022 14:18:20","24.03.2022 14:18:21"
"NSYCH001","61880-17-data-r1","24.03.2022 14:29:41","24.03.2022 14:29:42"
"NSYCH001","61880-17-data-r1","24.03.2022 14:31:35","24.03.2022 14:31:36"
"NSYCH001","61880-17-data-r1","24.03.2022 14:37:06","24.03.2022 14:37:07"
"NSYCH001","61880-17-data-r1","24.03.2022 14:38:00","24.03.2022 14:38:01"
"NSYCH001","61880-17-data-r1","24.03.2022 14:40:47","24.03.2022 14:40:48"
"NSYCH001","61880-17-data-r1","24.03.2022 14:42:22","24.03.2022 14:42:23"
"NSYCH001","61880-17-data-r1","24.03.2022 14:43:49","24.03.2022 14:43:50"
"NSYCH001","61880-17-data-r1","24.03.2022 14:44:50","24.03.2022 14:44:50"
"NSYCH001","61880-17-data-r1","24.03.2022 14:49:16","24.03.2022 14:49:17"
"NSYCH001","61880-17-data-r1","24.03.2022 14:54:35","24.03.2022 14:54:36"
"NSYCH001","61880-17-data-r1","24.03.2022 14:55:59","24.03.2022 14:56:00"
"NSYCH001","61880-17-data-r1","24.03.2022 14:57:31","24.03.2022 14:57:32"
"NSYCH001","61880-17-data-r1","24.03.2022 14:58:11","24.03.2022 14:58:12"
"NSYCH001","61880-17-data-r1","24.03.2022 14:58:54","24.03.2022 14:58:54"
"NSYCH001","61880-17-data-r1","24.03.2022 14:59:37","24.03.2022 14:59:38"
"NSYCH001","61880-17-data-r1","24.03.2022 15:00:23","24.03.2022 15:00:24"
"NSYCH001","61880-17-data-r1","24.03.2022 15:01:08","24.03.2022 15:01:09"
"NSYCH001","61880_8","24.03.2022 15:08:56","24.03.2022 15:08:57"
"NSYCH001","61880_8","24.03.2022 16:10:00","24.03.2022 16:10:01"
"YUDOR001","61880-17-data-r1","25.03.2022 10:34:28","25.03.2022 10:34:29"
"YUDOR001","61880-17-data-r1","25.03.2022 12:00:36","25.03.2022 12:00:37"
"ASUSE","462359_rep","09.03.2022 18:14:57","09.03.2022 18:15:51"
"ASUSE","462359_rep","09.03.2022 23:50:55","09.03.2022 23:51:48"
"ASUSE","462359_rep","09.03.2022 23:52:09","09.03.2022 23:53:05"
"NCHER","61759_1","11.03.2022 18:56:03","11.03.2022 18:56:03"
"NSYCH001","61880_8","18.03.2022 14:49:52","18.03.2022 14:49:53"
"ASUSE","61880_12","14.03.2022 14:49:42","14.03.2022 14:49:45"
"ASUSE","61759_1","14.03.2022 15:17:04","14.03.2022 15:17:04"
"ASUSE","61880_10","14.03.2022 15:17:53","14.03.2022 15:17:53"
"ASUSE","61880-9-III","14.03.2022 15:19:23","14.03.2022 15:19:24"
"ASUSE","61880-9-III","14.03.2022 15:19:31","14.03.2022 15:19:31"
"ASUSE","61880-9-III","14.03.2022 15:19:35","14.03.2022 15:19:35"
"ASUSE","61880-9-IIÁ","14.03.2022 15:20:13","14.03.2022 15:20:14"
"ASUSE","61880-9-IIÁ","14.03.2022 15:20:57","14.03.2022 15:20:58"
"ASUSE","61880-9-IIÀ","14.03.2022 15:22:30","14.03.2022 15:22:32"
"YUDOR001","61880_13","21.03.2022 12:23:45","21.03.2022 12:23:45"
"YUDOR001","61880_2","21.03.2022 12:38:44","21.03.2022 12:38:45"
"YUDOR001","61880_2","21.03.2022 15:44:30","21.03.2022 15:44:31"
"YUDOR001","61880_2","21.03.2022 18:00:06","21.03.2022 18:00:08"
"NSYCH001","61880_2","25.03.2022 8:15:16","25.03.2022 8:15:18"
"NSYCH001","61880-17-data-r1","25.03.2022 10:58:48","25.03.2022 10:58:49"
"NSYCH001","61880_2","25.03.2022 11:20:03","25.03.2022 11:20:04"
"NSYCH001","61880_2","25.03.2022 12:04:16","25.03.2022 12:04:17"
"NSYCH001","61880_2","25.03.2022 12:06:42","25.03.2022 12:06:44"
"NSYCH001","61880-17-data-r1","25.03.2022 12:25:27","25.03.2022 12:25:28"
"NSYCH001","61880-17-data-r1","25.03.2022 12:36:08","25.03.2022 12:36:09"
"NSYCH001","61880-17-data-r1","25.03.2022 12:36:32","25.03.2022 12:36:33"
"NSYCH001","61880-17-data-r1","25.03.2022 12:37:30","25.03.2022 12:37:31"
"NSYCH001","61880-17-data-r1","25.03.2022 12:38:44","25.03.2022 12:38:44"
"NSYCH001","61880-17-data-r1","25.03.2022 12:39:45","25.03.2022 12:39:46"
"NSYCH001","61880-17-data-r1","25.03.2022 12:40:07","25.03.2022 12:40:07"
"NSYCH001","61880-17-data-r1","25.03.2022 12:42:01","25.03.2022 12:42:02"
"NSYCH001","61880_2","25.03.2022 12:53:03","25.03.2022 12:53:04"
"NSYCH001","61880-9-IÀ","25.03.2022 14:23:46","25.03.2022 14:23:47"
"NSYCH001","61880-9-IÁ","25.03.2022 14:34:33","25.03.2022 14:34:34"
"NSYCH001","61880-9-IÁ","25.03.2022 14:36:29","25.03.2022 14:36:30"
"NSYCH001","61880-9-IIÀ","25.03.2022 14:38:53","25.03.2022 14:38:55"
"NSYCH001","61880-9-IIÁ","25.03.2022 14:42:16","25.03.2022 14:42:18"
"NSYCH001","61880-9-III","25.03.2022 14:45:47","25.03.2022 14:45:48"
"VSHAP001","61880_2","31.03.2022 9:19:31","31.03.2022 9:19:32"
"VSHAP001","61880_2","31.03.2022 9:53:57","31.03.2022 9:53:58"
"VSHAP001","61880_2","31.03.2022 10:13:39","31.03.2022 10:13:40"
"ASUSE","61880_14","23.03.2022 0:18:27","23.03.2022 0:18:27"
"ASUSE","61880_14","23.03.2022 1:10:33","23.03.2022 1:10:35"
"ASUSE","61880_14","23.03.2022 1:21:27","23.03.2022 1:21:29"
"ASUSE","61880_14","23.03.2022 1:21:54","23.03.2022 1:21:55"
"ASUSE","61880_14","23.03.2022 1:22:09","23.03.2022 1:22:11"
"ASUSE","61880_14","23.03.2022 1:52:00","23.03.2022 1:52:02"
"ASUSE","61880_14","23.03.2022 1:52:09","23.03.2022 1:52:11"
"ASUSE","61880_14","23.03.2022 1:57:39","23.03.2022 1:57:41"
"NSYCH001","61880_2","24.03.2022 6:56:31","24.03.2022 6:56:33"
"NSYCH001","61880-17-data-r1","24.03.2022 8:20:43","24.03.2022 8:20:44"
"NSYCH001","61880-17-data-r1","24.03.2022 8:34:38","24.03.2022 8:34:39"
"NSYCH001","61880-17-data-r1","24.03.2022 8:38:45","24.03.2022 8:38:46"
"NSYCH001","61880_2","24.03.2022 10:21:55","24.03.2022 10:21:56"
"NSYCH001","61880_2","24.03.2022 10:24:47","24.03.2022 10:24:48"
"NSYCH001","61880_2","24.03.2022 10:37:23","24.03.2022 10:37:24"
"NSYCH001","61880_2","24.03.2022 10:58:12","24.03.2022 10:58:14"
"VSHAP001","61880_2","01.04.2022 9:03:59","01.04.2022 9:04:00"
"VSHAP001","61880_2","01.04.2022 9:05:00","01.04.2022 9:05:01"
"OKOK006","61880_13","04.04.2022 9:44:07","04.04.2022 9:44:08"
"NCHER","61880_12","18.03.2022 20:17:08","18.03.2022 20:17:12"
"NSYCH001","61880-17-data-r1","24.03.2022 13:45:13","24.03.2022 13:45:14"
"NSYCH001","61880-17-data-r1","24.03.2022 13:46:15","24.03.2022 13:46:16"
"ASUSE","61880_18","25.03.2022 11:21:18","25.03.2022 11:21:19"
"ASUSE","61880_19","25.03.2022 11:22:03","25.03.2022 11:22:03"
"YUDOR001","61880_18","25.03.2022 12:26:34","25.03.2022 12:26:35"
"YUDOR001","61880_19","25.03.2022 12:31:16","25.03.2022 12:31:16"
"YUDOR001","61880-17-data-r1","25.03.2022 13:13:08","25.03.2022 13:13:09"
"YUDOR001","61880-17-data-r1","25.03.2022 13:14:54","25.03.2022 13:14:55"
"YUDOR001","61880-9-IÀ","25.03.2022 14:50:50","25.03.2022 14:50:53"
"YUDOR001","61880-9-IÀ","25.03.2022 15:04:24","25.03.2022 15:04:26"
"YUDOR001","61880-9-IÀ","25.03.2022 15:04:35","25.03.2022 15:04:37"
"YUDOR001","61880-9-IÀ","25.03.2022 15:04:48","25.03.2022 15:04:52"
"VSHAP001","61880_2","28.03.2022 6:57:03","28.03.2022 6:57:04"
"VSHAP001","61880_2","28.03.2022 10:02:58","28.03.2022 10:02:59"
"NSYCH001","61880_12","17.03.2022 13:33:43","17.03.2022 13:33:44"
"NSYCH001","61880_12","17.03.2022 13:37:03","17.03.2022 13:37:04"
"NSYCH001","61880_12","17.03.2022 13:40:21","17.03.2022 13:40:25"
"NSYCH001","61880_10","17.03.2022 13:43:22","17.03.2022 13:43:22"
"NSYCH001","61880_10","17.03.2022 13:46:50","17.03.2022 13:46:50"
"NSYCH001","61880_10","17.03.2022 13:48:22","17.03.2022 13:48:22"
"NSYCH001","61880_10","17.03.2022 13:52:41","17.03.2022 13:52:42"
"NSYCH001","61880_10","17.03.2022 13:53:04","17.03.2022 13:53:04"
"NSYCH001","61880_14","17.03.2022 13:56:51","17.03.2022 13:56:52"
"NSYCH001","61880_14","17.03.2022 14:03:45","17.03.2022 14:03:46"
"NSYCH001","61880_14","17.03.2022 14:11:53","17.03.2022 14:11:54"
"ASUSE","61880_14","23.03.2022 10:03:21","23.03.2022 10:03:22"
"ASUSE","61880_14","23.03.2022 10:10:14","23.03.2022 10:10:16"
"ASUSE","61880_14","23.03.2022 10:20:48","23.03.2022 10:20:50"
"ASUSE","61880_14","23.03.2022 15:45:18","23.03.2022 15:45:19"
"ASUSE","61880_14","23.03.2022 17:43:10","23.03.2022 17:43:11"
"ASUSE","61880_14","23.03.2022 19:25:18","23.03.2022 19:25:19"
"YUDOR001","61880_2","24.03.2022 10:33:38","24.03.2022 10:33:39"
"ASUSE","61880_14","16.03.2022 14:55:58","16.03.2022 14:56:00"
"ASUSE","61880_12","16.03.2022 15:15:31","16.03.2022 15:15:33"
"ASUSE","61880_10","19.03.2022 18:23:37","19.03.2022 18:23:38"
"ASUSE","61880_2","19.03.2022 18:24:47","19.03.2022 18:24:48"
"ASUSE","61880_2","19.03.2022 18:48:41","19.03.2022 18:48:42"
"ASUSE","61880_2","19.03.2022 18:50:39","19.03.2022 18:50:40"
"ASUSE","61880_2","19.03.2022 18:55:18","19.03.2022 18:55:19"
"ASUSE","61880-9-IÀ","19.03.2022 19:25:45","19.03.2022 19:25:47"
"ASUSE","61880-9-IÀ","19.03.2022 19:26:04","19.03.2022 19:26:06"
"ASUSE","61880-9-IÁ","19.03.2022 19:29:35","19.03.2022 19:29:36"
"ASUSE","61880-9-IIÀ","19.03.2022 19:29:58","19.03.2022 19:29:59"
"ASUSE","61880-9-IIÁ","19.03.2022 19:30:40","19.03.2022 19:30:41"
"ASUSE","61880-9-III","19.03.2022 19:31:12","19.03.2022 19:31:12"
"YUDOR001","61880_2","24.03.2022 13:42:22","24.03.2022 13:42:23"
"YUDOR001","61880_2","24.03.2022 13:45:15","24.03.2022 13:45:16"
"YUDOR001","61880-17-data-r1","24.03.2022 13:47:12","24.03.2022 13:47:13"
"YUDOR001","61880_2","24.03.2022 13:49:23","24.03.2022 13:49:24"
"YUDOR001","61880_2","24.03.2022 13:50:39","24.03.2022 13:50:40"
"YUDOR001","61880_2","24.03.2022 13:51:34","24.03.2022 13:51:35"
"YUDOR001","61880_2","24.03.2022 13:52:31","24.03.2022 13:52:32"
"VSHAP001","61880_2","25.03.2022 11:19:36","25.03.2022 11:19:37"
"NSYCH001","61880_19","29.03.2022 8:07:46","29.03.2022 8:07:47"
"NSYCH001","61880_2","29.03.2022 14:23:58","29.03.2022 14:24:00"
"NSYCH001","61880_8","29.03.2022 14:37:58","29.03.2022 14:37:59"
"ASUSE","61880_18","31.03.2022 17:55:04","31.03.2022 17:55:29"
"YUDOR001","61880_10","21.03.2022 8:47:54","21.03.2022 8:47:54"
"YUDOR001","61880_2","21.03.2022 8:48:54","21.03.2022 8:48:56"
"YUDOR001","61880_12","21.03.2022 8:51:09","21.03.2022 8:51:11"
"YUDOR001","462359_rep","21.03.2022 8:59:51","21.03.2022 9:00:54"
"YUDOR001","462359_rep_year","21.03.2022 9:02:01","21.03.2022 9:03:05"
"OKOK006","61880_11","22.03.2022 11:49:38","22.03.2022 11:49:39"
"OKOK006","61880_11","22.03.2022 13:53:06","22.03.2022 13:53:07"
"ASUSE","61880-17-data-r1","24.03.2022 14:11:21","24.03.2022 14:11:22"
"LGAD001","61759_1","28.03.2022 8:07:02","28.03.2022 8:07:02"
"LGAD001","61880_2","28.03.2022 8:28:29","28.03.2022 8:28:30"
"LGAD001","61880_2","28.03.2022 9:48:50","28.03.2022 9:48:52"
"ASUSE","61880-17-data-r1","28.03.2022 10:39:18","28.03.2022 10:39:19"
"ASUSE","61880-17-data-r1","28.03.2022 10:42:29","28.03.2022 10:42:30"
"ASUSE","61880_19","28.03.2022 11:06:32","28.03.2022 11:06:33"
"YUDOR001","61880_18","01.04.2022 8:06:53","01.04.2022 8:06:53"
"OKOK006","61880_11","21.03.2022 20:25:09","21.03.2022 20:25:10"
"OKOK006","61880_12","21.03.2022 20:26:05","21.03.2022 20:26:09"
"OKOK006","61880_2","21.03.2022 20:26:53","21.03.2022 20:26:54"
"OKOK006","61759_1","21.03.2022 20:29:00","21.03.2022 20:29:01"
"ASUSE","61880_8","24.03.2022 21:26:39","24.03.2022 21:26:40"
"ASUSE","61880_19","24.03.2022 21:36:31","24.03.2022 21:36:32"
"ASUSE","61880_19","24.03.2022 21:36:58","24.03.2022 21:36:59"
"ASUSE","61880_19","24.03.2022 21:37:54","24.03.2022 21:37:55"
"ASUSE","61880_19","25.03.2022 13:24:42","25.03.2022 13:24:43"
"ASUSE","61880_2","25.03.2022 13:49:25","25.03.2022 13:49:27"
"ASUSE","61880-17-data-r1","25.03.2022 13:49:44","25.03.2022 13:49:45"
"ASUSE","61880-17-data-r1","25.03.2022 13:49:52","25.03.2022 13:49:53"
"ASUSE","61880-17-data-r1","25.03.2022 13:51:11","25.03.2022 13:51:12"
"ASUSE","61759_1","25.03.2022 13:52:00","25.03.2022 13:52:00"
"ASUSE","61880-17-data-r1","25.03.2022 15:16:08","25.03.2022 15:16:09"
"ASUSE","61880_2","25.03.2022 15:17:48","25.03.2022 15:17:49"
"ASUSE","61880_2","25.03.2022 15:22:10","25.03.2022 15:22:11"
"ASUSE","61880_19","28.03.2022 12:19:38","28.03.2022 12:19:39"
"ASUSE","61880_15","21.03.2022 11:34:57","21.03.2022 11:34:57"
"ASUSE","61880_8","21.03.2022 11:35:47","21.03.2022 11:35:48"
"ASUSE","61880_8","21.03.2022 11:38:34","21.03.2022 11:38:34"
"ASUSE","61880_2","21.03.2022 13:15:28","21.03.2022 13:15:29"
"ASUSE","61880_2","21.03.2022 13:20:08","21.03.2022 13:20:09"
"OKOK006","61880_14","30.03.2022 9:09:06","30.03.2022 9:09:09"
"OKOK006","61880_14","30.03.2022 9:15:58","30.03.2022 9:15:58"
"OKOK006","61880_14","30.03.2022 10:47:57","30.03.2022 10:47:59"
"ASUSE","61880-9-all","30.03.2022 12:58:59","30.03.2022 12:58:59"
"ASUSE","61880_18","31.03.2022 17:56:06","31.03.2022 17:56:07"
"OKOK006","61880_10","11.03.2022 8:16:02","11.03.2022 8:16:03"
"OKOK006","61880_10","11.03.2022 8:16:54","11.03.2022 8:16:55"
"OKOK006","61880_10","11.03.2022 8:17:30","11.03.2022 8:17:31"
"OKOK006","61880-9-IÀ","11.03.2022 8:18:19","11.03.2022 8:18:20"
"OKOK006","61880_14","11.03.2022 10:03:38","11.03.2022 10:03:38"
"OKOK006","61880_11","11.03.2022 12:34:59","11.03.2022 12:35:00"
"OKOK006","61880_2","11.03.2022 14:36:10","11.03.2022 14:36:10"
"OKOK006","61880_11","11.03.2022 15:02:48","11.03.2022 15:02:49"
"IGRI056","61880_11","24.03.2022 10:38:07","24.03.2022 10:38:08"
"IGRI056","61880_11","23.03.2022 8:32:47","23.03.2022 8:32:48"
"IGRI056","61880_11","23.03.2022 10:33:14","23.03.2022 10:33:14"
"YUDOR001","61880_18","01.04.2022 8:31:06","01.04.2022 8:31:07"
"OKOK006","61880_14","01.04.2022 15:54:50","01.04.2022 15:54:52"
"VSHAP001","61880_2","04.04.2022 8:22:47","04.04.2022 8:22:48"
"VSHAP001","61880_2","04.04.2022 8:56:36","04.04.2022 8:56:37"
"NSYCH001","61880_2","22.03.2022 15:57:26","22.03.2022 15:57:28"
"NSYCH001","61880_2","28.03.2022 12:10:18","28.03.2022 12:10:19"
"NSYCH001","61880_2","28.03.2022 15:29:22","28.03.2022 15:29:24"
"YUDOR001","61880_12","29.03.2022 8:29:13","29.03.2022 8:29:16"
"YUDOR001","61880_12","29.03.2022 8:46:24","29.03.2022 8:46:28"
"YUDOR001","61880_2","29.03.2022 9:00:23","29.03.2022 9:00:24"
"YUDOR001","61880_18","29.03.2022 10:29:37","29.03.2022 10:29:38"
"VSHAP001","61880_2","21.04.2022 7:43:29","21.04.2022 7:43:30"
"VSHAP001","61880_2","21.04.2022 10:25:29","21.04.2022 10:25:30"
"VSHAP001","61880_2","21.04.2022 10:34:59","21.04.2022 10:35:00"
"VSHAP001","61880_2","21.04.2022 11:06:50","21.04.2022 11:06:51"
"VSHAP001","61880_2","21.04.2022 11:20:27","21.04.2022 11:20:29"
"VSHAP001","61880_2","21.04.2022 11:31:39","21.04.2022 11:31:41"
"VSHAP001","61880_2","21.04.2022 11:42:16","21.04.2022 11:42:17"
"VSHAP001","61880_2","21.04.2022 11:46:40","21.04.2022 11:46:41"
"VSHAP001","61880_2","21.04.2022 11:51:52","21.04.2022 11:51:53"
"VSHAP001","61880_2","21.04.2022 13:08:24","21.04.2022 13:08:25"
"VSHAP001","61759_1","21.04.2022 13:10:58","21.04.2022 13:10:58"
"VSHAP001","61880_19","21.04.2022 15:27:24","21.04.2022 15:27:24"
"VSHAP001","61880_1","21.04.2022 15:30:11","21.04.2022 15:30:13"
"IMOS002","61880_8","22.04.2022 13:56:44","22.04.2022 13:56:45"
"IMOS002","61880_12","22.04.2022 13:57:33","22.04.2022 13:57:36"
"IMOS002","462361","22.04.2022 14:00:41","22.04.2022 14:00:41"
"LGAD001","61880_2","22.04.2022 15:28:33","22.04.2022 15:28:34"
"YUDOR001","61880_17","22.04.2022 15:51:25","22.04.2022 15:51:26"
"YUDOR001","61880_17","22.04.2022 15:54:53","22.04.2022 15:54:54"
"YUDOR001","61880_17","22.04.2022 15:55:33","22.04.2022 15:55:34"
"YUDOR001","61880_17","22.04.2022 16:04:52","22.04.2022 16:04:53"
"YUDOR001","61880_17","22.04.2022 16:10:52","22.04.2022 16:10:53"
"YUDOR001","61880_17","22.04.2022 16:17:14","22.04.2022 16:17:15"
"YUDOR001","61880_17","22.04.2022 16:18:06","22.04.2022 16:18:07"
"YUDOR001","61880-9-IÀ","22.04.2022 16:21:02","22.04.2022 16:21:04"
"YUDOR001","61880-9-IÁ","22.04.2022 16:21:46","22.04.2022 16:21:47"
"YUDOR001","61880-9-IÁ","22.04.2022 16:22:15","22.04.2022 16:22:16"
"YUDOR001","61880-9-IIÀ","22.04.2022 16:23:09","22.04.2022 16:23:10"
"YUDOR001","61880-9-IIÁ","22.04.2022 16:23:41","22.04.2022 16:23:42"
"YUDOR001","61880-9-III","22.04.2022 16:24:14","22.04.2022 16:24:14"
"LGAD001","61880_17","22.04.2022 17:28:15","22.04.2022 17:28:16"
"LGAD001","61880_17","22.04.2022 17:29:10","22.04.2022 17:29:11"
"LGAD001","61880_17","22.04.2022 17:29:37","22.04.2022 17:29:38"
"LGAD001","61880_17","22.04.2022 17:30:05","22.04.2022 17:30:06"
"LGAD001","61880-9-IÀ","22.04.2022 17:30:53","22.04.2022 17:30:54"
"LGAD001","61880-9-IÀ","22.04.2022 17:31:29","22.04.2022 17:31:30"
"LGAD001","61880-9-IÀ","22.04.2022 17:31:57","22.04.2022 17:31:59"
"LGAD001","61880-9-IÀ","22.04.2022 17:32:29","22.04.2022 17:32:32"
"LGAD001","61880-9-IÁ","22.04.2022 17:33:13","22.04.2022 17:33:14"
"LGAD001","61880_2","14.04.2022 8:52:10","14.04.2022 8:52:12"
"IGRI056","61880_2","20.04.2022 6:21:00","20.04.2022 6:21:01"
"IGRI056","61880_2","20.04.2022 14:29:51","20.04.2022 14:29:52"
"IMOS002","61880_2","21.04.2022 13:46:16","21.04.2022 13:46:18"
"IMOS002","61880_2","21.04.2022 13:47:46","21.04.2022 13:47:47"
"IMOS002","61880_2","21.04.2022 13:48:25","21.04.2022 13:48:26"
"IMOS002","61880_2","21.04.2022 13:48:55","21.04.2022 13:48:56"
"IMOS002","61880_2","21.04.2022 13:49:19","21.04.2022 13:49:20"
"YUDOR001","61880_17","22.04.2022 15:30:14","22.04.2022 15:30:15"
"YUDOR001","61880_17","22.04.2022 15:30:36","22.04.2022 15:30:37"
"YUDOR001","61880_17","22.04.2022 15:35:58","22.04.2022 15:35:59"
"YUDOR001","61880_17","22.04.2022 15:36:43","22.04.2022 15:36:44"
"YUDOR001","61880_17","22.04.2022 15:37:52","22.04.2022 15:37:53"
"YUDOR001","61880_17","22.04.2022 15:38:59","22.04.2022 15:39:00"
"YUDOR001","61880_17","22.04.2022 15:39:33","22.04.2022 15:39:34"
"ASUSE","61880_8","25.04.2022 13:38:29","25.04.2022 13:38:30"
"ASUSE","61759_1","25.04.2022 13:40:03","25.04.2022 13:40:03"
"ASUSE","61880_19","25.04.2022 13:41:11","25.04.2022 13:41:12"
"ASUSE","61880_12","25.04.2022 13:52:55","25.04.2022 13:52:59"
"ASUSE","61880_12","25.04.2022 13:53:21","25.04.2022 13:53:23"
"ASUSE","61880-9-IÀ","25.04.2022 14:03:42","25.04.2022 14:03:47"
"ASUSE","61880-9-IIÀ","25.04.2022 14:04:13","25.04.2022 14:04:14"
"ASUSE","61880_2","25.04.2022 14:12:24","25.04.2022 14:12:26"
"IGRI056","61880_2","15.04.2022 7:46:30","15.04.2022 7:46:31"
"VSHAP001","61880_2","19.04.2022 10:10:17","19.04.2022 10:10:19"
"LGAD001","61880_1","20.04.2022 14:56:50","20.04.2022 14:56:52"
"ASUSE","63051","21.04.2022 23:46:39","21.04.2022 23:46:40"
"ASUSE","462359_rep","21.04.2022 23:46:58","21.04.2022 23:48:28"
"ASUSE","462353","21.04.2022 23:49:14","21.04.2022 23:49:16"
"ASUSE","63051","21.04.2022 23:54:46","21.04.2022 23:54:46"
"ASUSE","61880_18","27.04.2022 12:39:03","27.04.2022 12:39:15"
"ASUSE","61880_18","27.04.2022 12:40:50","27.04.2022 12:41:17"
"ASUSE","61880_19","27.04.2022 12:55:33","27.04.2022 12:55:34"
"ASUSE","61880-9-IÀ","27.04.2022 13:29:06","27.04.2022 13:29:08"
"ASUSE","61880-9-IÀ","27.04.2022 13:29:18","27.04.2022 13:29:19"
"ASUSE","61880_19","28.04.2022 12:40:56","28.04.2022 12:40:57"
"ASUSE","61880_2","28.04.2022 14:39:40","28.04.2022 14:39:42"
"ASUSE","61880_2","28.04.2022 16:40:10","28.04.2022 16:40:11"
"VSHAP001","61880_2","28.04.2022 20:04:44","28.04.2022 20:04:45"
"ASUSE","61880_19","29.04.2022 10:32:27","29.04.2022 10:32:28"
"ASUSE","61880_2","29.04.2022 10:37:44","29.04.2022 10:37:46"
"ASUSE","61880_1","29.04.2022 11:00:05","29.04.2022 11:00:07"
"ASUSE","61880_2","29.04.2022 12:28:05","29.04.2022 12:28:07"
"VSHAP001","61880_2","04.05.2022 15:05:46","04.05.2022 15:05:47"
"VSHAP001","61880_2","04.05.2022 15:06:30","04.05.2022 15:06:31"
"VSHAP001","61880_2","15.04.2022 8:17:12","15.04.2022 8:17:13"
"ASUSE","61880-9-Â","21.04.2022 18:32:19","21.04.2022 18:32:20"
"LGAD001","61880-9-IÁ","22.04.2022 17:33:47","22.04.2022 17:33:48"
"NSYS002","61880_8","26.04.2022 14:58:24","26.04.2022 14:58:25"
"VSHAP001","61880_8","27.04.2022 19:10:05","27.04.2022 19:10:06"
"LGAD001","61880_2","28.04.2022 8:50:21","28.04.2022 8:50:23"
"LGAD001","61880_2","28.04.2022 9:03:43","28.04.2022 9:03:44"
"LGAD001","61880_19","28.04.2022 11:14:54","28.04.2022 11:14:54"
"OKOK006","63051","28.04.2022 17:28:08","28.04.2022 17:28:16"
"VSHAP001","61880_18","29.04.2022 6:25:19","29.04.2022 6:25:32"
"VSHAP001","61880_2","29.04.2022 8:34:59","29.04.2022 8:35:01"
"VSHAP001","61880_2","29.04.2022 11:15:48","29.04.2022 11:15:50"
"VSHAP001","61880_2","29.04.2022 11:24:49","29.04.2022 11:24:50"
"VSHAP001","61880_2","29.04.2022 11:32:22","29.04.2022 11:32:23"
"YUDOR001","61880_18","20.04.2022 12:28:52","20.04.2022 12:28:53"
"YUDOR001","61880_1","20.04.2022 14:56:02","20.04.2022 14:56:05"
"YUDOR001","61880_1","20.04.2022 14:58:45","20.04.2022 14:58:47"
"ASUSE","63051","25.04.2022 13:17:42","25.04.2022 13:17:42"
"ASUSE","63051","25.04.2022 13:17:58","25.04.2022 13:17:59"
"ASUSE","61880_8","25.04.2022 14:14:23","25.04.2022 14:14:24"
"IGRI056","61880_2","28.04.2022 10:12:57","28.04.2022 10:12:59"
"LGAD001","61880_1","20.04.2022 14:58:22","20.04.2022 14:58:24"
"LGAD001","61880_1","20.04.2022 14:59:20","20.04.2022 14:59:21"
"LGAD001","61880_2","20.04.2022 15:13:02","20.04.2022 15:13:03"
"LGAD001","61880_1","20.04.2022 15:23:31","20.04.2022 15:23:33"
"LGAD001","61880_19","20.04.2022 15:47:15","20.04.2022 15:47:15"
"LGAD001","61759_1","20.04.2022 16:04:55","20.04.2022 16:04:56"
"LGAD001","61880_19","20.04.2022 16:15:30","20.04.2022 16:15:31"
"LGAD001","61880_19","20.04.2022 16:18:58","20.04.2022 16:18:59"
"LGAD001","61880_19","20.04.2022 17:42:59","20.04.2022 17:43:00"
"LGAD001","61880_1","20.04.2022 17:45:20","20.04.2022 17:45:22"
"LGAD001","61880_19","20.04.2022 18:58:09","20.04.2022 18:58:10"
"LGAD001","61880_19","20.04.2022 18:58:10","20.04.2022 18:58:10"
"LGAD001","61880_19","20.04.2022 22:37:06","20.04.2022 22:37:07"
"ASUSE","61880_2","25.04.2022 14:37:01","25.04.2022 14:37:03"
"ASUSE","61880_10","25.04.2022 14:39:24","25.04.2022 14:39:25"
"ASUSE","61880_10","25.04.2022 14:40:59","25.04.2022 14:41:00"
"ASUSE","61880_10","25.04.2022 15:59:40","25.04.2022 15:59:41"
"ASUSE","61880_19","25.04.2022 16:00:51","25.04.2022 16:00:52"
"ASUSE","61880_2","25.04.2022 17:32:48","25.04.2022 17:32:50"
"ASUSE","61880_2","25.04.2022 17:33:43","25.04.2022 17:33:44"
"ASUSE","61880_2","25.04.2022 17:53:05","25.04.2022 17:53:06"
"ASUSE","61880_10","25.04.2022 17:53:45","25.04.2022 17:53:46"
"ASUSE","61880_10","25.04.2022 17:54:44","25.04.2022 17:54:44"
"ASUSE","63051","27.04.2022 22:27:12","27.04.2022 22:27:13"
"ASUSE","63051","27.04.2022 22:27:34","27.04.2022 22:27:35"
"ASUSE","63051","27.04.2022 22:28:30","27.04.2022 22:28:30"
"ASUSE","63051","27.04.2022 22:32:19","27.04.2022 22:32:46"
"ASUSE","63051","27.04.2022 23:06:34","27.04.2022 23:06:48"
"ASUSE","63051","27.04.2022 23:08:45","27.04.2022 23:09:29"
"ASUSE","63051","27.04.2022 23:11:15","27.04.2022 23:11:15"
"ASUSE","63051","27.04.2022 23:11:37","27.04.2022 23:11:38"
"ASUSE","63051","27.04.2022 23:24:21","27.04.2022 23:24:46"
"ASUSE","63051","27.04.2022 23:26:15","27.04.2022 23:26:18"
"NSYCH001","61880_19","05.05.2022 8:04:07","05.05.2022 8:04:08"
"NSYS002","61880_8","05.05.2022 9:38:33","05.05.2022 9:38:34"
"OKOK006","63051","15.04.2022 8:13:37","15.04.2022 8:13:38"
"OKOK006","63051","15.04.2022 12:50:54","15.04.2022 12:50:54"
"OKOK006","63051","15.04.2022 12:51:17","15.04.2022 12:51:17"
"IMOS002","61880_2","19.04.2022 14:51:32","19.04.2022 14:51:33"
"IMOS002","61880_2","19.04.2022 14:52:48","19.04.2022 14:52:49"
"IMOS002","61880_2","19.04.2022 17:34:35","19.04.2022 17:34:36"
"VSHAP001","61880_2","27.04.2022 15:00:36","27.04.2022 15:00:38"
"VSHAP001","61880_1","27.04.2022 15:28:26","27.04.2022 15:28:28"
"VSHAP001","61880_10","27.04.2022 15:31:53","27.04.2022 15:31:54"
"VSHAP001","61880_8","27.04.2022 15:38:32","27.04.2022 15:38:33"
"NSYS002","61880_8","04.05.2022 8:18:02","04.05.2022 8:18:04"
"LGAD001","61880_2","04.05.2022 9:45:15","04.05.2022 9:45:16"
"LGAD001","61880_19","04.05.2022 9:48:56","04.05.2022 9:48:58"
"LGAD001","61880_2","04.05.2022 9:55:28","04.05.2022 9:55:29"
"LGAD001","61880_2","04.05.2022 12:20:29","04.05.2022 12:20:31"
"YUDOR001","462359_rep","04.05.2022 12:39:37","04.05.2022 12:41:28"
"LGAD001","61880_2","04.05.2022 13:41:42","04.05.2022 13:41:44"
"LGAD001","61880_2","04.05.2022 14:12:16","04.05.2022 14:12:17"
"IGRI056","61880_2","18.04.2022 8:56:45","18.04.2022 8:56:46"
"ASUSE","61880_1","04.05.2022 17:06:59","04.05.2022 17:07:01"
"ASUSE","61880_2","05.05.2022 15:58:30","05.05.2022 15:58:32"
"ASUSE","61880_19","05.05.2022 16:25:38","05.05.2022 16:25:39"
"ASUSE","61880_19","05.05.2022 16:26:13","05.05.2022 16:26:13"
"OKOK006","63051","19.04.2022 11:56:30","19.04.2022 11:56:30"
"OKOK006","63051","19.04.2022 11:58:32","19.04.2022 11:58:32"
"OKOK006","63051","19.04.2022 11:58:42","19.04.2022 11:58:42"
"OKOK006","63051","19.04.2022 11:58:52","19.04.2022 11:58:52"
"OKOK006","61880_8","19.04.2022 13:20:38","19.04.2022 13:20:39"
"LGAD001","61880_1","20.04.2022 22:41:10","20.04.2022 22:41:12"
"LGAD001","61880_2","20.04.2022 22:43:17","20.04.2022 22:43:18"
"LGAD001","61880_2","20.04.2022 22:51:23","20.04.2022 22:51:24"
"LGAD001","61880_2","20.04.2022 23:53:53","20.04.2022 23:53:54"
"LGAD001","61880_19","21.04.2022 0:10:57","21.04.2022 0:10:57"
"LGAD001","61880_1","21.04.2022 0:17:54","21.04.2022 0:17:56"
"LGAD001","61880_2","21.04.2022 10:22:32","21.04.2022 10:22:34"
"LGAD001","61880_2","21.04.2022 10:37:01","21.04.2022 10:37:02"
"LGAD001","61880_2","21.04.2022 10:46:53","21.04.2022 10:46:54"
"LGAD001","61880_17","21.04.2022 11:06:25","21.04.2022 11:06:26"
"LGAD001","61880_17","21.04.2022 11:16:45","21.04.2022 11:16:47"
"LGAD001","61880_2","21.04.2022 12:33:35","21.04.2022 12:33:36"
"LGAD001","61880_19","21.04.2022 12:54:58","21.04.2022 12:54:59"
"LGAD001","61880_2","21.04.2022 13:04:25","21.04.2022 13:04:26"
"LGAD001","61880_2","21.04.2022 13:08:27","21.04.2022 13:08:28"
"LGAD001","61759_1","21.04.2022 14:37:53","21.04.2022 14:37:54"
"LGAD001","61880_17","21.04.2022 14:51:30","21.04.2022 14:51:31"
"LGAD001","61880_2","06.05.2022 7:36:39","06.05.2022 7:36:41"
"YUDOR001","61880_8","06.05.2022 7:44:25","06.05.2022 7:44:27"
"ASUSE","61880-9-IÀ","06.05.2022 12:04:47","06.05.2022 12:04:49"
"ASUSE","61880_19","06.05.2022 12:07:33","06.05.2022 12:07:34"
"VSHAP001","61880_2","08.05.2022 14:29:15","08.05.2022 14:29:16"
"VSHAP001","61880_2","14.04.2022 8:48:40","14.04.2022 8:48:42"
"VSHAP001","61880_2","14.04.2022 9:48:42","14.04.2022 9:48:43"
"VSHAP001","61880_19","14.04.2022 11:09:43","14.04.2022 11:09:44"
"VSHAP001","61880_2","14.04.2022 11:10:38","14.04.2022 11:10:39"
"VSHAP001","61880_2","14.04.2022 11:11:25","14.04.2022 11:11:26"
"LGAD001","61880_1","04.05.2022 14:29:27","04.05.2022 14:29:29"
"LGAD001","61880_19","04.05.2022 15:25:41","04.05.2022 15:25:42"
"LGAD001","61880_19","04.05.2022 15:26:09","04.05.2022 15:26:09"
"YUDOR001","462359_rep_year","05.05.2022 8:51:04","05.05.2022 8:52:49"
"VSHAP001","61880_17","05.05.2022 14:38:00","05.05.2022 14:38:01"
"OKOK006","61880_8","05.05.2022 16:02:15","05.05.2022 16:02:16"
"OKOK006","61880_8","05.05.2022 16:02:34","05.05.2022 16:02:35"
"ASUSE","61880_19","05.05.2022 16:27:39","05.05.2022 16:27:39"
"ASUSE","61880-9-all","05.05.2022 17:59:47","05.05.2022 17:59:47"
"YUDOR001","61880_8","05.05.2022 20:37:13","05.05.2022 20:37:14"
"OKOK006","63051","14.04.2022 14:37:54","14.04.2022 14:37:55"
"OKOK006","63051","14.04.2022 14:44:22","14.04.2022 14:44:22"
"LGAD001","61880_1","21.04.2022 15:14:09","21.04.2022 15:14:11"
"LGAD001","61880_1","21.04.2022 15:32:42","21.04.2022 15:32:45"
"LGAD001","61880_1","21.04.2022 15:35:21","21.04.2022 15:35:23"
"LGAD001","61880_17","21.04.2022 15:57:02","21.04.2022 15:57:03"
"LGAD001","61880_17","21.04.2022 15:57:30","21.04.2022 15:57:31"
"LGAD001","61880-9-IÀ","21.04.2022 16:00:34","21.04.2022 16:00:36"
"LGAD001","61880_17","21.04.2022 16:56:04","21.04.2022 16:56:05"
"LGAD001","61880_17","21.04.2022 17:10:53","21.04.2022 17:10:54"
"LGAD001","61880_17","21.04.2022 17:21:03","21.04.2022 17:21:04"
"LGAD001","61880_17","21.04.2022 17:26:21","21.04.2022 17:26:22"
"LGAD001","61880_17","21.04.2022 17:26:49","21.04.2022 17:26:49"
"LGAD001","61880-9-IÀ","21.04.2022 17:34:41","21.04.2022 17:34:43"
"LGAD001","61880-9-IÁ","21.04.2022 17:36:29","21.04.2022 17:36:30"
"LGAD001","61880-9-IIÀ","21.04.2022 17:38:19","21.04.2022 17:38:20"
"LGAD001","61880-9-IIÁ","21.04.2022 17:38:55","21.04.2022 17:38:56"
"LGAD001","61880-9-III","21.04.2022 17:39:25","21.04.2022 17:39:26"
"LGAD001","61880-9-III","21.04.2022 17:39:32","21.04.2022 17:39:32"
"LGAD001","61880-9-IÀ","21.04.2022 17:40:32","21.04.2022 17:40:33"
"LGAD001","61880-9-IÁ","21.04.2022 17:41:03","21.04.2022 17:41:04"
"LGAD001","61880-9-IIÀ","21.04.2022 17:41:29","21.04.2022 17:41:30"
"LGAD001","61880-9-IIÁ","21.04.2022 17:42:03","21.04.2022 17:42:04"
"LGAD001","61880-9-III","21.04.2022 17:42:32","21.04.2022 17:42:32"
"NYAK001","61880_10","21.04.2022 18:08:09","21.04.2022 18:08:10"
"NYAK001","61880_10","21.04.2022 18:19:24","21.04.2022 18:19:24"
"NYAK001","61880_10","21.04.2022 18:20:13","21.04.2022 18:20:14"
"NYAK001","61880_10","21.04.2022 18:32:50","21.04.2022 18:32:51"
"ASUSE","63051","22.04.2022 0:16:57","22.04.2022 0:16:57"
"OKOK006","61880_8","13.04.2022 8:05:57","13.04.2022 8:05:58"
"OKOK006","63051","13.04.2022 17:12:31","13.04.2022 17:12:32"
"OKOK006","63051","13.04.2022 17:12:50","13.04.2022 17:12:50"
"OKOK006","63051","13.04.2022 17:14:25","13.04.2022 17:14:25"
"OKOK006","63051","13.04.2022 17:14:33","13.04.2022 17:14:33"
"VSHAP001","61880_2","06.05.2022 6:33:04","06.05.2022 6:33:06"
"VSHAP001","61880_17","06.05.2022 6:54:08","06.05.2022 6:54:09"
"NSYCH001","61880_19","06.05.2022 9:15:28","06.05.2022 9:15:28"
"ASUSE","63051","20.04.2022 16:14:41","20.04.2022 16:14:42"
"IGRI056","61880_2","25.04.2022 10:29:47","25.04.2022 10:29:48"
"VSHAP001","61880_2","05.05.2022 16:10:50","05.05.2022 16:10:52"
"NCHER","61880_19","05.05.2022 17:58:16","05.05.2022 17:58:17"
"OKOK006","61880_14","20.04.2022 11:34:46","20.04.2022 11:34:48"
"OKOK006","61880_7","20.04.2022 11:37:15","20.04.2022 11:37:15"
"OKOK006","61880_17","20.04.2022 11:39:27","20.04.2022 11:39:29"
"OKOK006","61880_17","20.04.2022 11:40:22","20.04.2022 11:40:23"
"OKOK006","61880_17","20.04.2022 11:41:35","20.04.2022 11:41:36"
"OKOK006","61880_17","20.04.2022 17:09:24","20.04.2022 17:09:25"
"OKOK006","61880_14","20.04.2022 17:09:51","20.04.2022 17:09:53"
"NSYCH001","61880-9-Â","04.05.2022 15:29:46","04.05.2022 15:29:46"
"NSYCH001","61880-9-Â","04.05.2022 15:29:53","04.05.2022 15:29:54"
"LGAD001","61880_2","05.05.2022 7:55:10","05.05.2022 7:55:11"
"YUDOR001","61880_8","05.05.2022 20:37:51","05.05.2022 20:37:52"
"TEST2","61880_8","06.05.2022 8:26:00","06.05.2022 8:26:01"
"ASUSE","61880-9-IÀ","06.05.2022 11:57:10","06.05.2022 11:57:12"
"ASUSE","61880-9-all","06.05.2022 11:59:05","06.05.2022 11:59:06"
"NSYCH001","61880_19","15.04.2022 10:05:10","15.04.2022 10:05:11"
"YUDOR001","61880_8","19.04.2022 8:36:42","19.04.2022 8:36:43"
"YUDOR001","61880_1","19.04.2022 8:40:12","19.04.2022 8:40:15"
"NSYS002","61880_8","27.04.2022 9:49:41","27.04.2022 9:49:42"
"NYAK001","61880_14","29.04.2022 8:36:27","29.04.2022 8:36:29"
"IGRI056","61880_2","13.04.2022 9:13:16","13.04.2022 9:13:17"
"LGAD001","61880_2","13.04.2022 14:40:03","13.04.2022 14:40:04"
"VSHAP001","61880_2","20.04.2022 9:33:01","20.04.2022 9:33:02"
"VSHAP001","61880_2","20.04.2022 10:30:04","20.04.2022 10:30:05"
"VSHAP001","61880_2","20.04.2022 17:41:49","20.04.2022 17:41:50"
"VSHAP001","61880_19","20.04.2022 17:44:16","20.04.2022 17:44:16"
"VSHAP001","61880_8","20.04.2022 17:45:49","20.04.2022 17:45:50"
"VSHAP001","61880_1","20.04.2022 17:51:28","20.04.2022 17:51:30"
"VSHAP001","61880_19","20.04.2022 18:33:01","20.04.2022 18:33:01"
"VSHAP001","61880_8","20.04.2022 18:34:16","20.04.2022 18:34:17"
"VSHAP001","61880_1","20.04.2022 18:40:21","20.04.2022 18:40:23"
"NYAK001","61880_10","21.04.2022 11:12:01","21.04.2022 11:12:02"
"NYAK001","61880_20","21.04.2022 11:24:30","21.04.2022 11:24:30"
"NYAK001","61880-9-all","21.04.2022 11:45:08","21.04.2022 11:45:09"
"NYAK001","61880_10","21.04.2022 11:47:02","21.04.2022 11:47:03"
"NYAK001","61880_10","21.04.2022 11:47:51","21.04.2022 11:47:52"
"NYAK001","61880_10","21.04.2022 11:50:14","21.04.2022 11:50:15"
"NYAK001","61880_10","21.04.2022 11:51:25","21.04.2022 11:51:25"
"NYAK001","61880_10","21.04.2022 11:53:44","21.04.2022 11:53:45"
"NYAK001","61880_10","21.04.2022 12:04:02","21.04.2022 12:04:03"
"NYAK001","61880_10","21.04.2022 12:31:11","21.04.2022 12:31:12"
"NSYS002","61880_8","28.04.2022 11:48:01","28.04.2022 11:48:02"
"VSHAP001","61880_8","05.05.2022 20:40:04","05.05.2022 20:40:05"
"IMOS002","61880_2","18.04.2022 14:21:44","18.04.2022 14:21:45"
"IMOS002","61880_2","18.04.2022 14:27:26","18.04.2022 14:27:27"
"IMOS002","61880_2","18.04.2022 14:27:38","18.04.2022 14:27:39"
"IMOS002","61880_2","18.04.2022 14:27:51","18.04.2022 14:27:52"
"NYAK001","61880_10","21.04.2022 9:47:53","21.04.2022 9:47:54"
"NYAK001","61880_10","21.04.2022 10:40:13","21.04.2022 10:40:14"
"NYAK001","61880_10","21.04.2022 10:44:41","21.04.2022 10:44:42"
"NYAK001","61880_10","21.04.2022 10:54:02","21.04.2022 10:54:03"
"VSHAP001","61880_2","06.05.2022 12:51:51","06.05.2022 12:51:52"
"ASUSE","61880_19","06.05.2022 13:21:20","06.05.2022 13:21:21"
"IMOS002","61880_2","21.04.2022 10:56:34","21.04.2022 10:56:36"
"IMOS002","61880_2","21.04.2022 11:00:09","21.04.2022 11:00:10"
"VSHAP001","61880_7","22.04.2022 8:07:32","22.04.2022 8:07:33"
"ASUSE","61880_14","05.05.2022 10:03:08","05.05.2022 10:03:10"
"LGAD001","61880_19","05.05.2022 13:31:22","05.05.2022 13:31:23"
"NCHER","61880_19","06.05.2022 7:18:31","06.05.2022 7:18:32"
"LGAD001","61880_1","06.05.2022 11:28:56","06.05.2022 11:28:59"
"LGAD001","61880-9-IÀ","06.05.2022 13:07:12","06.05.2022 13:07:14"
"LGAD001","61880-9-IÀ","06.05.2022 13:08:00","06.05.2022 13:08:01"
"LGAD001","61880-9-IÀ","06.05.2022 13:09:11","06.05.2022 13:09:13"
"LGAD001","61880-9-IÀ","06.05.2022 13:10:25","06.05.2022 13:10:31"
"LGAD001","61880_10","06.05.2022 13:19:00","06.05.2022 13:19:01"
"VSHAP001","61880_2","20.04.2022 9:12:31","20.04.2022 9:12:33"
"VSHAP001","61880_1","20.04.2022 18:41:13","20.04.2022 18:41:15"
"VSHAP001","61880_2","20.04.2022 18:42:17","20.04.2022 18:42:19"
"VSHAP001","61880_1","20.04.2022 18:46:02","20.04.2022 18:46:03"
"VSHAP001","61880_1","20.04.2022 18:46:23","20.04.2022 18:46:25"
"VSHAP001","61880_1","20.04.2022 18:49:05","20.04.2022 18:49:07"
"VSHAP001","61880_10","20.04.2022 19:07:02","20.04.2022 19:07:03"
"VSHAP001","61880_19","20.04.2022 20:10:24","20.04.2022 20:10:25"
"VSHAP001","61880_19","20.04.2022 22:36:07","20.04.2022 22:36:08"
"VSHAP001","61880_2","04.05.2022 9:20:51","04.05.2022 9:20:53"
"VSHAP001","61880_2","04.05.2022 9:30:59","04.05.2022 9:31:02"
"VSHAP001","61880_2","04.05.2022 12:02:11","04.05.2022 12:02:12"
"VSHAP001","61880_2","04.05.2022 12:08:45","04.05.2022 12:08:46"
"VSHAP001","61880_10","04.05.2022 12:09:31","04.05.2022 12:09:32"
"VSHAP001","61880_10","04.05.2022 12:52:47","04.05.2022 12:52:47"
"VSHAP001","61880_2","04.05.2022 14:31:00","04.05.2022 14:31:01"
"VSHAP001","61880_19","05.05.2022 20:43:47","05.05.2022 20:43:47"
"VSHAP001","61880_19","05.05.2022 22:23:47","05.05.2022 22:23:48"
"VSHAP001","61880_2","06.05.2022 9:30:00","06.05.2022 9:30:01"
"VSHAP001","61880_1","06.05.2022 10:33:17","06.05.2022 10:33:19"
"VSHAP001","63051","22.04.2022 12:25:08","22.04.2022 12:25:09"
"VSHAP001","61880_2","22.04.2022 15:25:36","22.04.2022 15:25:38"
"VSHAP001","61880_19","22.04.2022 17:27:33","22.04.2022 17:27:33"
"VSHAP001","61880_2","22.04.2022 17:32:51","22.04.2022 17:32:53"
"YUDOR001","61880_18","26.04.2022 16:14:58","26.04.2022 16:14:59"
"YUDOR001","61880_2","26.04.2022 16:18:39","26.04.2022 16:18:40"
"ASUSE","61880_18","26.04.2022 17:09:49","26.04.2022 17:09:49"
"ASUSE","61880_8","26.04.2022 17:34:51","26.04.2022 17:34:52"
"IGRI056","61880_2","21.04.2022 12:38:41","21.04.2022 12:38:42"
"NCHER","61880_1","26.04.2022 20:30:39","26.04.2022 20:30:41"
"NCHER","61880_10","26.04.2022 20:32:19","26.04.2022 20:32:19"
"NCHER","61880_10","26.04.2022 20:34:29","26.04.2022 20:34:29"
"ASUSE","61880_19","06.05.2022 13:21:28","06.05.2022 13:21:29"
"LGAD001","61880_1","06.05.2022 13:22:06","06.05.2022 13:22:09"
"LGAD001","61880_1","06.05.2022 13:23:11","06.05.2022 13:23:13"
"LGAD001","61880-9-IÀ","06.05.2022 14:05:05","06.05.2022 14:05:07"
"LGAD001","61880-9-IÀ","06.05.2022 14:06:58","06.05.2022 14:07:00"
"ASUSE","462361","06.05.2022 14:09:26","06.05.2022 14:09:26"
"ASUSE","462361","06.05.2022 14:09:57","06.05.2022 14:09:58"
"VSHAP001","61880_1","20.04.2022 22:50:42","20.04.2022 22:50:44"
"VSHAP001","61880_2","20.04.2022 22:55:41","20.04.2022 22:55:42"
"YUDOR001","61880_20","21.04.2022 7:55:34","21.04.2022 7:55:34"
"YUDOR001","61880_20","21.04.2022 7:57:13","21.04.2022 7:57:14"
"OKOK006","61880_20","21.04.2022 9:00:09","21.04.2022 9:00:10"
"YUDOR001","61880_2","21.04.2022 9:18:51","21.04.2022 9:18:52"
"OKOK006","61880_20","21.04.2022 11:38:13","21.04.2022 11:38:13"
"YUDOR001","61880_14","21.04.2022 11:47:44","21.04.2022 11:47:46"
"YUDOR001","61880_14","21.04.2022 11:48:20","21.04.2022 11:48:21"
"YUDOR001","61880_14","21.04.2022 11:48:56","21.04.2022 11:48:58"
"YUDOR001","61880_14","21.04.2022 11:49:34","21.04.2022 11:49:36"
"YUDOR001","61880_14","21.04.2022 11:50:07","21.04.2022 11:50:09"
"YUDOR001","61880_14","21.04.2022 11:50:39","21.04.2022 11:50:41"
"YUDOR001","61880_14","21.04.2022 11:51:06","21.04.2022 11:51:08"
"YUDOR001","61880_2","21.04.2022 13:18:18","21.04.2022 13:18:19"
"YUDOR001","462359_rep","21.04.2022 13:20:13","21.04.2022 13:21:47"
"YUDOR001","462359_rep_year","21.04.2022 13:23:06","21.04.2022 13:24:41"
"OKOK006","61880_17","21.04.2022 13:39:43","21.04.2022 13:39:45"
"OKOK006","61880_17","21.04.2022 13:40:24","21.04.2022 13:40:25"
"OKOK006","61880_17","21.04.2022 13:41:04","21.04.2022 13:41:05"
"OKOK006","61880_17","21.04.2022 13:41:38","21.04.2022 13:41:40"
"OKOK006","61880_17","21.04.2022 13:42:10","21.04.2022 13:42:11"
"OKOK006","61880_17","21.04.2022 13:42:42","21.04.2022 13:42:44"
"OKOK006","61880_17","21.04.2022 13:43:13","21.04.2022 13:43:14"
"OKOK006","61880_17","21.04.2022 13:43:49","21.04.2022 13:43:51"
"IGRI056","61880_2","22.04.2022 13:12:39","22.04.2022 13:12:40"
"LGAD001","61880_2","26.04.2022 12:05:55","26.04.2022 12:05:57"
"LGAD001","61880_2","26.04.2022 12:17:36","26.04.2022 12:17:38"
"LGAD001","61880-9-all","26.04.2022 14:01:30","26.04.2022 14:01:31"
"LGAD001","61880_17","26.04.2022 14:22:30","26.04.2022 14:22:31"
"VSHAP001","61880_18","29.04.2022 6:14:00","29.04.2022 6:14:05"
"NSYS002","61880_8","25.04.2022 9:07:39","25.04.2022 9:07:40"
"NSYS002","61880_8","25.04.2022 14:11:09","25.04.2022 14:11:10"
"VSHAP001","61880_1","05.05.2022 7:34:36","05.05.2022 7:34:39"
"VSHAP001","61880_2","06.05.2022 10:46:46","06.05.2022 10:46:48"
"VSHAP001","61880_10","22.04.2022 18:24:45","22.04.2022 18:24:46"
"VSHAP001","61880_8","22.04.2022 18:47:54","22.04.2022 18:47:55"
"VSHAP001","61880_10","22.04.2022 18:49:35","22.04.2022 18:49:36"
"VSHAP001","61880_10","22.04.2022 19:04:53","22.04.2022 19:04:54"
"VSHAP001","61880_8","22.04.2022 19:27:00","22.04.2022 19:27:01"
"VSHAP001","61880_8","22.04.2022 19:39:45","22.04.2022 19:39:46"
"ASUSE","61880_1","26.04.2022 17:41:12","26.04.2022 17:41:14"
"ASUSE","61880_2","26.04.2022 17:50:16","26.04.2022 17:50:17"
"ASUSE","61880_2","21.04.2022 11:31:01","21.04.2022 11:31:02"
"ASUSE","61880_2","21.04.2022 11:41:15","21.04.2022 11:41:16"
"ASUSE","61880_2","21.04.2022 11:41:33","21.04.2022 11:41:34"
"ASUSE","61880_2","21.04.2022 11:47:03","21.04.2022 11:47:04"
"ASUSE","61880_2","21.04.2022 11:49:46","21.04.2022 11:49:47"
"ASUSE","61880_2","21.04.2022 12:08:14","21.04.2022 12:08:16"
"ASUSE","61880_1","21.04.2022 12:14:04","21.04.2022 12:14:07"
"ASUSE","61880_20","21.04.2022 13:29:50","21.04.2022 13:29:51"
"ASUSE","61880_2","21.04.2022 13:55:57","21.04.2022 13:55:59"
"ASUSE","61880_20","21.04.2022 13:56:11","21.04.2022 13:56:11"
"ASUSE","61880_1","21.04.2022 14:18:13","21.04.2022 14:18:16"
"ASUSE","61880_1","21.04.2022 14:20:37","21.04.2022 14:20:39"
"ASUSE","61880_8","26.04.2022 11:44:35","26.04.2022 11:44:36"
"ASUSE","61880_3","18.04.2022 14:31:01","18.04.2022 14:31:01"
"ASUSE","61880_3","18.04.2022 14:31:21","18.04.2022 14:31:22"
"ASUSE","61880_18","18.04.2022 14:35:25","18.04.2022 14:35:26"
"ASUSE","61880_18","18.04.2022 14:36:11","18.04.2022 14:36:12"
"ASUSE","61880_18","18.04.2022 14:36:37","18.04.2022 14:36:38"
"IMOS002","61880_2","15.04.2022 13:09:45","15.04.2022 13:09:46"
"IMOS002","61880_2","15.04.2022 13:10:17","15.04.2022 13:10:18"
"IMOS002","61880_2","15.04.2022 13:14:06","15.04.2022 13:14:07"
"IMOS002","61880_2","15.04.2022 13:14:55","15.04.2022 13:14:57"
"NYAK001","61880_8","25.04.2022 9:07:17","25.04.2022 9:07:18"
"NSYS002","61880_8","06.05.2022 11:31:25","06.05.2022 11:31:26"
"VSHAP001","61880_2","06.05.2022 12:42:54","06.05.2022 12:42:55"
"ASUSE","61880_18","26.04.2022 17:50:44","26.04.2022 17:50:45"
"ASUSE","61880_18","26.04.2022 17:55:17","26.04.2022 17:55:17"
"ASUSE","61880_18","26.04.2022 17:57:43","26.04.2022 17:58:08"
"OKOK006","63051","22.04.2022 17:56:58","22.04.2022 17:56:59"
"OKOK006","63051","22.04.2022 17:57:36","22.04.2022 17:57:36"
"ASUSE","61880_1","26.04.2022 11:47:05","26.04.2022 11:47:08"
"ASUSE","61880_2","26.04.2022 12:03:49","26.04.2022 12:03:51"
"ASUSE","61880_10","26.04.2022 12:05:00","26.04.2022 12:05:01"
"ASUSE","61880_19","26.04.2022 12:05:43","26.04.2022 12:05:43"
"ASUSE","61880_2","26.04.2022 12:38:33","26.04.2022 12:38:35"
"ASUSE","61880_2","26.04.2022 12:40:21","26.04.2022 12:40:23"
"ASUSE","61880_10","26.04.2022 12:43:17","26.04.2022 12:43:17"
"ASUSE","61880_17","26.04.2022 12:54:23","26.04.2022 12:54:24"
"ASUSE","61880_17","26.04.2022 12:55:20","26.04.2022 12:55:21"
"ASUSE","61880-9-all","26.04.2022 12:57:30","26.04.2022 12:57:31"
"ASUSE","61880_18","27.04.2022 10:50:21","27.04.2022 10:50:48"
"ASUSE","61880_2","27.04.2022 10:51:08","27.04.2022 10:51:09"
"ASUSE","61880_19","27.04.2022 11:06:40","27.04.2022 11:06:41"
"ASUSE","61880_18","27.04.2022 11:44:26","27.04.2022 11:44:53"
"ASUSE","61880_2","27.04.2022 11:45:59","27.04.2022 11:46:00"
"ASUSE","61880_19","27.04.2022 11:54:56","27.04.2022 11:54:57"
"ASUSE","61880_18","18.04.2022 14:37:08","18.04.2022 14:37:09"
"ASUSE","61880_18","18.04.2022 14:37:23","18.04.2022 14:37:23"
"ASUSE","61880_18","18.04.2022 14:37:29","18.04.2022 14:37:30"
"LGAD001","61880_8","18.04.2022 12:47:02","18.04.2022 12:47:04"
"LGAD001","61880_2","18.04.2022 13:23:18","18.04.2022 13:23:19"
"LGAD001","61880_10","18.04.2022 13:39:33","18.04.2022 13:39:34"
"LGAD001","61880_10","18.04.2022 13:50:04","18.04.2022 13:50:05"
"LGAD001","61880_10","18.04.2022 13:52:51","18.04.2022 13:52:52"
"LGAD001","61880_2","27.04.2022 8:54:44","27.04.2022 8:54:46"
"LGAD001","61880_2","27.04.2022 9:11:48","27.04.2022 9:11:49"
"LGAD001","61880_2","27.04.2022 9:19:48","27.04.2022 9:19:50"
"LGAD001","61880_19","27.04.2022 13:35:43","27.04.2022 13:35:43"
"LGAD001","61880_19","27.04.2022 13:40:13","27.04.2022 13:40:13"
"ASUSE","63051","19.04.2022 11:12:30","19.04.2022 11:12:30"
"OKOK006","61880-9-IÀ","22.04.2022 10:26:30","22.04.2022 10:26:32"
"OKOK006","61880-9-IÁ","22.04.2022 10:26:52","22.04.2022 10:26:53"
"OKOK006","61880-9-Â","22.04.2022 10:27:05","22.04.2022 10:27:05"
"OKOK006","61880-9-Â","22.04.2022 10:27:08","22.04.2022 10:27:09"
"OKOK006","61880-9-IIÀ","22.04.2022 10:27:19","22.04.2022 10:27:20"
"OKOK006","61880-9-IIÁ","22.04.2022 10:27:33","22.04.2022 10:27:34"
"OKOK006","61880-9-III","22.04.2022 10:27:46","22.04.2022 10:27:46"
"OKOK006","61880_18","22.04.2022 13:43:41","22.04.2022 13:43:42"
"OKOK006","61880_18","22.04.2022 13:45:16","22.04.2022 13:45:17"
"OKOK006","61880_18","22.04.2022 13:45:33","22.04.2022 13:45:33"
"VSHAP001","61880_10","25.04.2022 8:18:43","25.04.2022 8:18:44"
"VSHAP001","61880_10","25.04.2022 8:23:47","25.04.2022 8:23:48"
"VSHAP001","61880_10","25.04.2022 8:53:25","25.04.2022 8:53:26"
"VSHAP001","61880_10","25.04.2022 8:54:51","25.04.2022 8:54:51"
"VSHAP001","61880_10","25.04.2022 8:56:25","25.04.2022 8:56:26"
"VSHAP001","61880_10","25.04.2022 8:57:46","25.04.2022 8:57:46"
"VSHAP001","61880_10","25.04.2022 8:59:04","25.04.2022 8:59:04"
"VSHAP001","61880_10","25.04.2022 9:00:18","25.04.2022 9:00:19"
"VSHAP001","61880_10","25.04.2022 9:01:32","25.04.2022 9:01:33"
"VSHAP001","61880_17","25.04.2022 9:08:58","25.04.2022 9:08:59"
"VSHAP001","61880_17","25.04.2022 9:11:25","25.04.2022 9:11:27"
"VSHAP001","61880_17","25.04.2022 9:12:48","25.04.2022 9:12:49"
"VSHAP001","61880_17","25.04.2022 9:14:13","25.04.2022 9:14:14"
"VSHAP001","61880_17","25.04.2022 9:15:35","25.04.2022 9:15:36"
"VSHAP001","61880_17","25.04.2022 9:17:47","25.04.2022 9:17:48"
"VSHAP001","61880_17","25.04.2022 9:19:04","25.04.2022 9:19:05"
"VSHAP001","61880_2","25.04.2022 9:59:26","25.04.2022 9:59:27"
"VSHAP001","61880_2","25.04.2022 11:43:03","25.04.2022 11:43:04"
"VSHAP001","61880_19","25.04.2022 13:46:48","25.04.2022 13:46:48"
"VSHAP001","61880_8","25.04.2022 13:49:31","25.04.2022 13:49:32"
"ASUSE","61880_18","27.04.2022 12:00:15","27.04.2022 12:00:44"
"ASUSE","61880_18","27.04.2022 12:13:41","27.04.2022 12:13:55"
"LGAD001","61880_2","13.04.2022 8:39:47","13.04.2022 8:39:49"
"LGAD001","61880_2","13.04.2022 9:17:08","13.04.2022 9:17:09"
"ASUSE","61880_18","18.04.2022 14:37:46","18.04.2022 14:37:47"
"ASUSE","61880_18","18.04.2022 14:37:54","18.04.2022 14:37:55"
"ASUSE","61880_18","18.04.2022 14:38:07","18.04.2022 14:38:08"
"NCHER","61880_11","27.04.2022 20:59:38","27.04.2022 20:59:39"
"ASUSE","63051","28.04.2022 17:00:33","28.04.2022 17:00:34"
"ASUSE","63051","28.04.2022 17:02:27","28.04.2022 17:02:41"
"VSHAP001","61880_19","05.05.2022 8:12:04","05.05.2022 8:12:04"
"OKOK006","61880_18","22.04.2022 13:47:19","22.04.2022 13:47:20"
"OKOK006","61880_18","22.04.2022 13:51:46","22.04.2022 13:51:47"
"ASUSE","61880_18","26.04.2022 18:02:14","26.04.2022 18:02:43"
"VSHAP001","61880_8","25.04.2022 14:56:45","25.04.2022 14:56:46"
"VSHAP001","61880_19","25.04.2022 14:58:58","25.04.2022 14:58:59"
"VSHAP001","61880_19","25.04.2022 14:59:22","25.04.2022 14:59:23"
"VSHAP001","61880_2","25.04.2022 15:04:53","25.04.2022 15:04:55"
"VSHAP001","61880_10","25.04.2022 15:25:40","25.04.2022 15:25:41"
"VSHAP001","61880_8","25.04.2022 15:26:28","25.04.2022 15:26:29"
"VSHAP001","61880_8","25.04.2022 15:26:58","25.04.2022 15:26:59"
"ASUSE","61880_18","27.04.2022 12:14:40","27.04.2022 12:14:45"
"ASUSE","61880_18","18.04.2022 14:38:23","18.04.2022 14:38:23"
"ASUSE","61880_18","18.04.2022 14:38:34","18.04.2022 14:38:35"
"ASUSE","61880_18","18.04.2022 14:38:43","18.04.2022 14:38:44"
"VSHAP001","63051","19.04.2022 13:38:35","19.04.2022 13:38:35"
"VSHAP001","63051","19.04.2022 13:39:30","19.04.2022 13:39:30"
"VSHAP001","61880_2","19.04.2022 18:37:46","19.04.2022 18:37:47"
"VSHAP001","61880_2","19.04.2022 19:04:55","19.04.2022 19:04:56"
"NSYS002","61880_18","21.04.2022 16:58:58","21.04.2022 16:58:59"
"VSHAP001","61880_2","05.05.2022 8:22:58","05.05.2022 8:22:59"
"VSHAP001","61880_19","05.05.2022 9:12:39","05.05.2022 9:12:40"
"LGAD001","61880_18","29.04.2022 8:24:57","29.04.2022 8:25:24"
"LGAD001","61880_2","29.04.2022 8:46:45","29.04.2022 8:46:47"
"LGAD001","61880_2","29.04.2022 8:58:22","29.04.2022 8:58:23"
"LGAD001","61880_2","29.04.2022 9:02:36","29.04.2022 9:02:37"
"LGAD001","61880_19","29.04.2022 9:03:08","29.04.2022 9:03:09"
"LGAD001","61880_2","29.04.2022 11:47:07","29.04.2022 11:47:09"
"LGAD001","61880_2","29.04.2022 11:49:49","29.04.2022 11:49:50"
"NSYS002","61880_8","29.04.2022 14:07:40","29.04.2022 14:07:42"
"YUDOR001","61880_19","04.05.2022 21:54:31","04.05.2022 21:54:32"
"LGAD001","61880-9-IÀ","05.05.2022 8:52:39","05.05.2022 8:52:41"
"ASUSE","61880-9-all","05.05.2022 11:56:38","05.05.2022 11:56:42"
"ASUSE","61880-9-Â","05.05.2022 11:57:37","05.05.2022 11:57:37"
"LGAD001","61880_2","15.04.2022 13:34:34","15.04.2022 13:34:35"
"ASUSE","61880_1","19.04.2022 20:48:08","19.04.2022 20:48:11"
"ASUSE","61880_1","19.04.2022 20:56:11","19.04.2022 20:56:13"
"ASUSE","61880_1","19.04.2022 20:57:16","19.04.2022 20:57:18"
"ASUSE","61880_1","19.04.2022 20:57:35","19.04.2022 20:57:37"
"ASUSE","61880_18","18.04.2022 14:39:36","18.04.2022 14:39:37"
"ASUSE","61880_18","18.04.2022 14:39:43","18.04.2022 14:39:44"
"ASUSE","61880_18","18.04.2022 14:39:54","18.04.2022 14:39:55"
"LGAD001","61880_2","14.04.2022 7:28:01","14.04.2022 7:28:02"
"LGAD001","61880_19","19.04.2022 20:59:27","19.04.2022 20:59:28"
"LGAD001","61880_10","19.04.2022 21:21:48","19.04.2022 21:21:49"
"LGAD001","61880_10","19.04.2022 21:22:50","19.04.2022 21:22:51"
"LGAD001","61880_2","19.04.2022 21:26:42","19.04.2022 21:26:43"
"ASUSE","61880_19","20.04.2022 21:15:56","20.04.2022 21:17:04"
"ASUSE","61880_19","20.04.2022 21:17:57","20.04.2022 21:17:58"
"ASUSE","61880_19","20.04.2022 21:19:43","20.04.2022 21:19:43"
"ASUSE","61880_19","20.04.2022 22:18:28","20.04.2022 22:18:29"
"ASUSE","61880_19","20.04.2022 22:20:56","20.04.2022 22:20:57"
"ASUSE","61880_19","20.04.2022 22:29:16","20.04.2022 22:29:17"
"ASUSE","61880_19","20.04.2022 22:39:21","20.04.2022 22:39:22"
"ASUSE","61880_19","20.04.2022 22:42:52","20.04.2022 22:42:53"
"ASUSE","61880_2","20.04.2022 23:25:54","20.04.2022 23:25:55"
"ASUSE","61880_2","20.04.2022 23:39:54","20.04.2022 23:39:55"
"ASUSE","61880_2","20.04.2022 23:52:56","20.04.2022 23:52:57"
"ASUSE","61880_2","20.04.2022 23:55:45","20.04.2022 23:55:46"
"ASUSE","61880_2","20.04.2022 23:59:30","20.04.2022 23:59:31"
"ASUSE","61880_2","21.04.2022 0:01:10","21.04.2022 0:01:11"
"ASUSE","61880_2","21.04.2022 0:02:17","21.04.2022 0:02:18"
"ASUSE","61880_2","21.04.2022 0:04:12","21.04.2022 0:04:13"
"ASUSE","61880_2","21.04.2022 0:08:02","21.04.2022 0:08:04"
"ASUSE","61880_2","21.04.2022 0:10:16","21.04.2022 0:10:18"
"ASUSE","61880_2","21.04.2022 0:11:47","21.04.2022 0:11:49"
"ASUSE","61880_2","21.04.2022 0:13:37","21.04.2022 0:13:38"
"ASUSE","61880_2","21.04.2022 0:16:45","21.04.2022 0:16:46"
"ASUSE","61880_2","21.04.2022 0:17:43","21.04.2022 0:17:44"
"ASUSE","61880_2","21.04.2022 0:18:46","21.04.2022 0:18:47"
"ASUSE","61880_2","21.04.2022 0:20:31","21.04.2022 0:20:32"
"ASUSE","61880_2","21.04.2022 0:23:33","21.04.2022 0:23:34"
"ASUSE","61880_2","21.04.2022 0:24:55","21.04.2022 0:24:56"
"ASUSE","61880_2","21.04.2022 0:26:15","21.04.2022 0:26:17"
"ASUSE","61880_2","21.04.2022 0:27:33","21.04.2022 0:27:34"
"ASUSE","61880_2","21.04.2022 0:31:30","21.04.2022 0:31:31"
"ASUSE","61880_2","21.04.2022 0:37:02","21.04.2022 0:37:03"
"ASUSE","61880_2","21.04.2022 0:41:22","21.04.2022 0:41:23"
"ASUSE","61880_2","21.04.2022 0:42:53","21.04.2022 0:42:54"
"ASUSE","61880_2","21.04.2022 0:44:28","21.04.2022 0:44:29"
"ASUSE","61880_2","21.04.2022 0:57:36","21.04.2022 0:57:37"
"ASUSE","61880_2","21.04.2022 0:58:48","21.04.2022 0:58:49"
"ASUSE","61880_2","21.04.2022 1:00:01","21.04.2022 1:00:02"
"ASUSE","61880_2","21.04.2022 1:00:44","21.04.2022 1:00:46"
"ASUSE","61880_2","21.04.2022 1:02:16","21.04.2022 1:02:17"
"ASUSE","61880_2","21.04.2022 1:05:57","21.04.2022 1:05:58"
"ASUSE","61880_2","21.04.2022 1:06:47","21.04.2022 1:06:48"
"ASUSE","61880_2","21.04.2022 1:11:32","21.04.2022 1:11:33"
"VSHAP001","61880_19","05.05.2022 9:14:40","05.05.2022 9:14:41"
"VSHAP001","61880_19","05.05.2022 9:27:02","05.05.2022 9:27:03"
"VSHAP001","61880-9-IÀ","05.05.2022 9:49:33","05.05.2022 9:49:38"
"VSHAP001","61759_1","18.04.2022 11:07:22","18.04.2022 11:07:22"
"VSHAP001","61759_1","18.04.2022 11:25:59","18.04.2022 11:26:00"
"VSHAP001","61880_19","18.04.2022 14:11:51","18.04.2022 14:11:52"
"VSHAP001","61880_8","18.04.2022 14:28:22","18.04.2022 14:28:23"
"VSHAP001","61880_10","18.04.2022 14:32:44","18.04.2022 14:32:45"
"YUDOR001","61880_8","22.04.2022 17:48:48","22.04.2022 17:48:50"
"LGAD001","61880_17","23.04.2022 16:51:45","23.04.2022 16:51:46"
"LGAD001","61880_17","23.04.2022 16:56:40","23.04.2022 16:56:41"
"LGAD001","61880_17","23.04.2022 16:57:33","23.04.2022 16:57:34"
"LGAD001","61880_17","23.04.2022 16:58:24","23.04.2022 16:58:25"
"LGAD001","61880_17","23.04.2022 16:58:48","23.04.2022 16:58:49"
"LGAD001","61880_17","23.04.2022 16:59:12","23.04.2022 16:59:13"
"LGAD001","61880_17","23.04.2022 16:59:40","23.04.2022 16:59:41"
"LGAD001","61880-9-IÀ","23.04.2022 17:08:58","23.04.2022 17:08:59"
"LGAD001","61880-9-IÁ","23.04.2022 17:09:39","23.04.2022 17:09:40"
"LGAD001","61880-9-IÁ","23.04.2022 17:10:02","23.04.2022 17:10:03"
"LGAD001","61880-9-Â","23.04.2022 17:10:32","23.04.2022 17:10:32"
"LGAD001","61880-9-IÀ","23.04.2022 17:13:36","23.04.2022 17:13:37"
"LGAD001","61880-9-IÀ","23.04.2022 17:13:37","23.04.2022 17:13:38"
"LGAD001","61880-9-IÁ","23.04.2022 17:14:18","23.04.2022 17:14:19"
"LGAD001","61880-9-IIÀ","23.04.2022 17:15:20","23.04.2022 17:15:21"
"LGAD001","61880-9-IIÁ","23.04.2022 17:15:55","23.04.2022 17:15:56"
"LGAD001","61880-9-III","23.04.2022 17:16:29","23.04.2022 17:16:29"
"LGAD001","61880-9-IÀ","23.04.2022 18:14:01","23.04.2022 18:14:03"
"LGAD001","61880-9-IÁ","23.04.2022 18:15:12","23.04.2022 18:15:13"
"LGAD001","61880-9-IIÀ","23.04.2022 18:15:36","23.04.2022 18:15:37"
"LGAD001","61880-9-IIÁ","23.04.2022 18:15:59","23.04.2022 18:16:00"
"LGAD001","61880-9-III","23.04.2022 18:17:59","23.04.2022 18:17:59"
"LGAD001","61880-9-IÀ","23.04.2022 18:22:31","23.04.2022 18:22:32"
"LGAD001","61880-9-IÁ","23.04.2022 18:23:09","23.04.2022 18:23:10"
"LGAD001","61880-9-IIÀ","23.04.2022 18:23:42","23.04.2022 18:23:44"
"LGAD001","61880-9-IIÁ","23.04.2022 18:24:17","23.04.2022 18:24:18"
"LGAD001","61880-9-III","23.04.2022 18:24:45","23.04.2022 18:24:45"
"LGAD001","61880-9-IÀ","23.04.2022 18:26:28","23.04.2022 18:26:31"
"LGAD001","61880-9-IÁ","23.04.2022 18:27:10","23.04.2022 18:27:11"
"LGAD001","61880-9-IIÀ","23.04.2022 18:27:43","23.04.2022 18:27:44"
"LGAD001","61880-9-IIÁ","23.04.2022 18:28:27","23.04.2022 18:28:28"
"LGAD001","61880-9-III","23.04.2022 18:29:01","23.04.2022 18:29:01"
"LGAD001","61880-9-IÀ","23.04.2022 18:30:32","23.04.2022 18:30:33"
"LGAD001","61880-9-IÁ","23.04.2022 18:31:08","23.04.2022 18:31:09"
"LGAD001","61880-9-IIÀ","23.04.2022 18:31:50","23.04.2022 18:31:52"
"LGAD001","61880-9-IIÁ","23.04.2022 18:32:43","23.04.2022 18:32:44"
"LGAD001","61880-9-III","23.04.2022 18:33:22","23.04.2022 18:33:22"
"LGAD001","61880-9-IÀ","23.04.2022 18:34:59","23.04.2022 18:35:00"
"LGAD001","61880-9-IÁ","23.04.2022 18:35:28","23.04.2022 18:35:29"
"LGAD001","61880-9-IIÀ","23.04.2022 18:35:58","23.04.2022 18:35:59"
"LGAD001","61880-9-IIÁ","23.04.2022 18:36:36","23.04.2022 18:36:37"
"LGAD001","61880-9-III","23.04.2022 18:37:08","23.04.2022 18:37:08"
"LGAD001","61880-9-IÀ","23.04.2022 18:42:14","23.04.2022 18:42:15"
"LGAD001","61880-9-IÀ","23.04.2022 18:42:20","23.04.2022 18:42:21"
"LGAD001","61880-9-IÀ","23.04.2022 18:42:21","23.04.2022 18:42:22"
"LGAD001","61880-9-IÀ","23.04.2022 18:42:36","23.04.2022 18:42:38"
"LGAD001","61880-9-IÁ","23.04.2022 18:43:07","23.04.2022 18:43:08"
"LGAD001","61880-9-IIÀ","23.04.2022 18:43:35","23.04.2022 18:43:37"
"LGAD001","61880-9-IIÁ","23.04.2022 18:44:11","23.04.2022 18:44:12"
"LGAD001","61880-9-III","23.04.2022 18:44:38","23.04.2022 18:44:38"
"LGAD001","61880-9-IÀ","23.04.2022 18:48:20","23.04.2022 18:48:21"
"VSHAP001","61880_19","26.04.2022 6:43:48","26.04.2022 6:43:49"
"VSHAP001","61880_2","26.04.2022 9:15:29","26.04.2022 9:15:30"
"VSHAP001","61880_19","26.04.2022 9:55:24","26.04.2022 9:55:24"
"VSHAP001","61880_19","26.04.2022 9:56:51","26.04.2022 9:56:52"
"NSYCH001","63051","14.04.2022 7:12:08","14.04.2022 7:12:09"
"NSYCH001","63051","14.04.2022 7:16:02","14.04.2022 7:16:02"
"ASUSE","61880_1","19.04.2022 20:57:43","19.04.2022 20:57:45"
"ASUSE","61880_1","19.04.2022 20:57:52","19.04.2022 20:57:53"
"ASUSE","61880_1","19.04.2022 20:57:58","19.04.2022 20:58:00"
"ASUSE","61880_1","19.04.2022 20:58:17","19.04.2022 20:58:18"
"IGRI056","61880_2","26.04.2022 7:49:45","26.04.2022 7:49:46"
"IGRI056","61880_2","26.04.2022 10:49:11","26.04.2022 10:49:12"
"IGRI056","61880_2","26.04.2022 12:07:35","26.04.2022 12:07:36"
"ASUSE","63051","13.04.2022 12:25:22","13.04.2022 12:25:23"
"LGAD001","61880_2","15.04.2022 8:36:18","15.04.2022 8:36:19"
"LGAD001","61880_2","15.04.2022 9:36:46","15.04.2022 9:36:47"
"LGAD001","61880_2","15.04.2022 12:19:11","15.04.2022 12:19:12"
"LGAD001","61880_2","15.04.2022 12:49:23","15.04.2022 12:49:24"
"LGAD001","61880_2","18.04.2022 8:41:23","18.04.2022 8:41:25"
"LGAD001","61880_2","18.04.2022 9:41:47","18.04.2022 9:41:48"
"LGAD001","61759_1","18.04.2022 9:59:10","18.04.2022 9:59:11"
"LGAD001","61759_1","18.04.2022 9:59:36","18.04.2022 9:59:37"
"LGAD001","61880_19","18.04.2022 10:00:13","18.04.2022 10:00:14"
"ASUSE","61880_18","18.04.2022 14:57:51","18.04.2022 14:57:52"
"ASUSE","61880_18","18.04.2022 14:58:29","18.04.2022 14:58:30"
"ASUSE","61880_18","18.04.2022 14:58:57","18.04.2022 14:58:58"
"LGAD001","61880-9-IÁ","22.04.2022 17:34:14","22.04.2022 17:34:15"
"LGAD001","61880-9-IÁ","22.04.2022 17:34:47","22.04.2022 17:34:48"
"LGAD001","61880-9-IIÀ","22.04.2022 17:35:30","22.04.2022 17:35:31"
"LGAD001","61880_10","22.04.2022 18:48:53","22.04.2022 18:48:54"
"LGAD001","61880-9-IÀ","22.04.2022 18:51:17","22.04.2022 18:51:18"
"LGAD001","61880-9-IÁ","22.04.2022 18:51:47","22.04.2022 18:51:48"
"LGAD001","61880-9-IIÀ","22.04.2022 18:52:10","22.04.2022 18:52:11"
"LGAD001","61880-9-IIÀ","22.04.2022 18:52:20","22.04.2022 18:52:22"
"LGAD001","61880-9-IIÁ","22.04.2022 18:52:52","22.04.2022 18:52:53"
"LGAD001","61880-9-III","22.04.2022 18:53:26","22.04.2022 18:53:26"
"LGAD001","61880_10","22.04.2022 19:09:09","22.04.2022 19:09:10"
"LGAD001","61880_8","22.04.2022 19:09:41","22.04.2022 19:09:42"
"IMOS002","61880_2","04.05.2022 13:32:31","04.05.2022 13:32:32"
"IMOS002","61880_2","04.05.2022 13:32:54","04.05.2022 13:32:55"
"VSHAP001","61880_2","05.05.2022 12:26:42","05.05.2022 12:26:44"
"VSHAP001","61880_2","05.05.2022 13:13:58","05.05.2022 13:13:59"
"VSHAP001","61880_2","13.04.2022 11:17:39","13.04.2022 11:17:40"
"LGAD001","61880-9-Â","21.04.2022 19:23:59","21.04.2022 19:24:00"
"LGAD001","61880-9-Â","21.04.2022 19:24:33","21.04.2022 19:24:33"
"VSHAP001","61880_1","21.04.2022 22:39:32","21.04.2022 22:39:34"
"VSHAP001","61880_2","21.04.2022 23:38:29","21.04.2022 23:38:30"
"VSHAP001","61880_19","21.04.2022 23:45:46","21.04.2022 23:45:46"
"VSHAP001","61880_8","26.04.2022 10:02:12","26.04.2022 10:02:13"
"VSHAP001","61880_8","26.04.2022 10:03:12","26.04.2022 10:03:12"
"VSHAP001","61880_2","26.04.2022 14:13:28","26.04.2022 14:13:30"
"VSHAP001","61880_19","26.04.2022 14:53:35","26.04.2022 14:53:35"
"VSHAP001","61880_1","26.04.2022 16:04:37","26.04.2022 16:04:39"
"VSHAP001","61880_2","26.04.2022 16:07:22","26.04.2022 16:07:23"
"VSHAP001","61880_10","26.04.2022 16:12:38","26.04.2022 16:12:38"
"ASUSE","61880_1","21.04.2022 15:05:11","21.04.2022 15:05:13"
"ASUSE","61880_2","21.04.2022 15:05:35","21.04.2022 15:05:36"
"ASUSE","61880_19","21.04.2022 15:29:45","21.04.2022 15:29:46"
"ASUSE","61880_10","21.04.2022 15:37:58","21.04.2022 15:37:59"
"ASUSE","61880_10","21.04.2022 15:40:18","21.04.2022 15:40:18"
"ASUSE","61880_10","21.04.2022 15:53:36","21.04.2022 15:53:37"
"ASUSE","61880_10","21.04.2022 16:29:20","21.04.2022 16:29:20"
"ASUSE","61880_10","21.04.2022 16:36:06","21.04.2022 16:36:07"
"ASUSE","61880_10","21.04.2022 16:39:16","21.04.2022 16:39:17"
"ASUSE","61880_10","21.04.2022 16:39:33","21.04.2022 16:39:33"
"ASUSE","61880-9-all","21.04.2022 17:43:11","21.04.2022 17:43:12"
"ASUSE","61880-9-all","21.04.2022 17:43:39","21.04.2022 17:43:40"
"ASUSE","61880-9-all","21.04.2022 17:49:24","21.04.2022 17:49:25"
"ASUSE","61880_18","27.04.2022 12:15:17","27.04.2022 12:15:19"
"ASUSE","61880_18","27.04.2022 12:17:35","27.04.2022 12:17:40"
"ASUSE","61880_18","18.04.2022 14:59:08","18.04.2022 14:59:08"
"ASUSE","61880_18","18.04.2022 15:03:06","18.04.2022 15:03:06"
"ASUSE","61880_18","18.04.2022 15:20:37","18.04.2022 15:20:38"
"VSHAP001","61880_2","15.04.2022 11:48:38","15.04.2022 11:48:39"
"VSHAP001","63051","19.04.2022 12:36:36","19.04.2022 12:36:36"
"VSHAP001","63051","19.04.2022 13:06:29","19.04.2022 13:06:29"
"ASUSE","61880_2","21.04.2022 9:19:02","21.04.2022 9:19:04"
"ASUSE","61880_2","21.04.2022 9:37:22","21.04.2022 9:37:23"
"ASUSE","61880_2","21.04.2022 9:49:41","21.04.2022 9:49:42"
"ASUSE","61880_2","21.04.2022 9:51:32","21.04.2022 9:51:33"
"ASUSE","61880_2","21.04.2022 10:02:26","21.04.2022 10:02:27"
"ASUSE","61880_2","21.04.2022 10:10:31","21.04.2022 10:10:32"
"ASUSE","61880_2","21.04.2022 10:17:12","21.04.2022 10:17:13"
"ASUSE","61880_2","21.04.2022 10:22:51","21.04.2022 10:22:52"
"ASUSE","61880_2","21.04.2022 10:57:52","21.04.2022 10:57:53"
"ASUSE","61880_2","21.04.2022 10:58:50","21.04.2022 10:58:51"
"ASUSE","61880_2","21.04.2022 10:59:19","21.04.2022 10:59:20"
"ASUSE","61880_2","21.04.2022 10:59:56","21.04.2022 10:59:57"
"ASUSE","61880_2","21.04.2022 11:00:45","21.04.2022 11:00:47"
"ASUSE","61880_2","21.04.2022 11:01:40","21.04.2022 11:01:41"
"ASUSE","61880_2","21.04.2022 11:07:10","21.04.2022 11:07:11"
"NYAK001","61880_10","22.04.2022 8:00:53","22.04.2022 8:00:54"
"NYAK001","61880_10","22.04.2022 8:01:49","22.04.2022 8:01:50"
"NYAK001","61880_10","22.04.2022 8:07:53","22.04.2022 8:07:54"
"NYAK001","61880_10","22.04.2022 8:09:32","22.04.2022 8:09:32"
"NYAK001","61880_10","22.04.2022 8:23:02","22.04.2022 8:23:02"
"NYAK001","61880_10","22.04.2022 8:53:50","22.04.2022 8:53:50"
"NYAK001","61880_14","22.04.2022 9:17:36","22.04.2022 9:17:37"
"NYAK001","61880_14","22.04.2022 9:28:34","22.04.2022 9:28:36"
"NYAK001","61880_14","22.04.2022 9:33:45","22.04.2022 9:33:47"
"NYAK001","61880_7","22.04.2022 9:34:56","22.04.2022 9:34:56"
"NYAK001","61880_14","22.04.2022 9:52:48","22.04.2022 9:52:50"
"NYAK001","61880_14","22.04.2022 9:57:34","22.04.2022 9:57:36"
"NYAK001","61880_14","22.04.2022 10:03:26","22.04.2022 10:03:28"
"NYAK001","61880_14","22.04.2022 10:04:34","22.04.2022 10:04:36"
"NYAK001","61880_14","22.04.2022 10:05:51","22.04.2022 10:05:53"
"NYAK001","61880_14","22.04.2022 10:07:46","22.04.2022 10:07:48"
"NYAK001","61880_14","22.04.2022 12:18:14","22.04.2022 12:18:16"
"NYAK001","61880_14","22.04.2022 12:39:24","22.04.2022 12:39:26"
"NYAK001","61880_14","22.04.2022 13:25:08","22.04.2022 13:25:10"
"NYAK001","61880_14","22.04.2022 15:17:39","22.04.2022 15:17:41"
"NYAK001","61880_14","26.04.2022 13:33:26","26.04.2022 13:33:26"
"NYAK001","61880_14","26.04.2022 13:34:29","26.04.2022 13:34:31"
"NYAK001","61880_14","26.04.2022 13:40:55","26.04.2022 13:40:55"
"NYAK001","61880_14","26.04.2022 13:41:36","26.04.2022 13:41:38"
"NYAK001","61880_14","26.04.2022 13:48:52","26.04.2022 13:48:54"
"IMOS002","61880_2","29.04.2022 11:21:05","29.04.2022 11:21:06"
"IMOS002","61880_2","29.04.2022 11:38:11","29.04.2022 11:38:12"
"VSHAP001","61880_14","05.05.2022 14:18:07","05.05.2022 14:18:09"
"ASUSE","61880_1","05.05.2022 15:53:49","05.05.2022 15:53:52"
"LGAD001","61880_19","19.04.2022 9:02:38","19.04.2022 9:02:38"
"LGAD001","61880_2","19.04.2022 10:07:49","19.04.2022 10:07:50"
"LGAD001","61759_1","19.04.2022 18:15:10","19.04.2022 18:15:10"
"LGAD001","61880_11","19.04.2022 20:53:06","19.04.2022 20:53:07"
"LGAD001","61880_8","19.04.2022 20:54:41","19.04.2022 20:54:42"
"VSHAP001","61880_8","26.04.2022 16:13:40","26.04.2022 16:13:41"
"VSHAP001","61880_19","26.04.2022 16:15:44","26.04.2022 16:15:44"
"VSHAP001","61880_2","26.04.2022 17:14:02","26.04.2022 17:14:03"
"VSHAP001","61880_19","26.04.2022 17:23:49","26.04.2022 17:23:50"
"VSHAP001","61880_2","26.04.2022 17:59:40","26.04.2022 17:59:41"
"LGAD001","61880_19","26.04.2022 20:43:02","26.04.2022 20:43:02"
"VSHAP001","61880_19","27.04.2022 6:38:50","27.04.2022 6:38:50"
"VSHAP001","61880_2","27.04.2022 7:08:25","27.04.2022 7:08:26"
"VSHAP001","61880_10","27.04.2022 7:14:59","27.04.2022 7:15:00"
"VSHAP001","61880_1","21.04.2022 15:33:39","21.04.2022 15:33:41"
"VSHAP001","61880_2","21.04.2022 15:50:19","21.04.2022 15:50:20"
"VSHAP001","61759_1","21.04.2022 16:24:22","21.04.2022 16:24:22"
"VSHAP001","61759_1","21.04.2022 18:31:55","21.04.2022 18:31:55"
"VSHAP001","61759_1","21.04.2022 19:06:20","21.04.2022 19:06:21"
"VSHAP001","61759_1","21.04.2022 19:52:49","21.04.2022 19:52:49"
"LGAD001","61880_10","25.04.2022 6:51:38","25.04.2022 6:51:38"
"LGAD001","61880_10","25.04.2022 6:52:12","25.04.2022 6:52:13"
"LGAD001","61880_10","25.04.2022 6:52:35","25.04.2022 6:52:36"
"LGAD001","61880_10","25.04.2022 6:53:00","25.04.2022 6:53:00"
"LGAD001","61880_10","25.04.2022 6:55:26","25.04.2022 6:55:26"
"LGAD001","61880_2","25.04.2022 8:19:52","25.04.2022 8:19:53"
"LGAD001","61880_2","25.04.2022 9:04:15","25.04.2022 9:04:16"
"LGAD001","61880_2","25.04.2022 11:11:49","25.04.2022 11:11:50"
"VSHAP001","61880_2","25.04.2022 18:25:56","25.04.2022 18:25:57"
"VSHAP001","61880_10","25.04.2022 18:33:45","25.04.2022 18:33:46"
"VSHAP001","61880_2","25.04.2022 18:41:23","25.04.2022 18:41:24"
"VSHAP001","61880_10","25.04.2022 18:43:23","25.04.2022 18:43:23"
"VSHAP001","61880_8","25.04.2022 18:44:52","25.04.2022 18:44:54"
"VSHAP001","61880_10","25.04.2022 19:17:50","25.04.2022 19:17:51"
"VSHAP001","61880_10","25.04.2022 19:18:49","25.04.2022 19:18:49"
"VSHAP001","61880_10","25.04.2022 19:19:27","25.04.2022 19:19:28"
"VSHAP001","61880_10","25.04.2022 19:20:04","25.04.2022 19:20:05"
"VSHAP001","61880_10","25.04.2022 19:20:58","25.04.2022 19:20:59"
"VSHAP001","61880_10","25.04.2022 19:21:35","25.04.2022 19:21:36"
"VSHAP001","61880_10","25.04.2022 19:22:16","25.04.2022 19:22:17"
"VSHAP001","61880_10","25.04.2022 19:22:55","25.04.2022 19:22:55"
"VSHAP001","61880-9-IÀ","25.04.2022 19:36:09","25.04.2022 19:36:13"
"VSHAP001","61880-9-IÀ","25.04.2022 19:37:07","25.04.2022 19:37:12"
"ASUSE","61880_18","27.04.2022 12:17:58","27.04.2022 12:18:11"
"ASUSE","61880_18","18.04.2022 15:20:54","18.04.2022 15:20:55"
"ASUSE","61880_18","18.04.2022 15:34:18","18.04.2022 15:34:19"
"ASUSE","61880_19","18.04.2022 15:40:27","18.04.2022 15:40:28"
"ASUSE","61880_2","18.04.2022 16:22:59","18.04.2022 16:23:00"
"ASUSE","61880_19","18.04.2022 22:22:45","18.04.2022 22:22:46"
"VSHAP001","61880_2","20.04.2022 6:13:19","20.04.2022 6:13:20"
"ASUSE","61880_20","20.04.2022 10:18:16","20.04.2022 10:18:16"
"ASUSE","61880_19","20.04.2022 16:08:45","20.04.2022 16:08:46"
"ASUSE","61880_19","20.04.2022 16:09:56","20.04.2022 16:09:56"
"ASUSE","63051","20.04.2022 22:29:15","20.04.2022 22:29:16"
"ASUSE","61880_2","21.04.2022 9:15:40","21.04.2022 9:15:41"
"ASUSE","61880_20","21.04.2022 9:16:00","21.04.2022 9:16:00"
"LGAD001","61880_2","22.04.2022 9:54:44","22.04.2022 9:54:45"
"LGAD001","61880_2","22.04.2022 10:20:12","22.04.2022 10:20:13"
"LGAD001","61880_17","22.04.2022 12:07:56","22.04.2022 12:07:57"
"LGAD001","61880_2","22.04.2022 12:20:26","22.04.2022 12:20:27"
"IMOS002","61880_2","22.04.2022 13:16:42","22.04.2022 13:16:44"
"IMOS002","61880_2","22.04.2022 13:24:32","22.04.2022 13:24:34"
"IMOS002","61880_2","22.04.2022 13:53:59","22.04.2022 13:54:00"
"IMOS002","61880_8","22.04.2022 13:56:33","22.04.2022 13:56:34"
"VSHAP001","61880_8","28.04.2022 8:15:20","28.04.2022 8:15:22"
"VSHAP001","61880_2","28.04.2022 9:28:24","28.04.2022 9:28:25"
"VSHAP001","61880_2","28.04.2022 10:34:16","28.04.2022 10:34:17"
"VSHAP001","61880_2","28.04.2022 10:45:04","28.04.2022 10:45:05"
"VSHAP001","61880_2","28.04.2022 13:51:00","28.04.2022 13:51:02"
"VSHAP001","61880_10","28.04.2022 14:25:35","28.04.2022 14:25:36"
"ASUSE","61880_2","05.05.2022 15:54:25","05.05.2022 15:54:27"
"ASUSE","61880_2","05.05.2022 15:54:40","05.05.2022 15:54:42"
"NCHER","61880_15","17.04.2022 19:41:39","17.04.2022 19:41:40"
"NCHER","61880_2","17.04.2022 19:43:02","17.04.2022 19:43:04"
"NCHER","61880_2","17.04.2022 19:44:30","17.04.2022 19:44:32"
"NCHER","61880_2","17.04.2022 20:47:05","17.04.2022 20:47:07"
"VSHAP001","61880_1","19.04.2022 9:29:48","19.04.2022 9:29:51"
"LGAD001","61880_2","20.04.2022 9:20:07","20.04.2022 9:20:08"
"LGAD001","61880_2","20.04.2022 9:52:27","20.04.2022 9:52:29"
"LGAD001","61880_2","20.04.2022 10:40:08","20.04.2022 10:40:10"
"LGAD001","61880_2","20.04.2022 13:26:47","20.04.2022 13:26:48"
"LGAD001","61880_2","20.04.2022 13:36:20","20.04.2022 13:36:21"
"LGAD001","61880_10","20.04.2022 14:01:08","20.04.2022 14:01:09"
"LGAD001","61880_8","20.04.2022 14:05:40","20.04.2022 14:05:42"
"LGAD001","61880_19","20.04.2022 14:07:01","20.04.2022 14:07:02"
"LGAD001","61880_1","20.04.2022 14:46:16","20.04.2022 14:46:19"
"VSHAP001","61880_2","13.04.2022 9:15:07","13.04.2022 9:15:08"
"OKOK006","61880_14","18.04.2022 13:34:27","18.04.2022 13:34:30"
"OKOK006","61759_1","18.04.2022 14:02:39","18.04.2022 14:02:40"
"OKOK006","61880_10","18.04.2022 14:03:06","18.04.2022 14:03:06"
"OKOK006","61880_7","18.04.2022 14:03:49","18.04.2022 14:03:50"
"OKOK006","61880_7","18.04.2022 14:11:58","18.04.2022 14:11:59"
"OKOK006","61880_7","18.04.2022 14:12:16","18.04.2022 14:12:17"
"OKOK006","462359_rep_year","18.04.2022 14:19:10","18.04.2022 14:20:53"
"ASUSE","61880_18","27.04.2022 12:18:50","27.04.2022 12:18:52"
"ASUSE","61880_18","27.04.2022 12:19:44","27.04.2022 12:19:46"
"ASUSE","61880_18","27.04.2022 12:37:55","27.04.2022 12:38:00"
"OKOK006","61880_8","20.05.2022 8:55:03","20.05.2022 8:55:04"
"ASUSE","61880_2","20.05.2022 11:27:32","20.05.2022 11:27:34"
"ASUSE","61880_2","20.05.2022 11:28:46","20.05.2022 11:28:47"
"ASUSE","61880_10","20.05.2022 11:38:57","20.05.2022 11:38:58"
"ASUSE","61880_18","20.05.2022 11:40:24","20.05.2022 11:40:42"
"IMOS002","61880_2","11.05.2022 10:25:15","11.05.2022 10:25:16"
"ASUSE","61880_8","11.05.2022 15:22:36","11.05.2022 15:22:38"
"OKOK006","61880_14","20.05.2022 15:45:50","20.05.2022 15:45:52"
"ASUSE","61880_12","19.05.2022 14:59:19","19.05.2022 14:59:22"
"ASUSE","61880_2","19.05.2022 15:44:37","19.05.2022 15:44:38"
"ASUSE","61880_12","19.05.2022 15:49:58","19.05.2022 15:50:02"
"ASUSE","61880_12","19.05.2022 15:51:07","19.05.2022 15:51:08"
"IGRI056","61880_2","12.05.2022 7:50:28","12.05.2022 7:50:29"
"IGRI056","61880_2","12.05.2022 12:19:43","12.05.2022 12:19:44"
"IGRI056","61880_2","12.05.2022 14:08:38","12.05.2022 14:08:39"
"LGAD001","61880-9-all","19.05.2022 6:58:32","19.05.2022 6:58:33"
"LGAD001","61880_17","19.05.2022 7:05:32","19.05.2022 7:05:33"
"LGAD001","61880_2","19.05.2022 8:03:01","19.05.2022 8:03:02"
"LGAD001","61759_1","19.05.2022 8:17:26","19.05.2022 8:17:26"
"LGAD001","61880_10","19.05.2022 8:24:52","19.05.2022 8:24:53"
"LGAD001","61880-9-IÀ","19.05.2022 8:43:50","19.05.2022 8:43:53"
"LGAD001","61880-9-IÁ","19.05.2022 8:44:24","19.05.2022 8:44:26"
"LGAD001","61880-9-IIÀ","19.05.2022 8:44:51","19.05.2022 8:44:52"
"LGAD001","61880-9-IIÁ","19.05.2022 8:45:21","19.05.2022 8:45:22"
"LGAD001","61880-9-III","19.05.2022 8:45:47","19.05.2022 8:45:47"
"LGAD001","61880-9-III","19.05.2022 8:45:49","19.05.2022 8:45:49"
"LGAD001","61880_17","19.05.2022 8:53:31","19.05.2022 8:53:32"
"OKOK006","61880_14","20.05.2022 15:46:00","20.05.2022 15:46:03"
"OKOK006","61880_14","20.05.2022 15:46:12","20.05.2022 15:46:14"
"OKOK006","61880_14","20.05.2022 15:46:25","20.05.2022 15:46:28"
"ASUSE","61880_2","19.05.2022 15:52:19","19.05.2022 15:52:21"
"ASUSE","61880_2","19.05.2022 15:54:58","19.05.2022 15:55:00"
"ASUSE","61880-9-III","19.05.2022 17:54:58","19.05.2022 17:54:58"
"ASUSE","61880-9-all","19.05.2022 17:55:12","19.05.2022 17:55:12"
"LGAD001","61880_2","20.05.2022 6:45:33","20.05.2022 6:45:34"
"LGAD001","61880_2","20.05.2022 8:03:40","20.05.2022 8:03:42"
"NYAK001","61880-9-all","20.05.2022 8:40:00","20.05.2022 8:40:02"
"NYAK001","61880-9-Â","20.05.2022 8:41:45","20.05.2022 8:41:45"
"NYAK001","61880-9-Â","20.05.2022 8:41:49","20.05.2022 8:41:49"
"NYAK001","61759_1","20.05.2022 8:42:03","20.05.2022 8:42:03"
"LGAD001","61880_2","12.05.2022 11:06:38","12.05.2022 11:06:39"
"LGAD001","61880_2","12.05.2022 11:11:38","12.05.2022 11:11:39"
"IGRI056","61880_2","12.05.2022 15:03:59","12.05.2022 15:04:00"
"ASUSE","61880_8","17.05.2022 18:09:55","17.05.2022 18:09:57"
"ASUSE","61880_8","17.05.2022 18:10:10","17.05.2022 18:10:11"
"ASUSE","61880_8","17.05.2022 18:11:02","17.05.2022 18:11:03"
"OKOK006","462359_rep_year","18.05.2022 16:30:35","18.05.2022 16:32:08"
"OKOK006","462359_rep","18.05.2022 16:33:51","18.05.2022 16:35:31"
"LGAD001","61880_2","19.05.2022 9:33:37","19.05.2022 9:33:38"
"NCHER","462359_rep","16.05.2022 7:17:32","16.05.2022 7:19:00"
"NSYCH001","61880_14","20.05.2022 10:29:30","20.05.2022 10:29:31"
"NSYCH001","61880-9-all","20.05.2022 10:31:26","20.05.2022 10:31:27"
"NSYCH001","462361","20.05.2022 10:34:42","20.05.2022 10:34:42"
"NSYCH001","61880-9-IÀ","20.05.2022 11:22:36","20.05.2022 11:22:41"
"OKOK006","61880_14","20.05.2022 15:46:44","20.05.2022 15:46:47"
"OKOK006","61880_14","20.05.2022 15:46:56","20.05.2022 15:46:58"
"NCHER","61880_15","13.05.2022 12:35:59","13.05.2022 12:35:59"
"VSHAP001","61880-9-IÀ","17.05.2022 14:28:17","17.05.2022 14:28:19"
"VSHAP001","61880-9-IÁ","17.05.2022 14:32:27","17.05.2022 14:32:29"
"VSHAP001","61880-9-all","17.05.2022 14:37:55","17.05.2022 14:37:56"
"VSHAP001","61880-9-all","17.05.2022 14:41:35","17.05.2022 14:41:36"
"VSHAP001","61880-9-all","17.05.2022 14:45:14","17.05.2022 14:45:14"
"VSHAP001","61880-9-IÁ","17.05.2022 14:47:36","17.05.2022 14:47:37"
"VSHAP001","61880-9-IIÀ","17.05.2022 14:48:42","17.05.2022 14:48:44"
"VSHAP001","61880-9-IIÁ","17.05.2022 14:49:25","17.05.2022 14:49:26"
"VSHAP001","61880-9-III","17.05.2022 14:49:38","17.05.2022 14:49:39"
"VSHAP001","61880-9-III","17.05.2022 14:49:42","17.05.2022 14:49:43"
"VSHAP001","61880-9-III","17.05.2022 14:49:47","17.05.2022 14:49:47"
"VSHAP001","61880-9-all","17.05.2022 14:50:25","17.05.2022 14:50:25"
"VSHAP001","61880-9-IÀ","17.05.2022 14:52:02","17.05.2022 14:52:04"
"VSHAP001","61880-9-IÁ","17.05.2022 14:53:35","17.05.2022 14:53:36"
"VSHAP001","61880-9-IIÀ","17.05.2022 14:53:43","17.05.2022 14:53:45"
"VSHAP001","61880-9-Â","17.05.2022 14:54:01","17.05.2022 14:54:02"
"VSHAP001","61880-9-Â","17.05.2022 14:54:13","17.05.2022 14:54:13"
"VSHAP001","61880-9-Â","17.05.2022 14:54:16","17.05.2022 14:54:16"
"VSHAP001","61880-9-IIÁ","17.05.2022 14:54:29","17.05.2022 14:54:31"
"VSHAP001","61880-9-IIÁ","17.05.2022 14:54:31","17.05.2022 14:54:32"
"VSHAP001","61880-9-IIÁ","17.05.2022 14:54:34","17.05.2022 14:54:35"
"VSHAP001","61880-9-Â","17.05.2022 14:54:44","17.05.2022 14:54:44"
"VSHAP001","61880-9-IIÀ","17.05.2022 14:54:51","17.05.2022 14:54:52"
"VSHAP001","61880-9-III","17.05.2022 14:55:08","17.05.2022 14:55:08"
"VSHAP001","61880-9-III","17.05.2022 14:55:10","17.05.2022 14:55:10"
"NYAK001","61880_14","20.05.2022 8:48:29","20.05.2022 8:48:31"
"YUDOR001","61880_2","20.05.2022 9:00:47","20.05.2022 9:00:49"
"LGAD001","61880_2","20.05.2022 11:05:27","20.05.2022 11:05:28"
"IMOS002","61880_2","20.05.2022 11:29:49","20.05.2022 11:29:50"
"IGRI056","61880_11","12.05.2022 15:18:02","12.05.2022 15:18:02"
"IGRI056","61880_12","12.05.2022 15:26:52","12.05.2022 15:26:56"
"IGRI056","61880_13","12.05.2022 15:27:31","12.05.2022 15:27:32"
"NSYCH001","61880_19","13.05.2022 9:35:17","13.05.2022 9:35:18"
"LGAD001","61880_8","19.05.2022 9:34:42","19.05.2022 9:34:43"
"NCHER","61880_2","19.05.2022 13:09:44","19.05.2022 13:09:46"
"LGAD001","61880_2","19.05.2022 13:28:57","19.05.2022 13:28:58"
"LGAD001","61880_2","19.05.2022 14:16:10","19.05.2022 14:16:11"
"LGAD001","61880-9-III","19.05.2022 14:19:54","19.05.2022 14:19:54"
"IGRI056","61880_19","13.05.2022 9:37:12","13.05.2022 9:37:12"
"IGRI056","61880_2","13.05.2022 10:55:13","13.05.2022 10:55:14"
"OKOK006","61880_14","20.05.2022 15:47:09","20.05.2022 15:47:11"
"LGAD001","61759_1","20.05.2022 16:08:08","20.05.2022 16:08:08"
"OKOK006","61880_7","20.05.2022 16:09:23","20.05.2022 16:09:23"
"IMOS002","61880_2","20.05.2022 11:30:53","20.05.2022 11:30:55"
"IMOS002","61880_2","20.05.2022 11:35:44","20.05.2022 11:35:45"
"VSHAP001","61880_2","20.05.2022 12:49:43","20.05.2022 12:49:45"
"VSHAP001","61880_2","20.05.2022 13:09:24","20.05.2022 13:09:25"
"LGAD001","61880-9-III","20.05.2022 13:51:46","20.05.2022 13:51:47"
"VSHAP001","61759_1","20.05.2022 14:34:03","20.05.2022 14:34:03"
"LGAD001","61880-9-III","20.05.2022 15:35:34","20.05.2022 15:35:34"
"NSYCH001","61880_8","11.05.2022 8:00:41","11.05.2022 8:00:42"
"NSYCH001","61880_8","11.05.2022 8:01:20","11.05.2022 8:01:21"
"NSYCH001","61880_8","11.05.2022 8:22:04","11.05.2022 8:22:05"
"VSHAP001","61880_14","17.05.2022 8:26:32","17.05.2022 8:26:33"
"VSHAP001","63051","17.05.2022 8:30:21","17.05.2022 8:30:35"
"VSHAP001","61880-9-Â","17.05.2022 8:31:54","17.05.2022 8:31:54"
"VSHAP001","61880-9-Â","17.05.2022 8:32:41","17.05.2022 8:32:41"
"VSHAP001","61880-9-Â","17.05.2022 8:33:13","17.05.2022 8:33:13"
"VSHAP001","61880-9-Â","17.05.2022 8:33:15","17.05.2022 8:33:15"
"VSHAP001","61880_2","19.05.2022 13:25:33","19.05.2022 13:25:34"
"VSHAP001","61880_19","19.05.2022 13:32:29","19.05.2022 13:32:30"
"VSHAP001","61880_2","19.05.2022 14:08:40","19.05.2022 14:08:41"
"VSHAP001","61880_2","19.05.2022 17:59:07","19.05.2022 17:59:08"
"VSHAP001","61880_2","13.05.2022 9:57:38","13.05.2022 9:57:39"
"VSHAP001","61880_2","13.05.2022 10:05:35","13.05.2022 10:05:36"
"VSHAP001","61880_2","13.05.2022 10:08:25","13.05.2022 10:08:26"
"VSHAP001","61880_10","13.05.2022 10:09:22","13.05.2022 10:09:23"
"VSHAP001","61880_2","13.05.2022 10:11:35","13.05.2022 10:11:36"
"VSHAP001","61880_10","13.05.2022 10:13:26","13.05.2022 10:13:27"
"NSYCH001","63051","12.05.2022 7:16:22","12.05.2022 7:16:46"
"NSYCH001","63051","12.05.2022 7:23:26","12.05.2022 7:24:08"
"NSYCH001","63051","12.05.2022 7:56:49","12.05.2022 7:57:07"
"NSYCH001","61880_18","12.05.2022 11:12:42","12.05.2022 11:12:51"
"VSHAP001","61880_2","20.05.2022 15:43:03","20.05.2022 15:43:04"
"VSHAP001","61880_2","20.05.2022 15:43:57","20.05.2022 15:43:59"
"VSHAP001","61880_2","10.05.2022 13:27:24","10.05.2022 13:27:26"
"VSHAP001","61880_2","17.05.2022 8:51:53","17.05.2022 8:51:55"
"VSHAP001","61880_2","17.05.2022 9:06:23","17.05.2022 9:06:24"
"VSHAP001","61880-9-IÀ","17.05.2022 9:32:38","17.05.2022 9:32:46"
"VSHAP001","61880-9-IÀ","17.05.2022 9:33:51","17.05.2022 9:33:58"
"VSHAP001","61880-9-IÀ","17.05.2022 9:38:11","17.05.2022 9:38:18"
"VSHAP001","61880_14","17.05.2022 9:40:07","17.05.2022 9:40:09"
"VSHAP001","61880_1","17.05.2022 9:48:36","17.05.2022 9:48:39"
"VSHAP001","63051","16.05.2022 9:36:07","16.05.2022 9:36:22"
"VSHAP001","61880_2","16.05.2022 10:11:58","16.05.2022 10:11:59"
"VSHAP001","61880_2","16.05.2022 10:25:13","16.05.2022 10:25:14"
"VSHAP001","61880_2","16.05.2022 12:15:15","16.05.2022 12:15:16"
"ASUSE","61880_18","20.05.2022 11:41:54","20.05.2022 11:42:11"
"OKOK006","462361","20.05.2022 14:14:28","20.05.2022 14:14:28"
"NSYCH001","61880_17","20.05.2022 14:15:17","20.05.2022 14:15:19"
"VSHAP001","61880_2","13.05.2022 10:16:52","13.05.2022 10:16:53"
"VSHAP001","61880_10","13.05.2022 10:17:25","13.05.2022 10:17:26"
"VSHAP001","61880_10","13.05.2022 10:18:39","13.05.2022 10:18:39"
"VSHAP001","61880_2","13.05.2022 10:19:36","13.05.2022 10:19:37"
"LGAD001","61880_2","16.05.2022 7:33:43","16.05.2022 7:33:44"
"LGAD001","61880_10","16.05.2022 7:57:27","16.05.2022 7:57:27"
"LGAD001","61880_10","16.05.2022 8:17:03","16.05.2022 8:17:04"
"LGAD001","61880_2","16.05.2022 8:20:28","16.05.2022 8:20:29"
"VSHAP001","61880_2","19.05.2022 8:31:49","19.05.2022 8:31:51"
"VSHAP001","61880_2","19.05.2022 9:59:44","19.05.2022 9:59:45"
"LGAD001","61880_2","20.05.2022 16:09:53","20.05.2022 16:09:54"
"LGAD001","61880_2","20.05.2022 16:11:37","20.05.2022 16:11:38"
"LGAD001","61880_10","20.05.2022 16:14:40","20.05.2022 16:14:41"
"LGAD001","61880-9-IÀ","20.05.2022 16:29:31","20.05.2022 16:29:32"
"LGAD001","61880-9-IÁ","20.05.2022 16:30:11","20.05.2022 16:30:12"
"LGAD001","61880-9-IIÀ","20.05.2022 16:30:52","20.05.2022 16:30:54"
"LGAD001","61880-9-IIÀ","20.05.2022 16:30:57","20.05.2022 16:30:58"
"LGAD001","61880-9-IIÁ","20.05.2022 16:37:04","20.05.2022 16:37:05"
"VSHAP001","61880_1","17.05.2022 9:48:48","17.05.2022 9:48:50"
"VSHAP001","61880_2","17.05.2022 10:19:57","17.05.2022 10:19:59"
"VSHAP001","61880_8","17.05.2022 10:42:44","17.05.2022 10:42:45"
"VSHAP001","61759_1","17.05.2022 13:46:24","17.05.2022 13:46:25"
"YUDOR001","462359_rep_year","17.05.2022 15:51:26","17.05.2022 15:53:11"
"YUDOR001","462353","17.05.2022 15:53:44","17.05.2022 15:53:47"
"ASUSE","61880_8","18.05.2022 15:57:50","18.05.2022 15:57:51"
"ASUSE","61880_8","18.05.2022 16:00:26","18.05.2022 16:00:27"
"ASUSE","61880_8","18.05.2022 16:00:49","18.05.2022 16:00:50"
"ASUSE","61880_8","18.05.2022 16:01:42","18.05.2022 16:01:43"
"ASUSE","61880_19","18.05.2022 16:02:05","18.05.2022 16:02:06"
"LGAD001","61880_2","12.05.2022 6:55:50","12.05.2022 6:55:51"
"LGAD001","61880_2","12.05.2022 7:52:56","12.05.2022 7:52:57"
"OKOK006","61880_14","20.05.2022 14:15:28","20.05.2022 14:15:28"
"NSYCH001","61880_17","20.05.2022 14:15:47","20.05.2022 14:15:48"
"NSYCH001","61880_17","20.05.2022 14:16:22","20.05.2022 14:16:23"
"NSYCH001","61880_17","20.05.2022 14:17:12","20.05.2022 14:17:13"
"NSYCH001","61880_17","20.05.2022 14:17:58","20.05.2022 14:18:00"
"NSYCH001","61880_17","20.05.2022 14:18:33","20.05.2022 14:18:34"
"NSYCH001","61880_17","20.05.2022 14:19:20","20.05.2022 14:19:21"
"NSYCH001","61880-9-all","20.05.2022 14:22:07","20.05.2022 14:22:09"
"NSYCH001","61880-9-all","20.05.2022 14:23:08","20.05.2022 14:23:10"
"NSYCH001","61880-9-IÀ","20.05.2022 14:24:11","20.05.2022 14:24:13"
"NSYCH001","61880-9-IÀ","20.05.2022 14:24:40","20.05.2022 14:24:42"
"NSYCH001","61880-9-IÀ","20.05.2022 14:26:18","20.05.2022 14:26:32"
"NSYCH001","61880-9-IÀ","20.05.2022 14:27:10","20.05.2022 14:27:12"
"NSYCH001","61880-9-IÀ","20.05.2022 14:27:48","20.05.2022 14:27:50"
"NSYCH001","61880-9-IÀ","20.05.2022 14:28:20","20.05.2022 14:28:22"
"NSYCH001","61880-9-IÀ","20.05.2022 14:28:30","20.05.2022 14:28:32"
"NSYCH001","61880-9-IÀ","20.05.2022 14:29:14","20.05.2022 14:29:16"
"NSYCH001","61880-9-IÁ","20.05.2022 14:30:07","20.05.2022 14:30:08"
"NSYCH001","61880-9-IÁ","20.05.2022 14:30:18","20.05.2022 14:30:19"
"NSYCH001","61880-9-IÁ","20.05.2022 14:31:02","20.05.2022 14:31:03"
"NSYCH001","61880-9-IÁ","20.05.2022 14:31:21","20.05.2022 14:31:22"
"NSYCH001","61880-9-IÁ","20.05.2022 14:32:03","20.05.2022 14:32:05"
"NSYCH001","61880-9-IÁ","20.05.2022 14:33:24","20.05.2022 14:33:26"
"NSYCH001","61880-9-IÁ","20.05.2022 14:33:31","20.05.2022 14:33:32"
"NSYCH001","61880-9-IÁ","20.05.2022 14:34:02","20.05.2022 14:34:03"
"NSYCH001","61880-9-IÁ","20.05.2022 14:34:30","20.05.2022 14:34:31"
"NSYCH001","61880-9-IÁ","20.05.2022 14:35:02","20.05.2022 14:35:03"
"NSYCH001","61880-9-Â","20.05.2022 14:35:52","20.05.2022 14:35:52"
"LGAD001","61880_2","16.05.2022 8:23:38","16.05.2022 8:23:39"
"LGAD001","61880_19","16.05.2022 8:49:31","16.05.2022 8:49:32"
"LGAD001","61880-9-IÀ","16.05.2022 8:52:41","16.05.2022 8:52:43"
"LGAD001","61880-9-IÁ","16.05.2022 8:58:50","16.05.2022 8:58:52"
"LGAD001","61880-9-Â","16.05.2022 8:59:26","16.05.2022 8:59:26"
"LGAD001","61880-9-IIÀ","16.05.2022 8:59:54","16.05.2022 8:59:55"
"LGAD001","61880-9-IIÀ","16.05.2022 8:59:55","16.05.2022 8:59:57"
"LGAD001","61880-9-IIÁ","16.05.2022 9:00:26","16.05.2022 9:00:28"
"LGAD001","61880-9-IIÁ","16.05.2022 9:00:33","16.05.2022 9:00:34"
"LGAD001","61880-9-III","16.05.2022 9:01:05","16.05.2022 9:01:05"
"LGAD001","61880-9-III","16.05.2022 9:01:09","16.05.2022 9:01:09"
"LGAD001","61880-9-IÀ","16.05.2022 9:02:35","16.05.2022 9:02:36"
"LGAD001","61880-9-IÁ","16.05.2022 9:06:10","16.05.2022 9:06:12"
"LGAD001","61880-9-Â","16.05.2022 9:06:49","16.05.2022 9:06:49"
"LGAD001","61880-9-IIÀ","16.05.2022 9:07:26","16.05.2022 9:07:27"
"LGAD001","61880-9-IIÁ","16.05.2022 9:08:22","16.05.2022 9:08:23"
"LGAD001","61880-9-IIÁ","16.05.2022 9:08:30","16.05.2022 9:08:32"
"LGAD001","61880-9-III","16.05.2022 9:08:57","16.05.2022 9:08:58"
"LGAD001","61880-9-all","16.05.2022 9:09:33","16.05.2022 9:09:33"
"LGAD001","61880_17","16.05.2022 9:29:05","16.05.2022 9:29:06"
"LGAD001","61880_17","16.05.2022 9:30:45","16.05.2022 9:30:46"
"LGAD001","61880_17","16.05.2022 9:31:08","16.05.2022 9:31:09"
"YUDOR001","462359_rep","16.05.2022 10:34:50","16.05.2022 10:36:18"
"ASUSE","61880_19","19.05.2022 12:09:41","19.05.2022 12:09:42"
"ASUSE","61880_19","19.05.2022 12:10:39","19.05.2022 12:10:40"
"LGAD001","61880-9-III","20.05.2022 16:37:39","20.05.2022 16:37:39"
"OKOK006","61880_14","20.05.2022 16:52:36","20.05.2022 16:52:39"
"ASUSE","61880_19","18.05.2022 16:02:11","18.05.2022 16:02:12"
"ASUSE","61880_8","18.05.2022 16:02:21","18.05.2022 16:02:22"
"ASUSE","61880_8","18.05.2022 16:02:49","18.05.2022 16:02:50"
"ASUSE","61880_19","18.05.2022 16:02:54","18.05.2022 16:02:54"
"NSYCH001","61880-9-Â","20.05.2022 14:36:01","20.05.2022 14:36:01"
"NSYCH001","61880-9-Â","20.05.2022 14:36:06","20.05.2022 14:36:06"
"NSYCH001","61880-9-Â","20.05.2022 14:36:45","20.05.2022 14:36:45"
"NSYCH001","61880-9-Â","20.05.2022 14:36:49","20.05.2022 14:36:49"
"NSYCH001","61880-9-Â","20.05.2022 14:37:28","20.05.2022 14:37:28"
"NSYCH001","61880-9-Â","20.05.2022 14:38:02","20.05.2022 14:38:02"
"NSYCH001","61880-9-Â","20.05.2022 14:38:42","20.05.2022 14:38:43"
"NSYCH001","61880-9-Â","20.05.2022 14:39:25","20.05.2022 14:39:25"
"NSYCH001","61880-9-Â","20.05.2022 14:39:57","20.05.2022 14:39:57"
"NSYCH001","61880-9-IIÀ","20.05.2022 14:40:41","20.05.2022 14:40:42"
"NSYCH001","61880-9-IIÀ","20.05.2022 14:41:12","20.05.2022 14:41:13"
"NSYCH001","61880-9-IIÀ","20.05.2022 14:41:46","20.05.2022 14:41:47"
"NSYCH001","61880-9-IIÀ","20.05.2022 14:42:17","20.05.2022 14:42:18"
"NSYCH001","61880-9-IIÀ","20.05.2022 14:42:53","20.05.2022 14:42:54"
"NSYCH001","61880-9-IIÀ","20.05.2022 14:43:30","20.05.2022 14:43:31"
"NSYCH001","61880-9-IIÀ","20.05.2022 14:44:11","20.05.2022 14:44:12"
"NSYCH001","61880-9-IIÁ","20.05.2022 14:44:58","20.05.2022 14:44:59"
"NSYCH001","61880-9-IIÁ","20.05.2022 14:45:26","20.05.2022 14:45:27"
"NSYCH001","61880-9-IIÁ","20.05.2022 14:45:53","20.05.2022 14:45:55"
"NSYCH001","61880-9-IIÁ","20.05.2022 14:46:26","20.05.2022 14:46:27"
"NSYCH001","61880-9-IIÁ","20.05.2022 14:46:57","20.05.2022 14:46:58"
"NSYCH001","61880-9-IIÁ","20.05.2022 14:47:27","20.05.2022 14:47:28"
"NSYCH001","61880-9-IIÁ","20.05.2022 14:48:02","20.05.2022 14:48:03"
"NSYCH001","61880-9-IIÁ","20.05.2022 14:48:09","20.05.2022 14:48:10"
"NSYCH001","61880-9-III","20.05.2022 14:48:54","20.05.2022 14:48:54"
"NSYCH001","61880-9-III","20.05.2022 14:49:28","20.05.2022 14:49:28"
"NSYCH001","61880-9-III","20.05.2022 14:49:35","20.05.2022 14:49:35"
"NSYCH001","61880-9-III","20.05.2022 14:50:03","20.05.2022 14:50:03"
"NSYCH001","61880-9-III","20.05.2022 14:50:05","20.05.2022 14:50:05"
"NSYCH001","61880-9-III","20.05.2022 14:50:36","20.05.2022 14:50:37"
"NSYCH001","61880-9-III","20.05.2022 14:50:48","20.05.2022 14:50:48"
"NSYCH001","61880-9-III","20.05.2022 14:51:20","20.05.2022 14:51:20"
"NSYCH001","61880-9-III","20.05.2022 14:51:53","20.05.2022 14:51:53"
"NSYCH001","61880-9-III","20.05.2022 14:52:20","20.05.2022 14:52:20"
"NSYCH001","61880-9-III","20.05.2022 14:52:48","20.05.2022 14:52:48"
"NSYCH001","61880-9-III","20.05.2022 14:52:50","20.05.2022 14:52:50"
"NSYCH001","61880-9-III","20.05.2022 14:52:58","20.05.2022 14:52:58"
"NSYCH001","61880_14","20.05.2022 14:58:57","20.05.2022 14:59:00"
"NSYCH001","61880_14","20.05.2022 15:00:09","20.05.2022 15:00:11"
"IGRI056","61880_2","19.05.2022 7:31:33","19.05.2022 7:31:34"
"ASUSE","61880_8","19.05.2022 12:09:18","19.05.2022 12:09:19"
"IGRI056","61880_2","19.05.2022 12:10:00","19.05.2022 12:10:02"
"ASUSE","61880_8","19.05.2022 12:10:05","19.05.2022 12:10:06"
"VSHAP001","61880_2","11.05.2022 7:47:05","11.05.2022 7:47:06"
"VSHAP001","61880_10","11.05.2022 7:53:25","11.05.2022 7:53:26"
"VSHAP001","61880_19","11.05.2022 7:56:04","11.05.2022 7:56:04"
"VSHAP001","61880_2","11.05.2022 8:00:36","11.05.2022 8:00:37"
"ASUSE","61880_19","12.05.2022 16:42:45","12.05.2022 16:42:45"
"ASUSE","61880_8","18.05.2022 16:03:25","18.05.2022 16:03:26"
"ASUSE","61880_19","18.05.2022 16:03:30","18.05.2022 16:03:31"
"ASUSE","61880_8","18.05.2022 16:03:44","18.05.2022 16:03:45"
"NSYCH001","61880_14","20.05.2022 15:00:41","20.05.2022 15:00:44"
"NSYCH001","61880_14","20.05.2022 15:01:08","20.05.2022 15:01:11"
"NSYCH001","61880_14","20.05.2022 15:01:46","20.05.2022 15:01:48"
"VSHAP001","61880_2","12.05.2022 8:15:33","12.05.2022 8:15:34"
"VSHAP001","61880_19","12.05.2022 8:58:42","12.05.2022 8:58:43"
"VSHAP001","61880_8","12.05.2022 9:18:07","12.05.2022 9:18:09"
"VSHAP001","61880_10","12.05.2022 11:00:24","12.05.2022 11:00:24"
"VSHAP001","61880_2","12.05.2022 11:01:51","12.05.2022 11:01:53"
"VSHAP001","61880_2","11.05.2022 8:20:55","11.05.2022 8:20:56"
"VSHAP001","63051","11.05.2022 8:49:00","11.05.2022 8:49:01"
"VSHAP001","63051","11.05.2022 8:49:49","11.05.2022 8:50:10"
"VSHAP001","63051","11.05.2022 8:52:02","11.05.2022 8:52:23"
"VSHAP001","61880_10","11.05.2022 9:22:24","11.05.2022 9:22:25"
"VSHAP001","61880_10","11.05.2022 9:29:53","11.05.2022 9:29:54"
"VSHAP001","61880_10","11.05.2022 9:32:45","11.05.2022 9:32:45"
"VSHAP001","61880_2","11.05.2022 9:37:04","11.05.2022 9:37:05"
"VSHAP001","61880_2","11.05.2022 9:54:05","11.05.2022 9:54:07"
"OKOK006","61880_8","17.05.2022 8:57:40","17.05.2022 8:57:41"
"OKOK006","61880_8","17.05.2022 8:57:48","17.05.2022 8:57:49"
"ASUSE","61880_19","18.05.2022 16:03:57","18.05.2022 16:03:57"
"ASUSE","61880_8","18.05.2022 16:06:43","18.05.2022 16:06:44"
"ASUSE","63051","20.05.2022 11:20:26","20.05.2022 11:20:41"
"ASUSE","63051","20.05.2022 11:23:05","20.05.2022 11:23:05"
"ASUSE","63051","20.05.2022 11:23:16","20.05.2022 11:23:20"
"ASUSE","63051","20.05.2022 11:27:54","20.05.2022 11:28:21"
"ASUSE","63051","20.05.2022 11:28:50","20.05.2022 11:29:19"
"NSYCH001","61880_14","20.05.2022 15:02:28","20.05.2022 15:02:31"
"NSYCH001","61880_14","20.05.2022 15:03:02","20.05.2022 15:03:05"
"OKOK006","61880_14","20.05.2022 15:37:33","20.05.2022 15:37:35"
"VSHAP001","61880_2","12.05.2022 11:12:38","12.05.2022 11:12:39"
"LGAD001","61880_2","17.05.2022 7:41:18","17.05.2022 7:41:19"
"LGAD001","61759_1","17.05.2022 8:28:22","17.05.2022 8:28:23"
"LGAD001","61880_8","17.05.2022 8:41:48","17.05.2022 8:41:49"
"LGAD001","61880_1","17.05.2022 8:50:09","17.05.2022 8:50:11"
"VSHAP001","61880_2","11.05.2022 11:04:41","11.05.2022 11:04:42"
"VSHAP001","61880_2","11.05.2022 11:05:16","11.05.2022 11:05:17"
"VSHAP001","61880_2","11.05.2022 11:40:41","11.05.2022 11:40:42"
"ASUSE","63051","20.05.2022 12:00:17","20.05.2022 12:00:19"
"ASUSE","63051","20.05.2022 12:05:21","20.05.2022 12:06:07"
"ASUSE","63051","20.05.2022 12:07:13","20.05.2022 12:07:13"
"ASUSE","63051","20.05.2022 12:07:23","20.05.2022 12:07:26"
"ASUSE","63051","20.05.2022 12:07:58","20.05.2022 12:08:05"
"ASUSE","63051","20.05.2022 12:24:11","20.05.2022 12:24:15"
"ASUSE","63051","20.05.2022 12:25:50","20.05.2022 12:25:50"
"ASUSE","63051","20.05.2022 13:36:00","20.05.2022 13:36:15"
"ASUSE","61880-9-III","20.05.2022 13:48:33","20.05.2022 13:48:33"
"ASUSE","61880-9-III","20.05.2022 15:26:55","20.05.2022 15:26:56"
"LGAD001","61880_17","20.05.2022 16:39:05","20.05.2022 16:39:06"
"LGAD001","61880_17","20.05.2022 16:39:30","20.05.2022 16:39:32"
"LGAD001","61880_17","20.05.2022 16:39:53","20.05.2022 16:39:54"
"LGAD001","61880_17","20.05.2022 16:40:16","20.05.2022 16:40:18"
"LGAD001","61880_17","20.05.2022 16:40:43","20.05.2022 16:40:44"
"LGAD001","61880_2","16.05.2022 12:17:02","16.05.2022 12:17:03"
"ASUSE","61880_8","18.05.2022 16:06:46","18.05.2022 16:06:46"
"ASUSE","61880_19","18.05.2022 16:06:51","18.05.2022 16:06:51"
"ASUSE","61880_8","18.05.2022 16:07:02","18.05.2022 16:07:03"
"NSYS002","61880_8","12.05.2022 15:24:30","12.05.2022 15:24:32"
"NYAK001","61880_14","20.05.2022 15:40:51","20.05.2022 15:40:51"
"NYAK001","61880_14","20.05.2022 15:41:31","20.05.2022 15:41:33"
"OKOK006","61880_14","20.05.2022 15:44:23","20.05.2022 15:44:26"
"LGAD001","61880_1","17.05.2022 9:32:34","17.05.2022 9:32:35"
"LGAD001","61880_1","17.05.2022 9:33:20","17.05.2022 9:33:22"
"LGAD001","61880_2","17.05.2022 9:46:21","17.05.2022 9:46:22"
"LGAD001","61880_2","17.05.2022 10:17:59","17.05.2022 10:18:00"
"LGAD001","61880-9-all","17.05.2022 14:37:45","17.05.2022 14:37:45"
"IMOS002","61880_2","19.05.2022 15:10:30","19.05.2022 15:10:32"
"ASUSE","61880-9-all","20.05.2022 10:11:19","20.05.2022 10:11:20"
"ASUSE","61880_2","20.05.2022 10:26:19","20.05.2022 10:26:20"
"ASUSE","61880_2","20.05.2022 10:56:11","20.05.2022 10:56:12"
"ASUSE","61880_2","20.05.2022 11:10:06","20.05.2022 11:10:07"
"NCHER","462359_rep","18.05.2022 13:45:45","18.05.2022 13:47:26"
"ASUSE","61880_19","18.05.2022 16:07:10","18.05.2022 16:07:11"
"ASUSE","61880_8","18.05.2022 16:07:41","18.05.2022 16:07:42"
"ASUSE","61880_19","18.05.2022 16:07:52","18.05.2022 16:07:52"
"ASUSE","61880_8","18.05.2022 16:08:02","18.05.2022 16:08:02"
"VSHAP001","61880_2","20.05.2022 5:50:09","20.05.2022 5:50:11"
"VSHAP001","61759_1","20.05.2022 7:44:04","20.05.2022 7:44:04"
"VSHAP001","61880_2","20.05.2022 8:50:39","20.05.2022 8:50:40"
"VSHAP001","61759_1","20.05.2022 9:39:08","20.05.2022 9:39:08"
"VSHAP001","61759_1","20.05.2022 9:49:44","20.05.2022 9:49:45"
"VSHAP001","61759_1","20.05.2022 10:01:59","20.05.2022 10:01:59"
"VSHAP001","61880_2","20.05.2022 10:38:49","20.05.2022 10:38:50"
"ASUSE","61880_18","20.05.2022 11:42:40","20.05.2022 11:42:57"
"IGRI056","61880_2","19.05.2022 12:12:19","19.05.2022 12:12:20"
"IGRI056","61880_2","19.05.2022 12:45:31","19.05.2022 12:45:32"
"OKOK006","61880_18","19.05.2022 13:56:40","19.05.2022 13:56:49"
"OKOK006","462359_rep","19.05.2022 14:45:12","19.05.2022 14:46:57"
"OKOK006","61880_18","19.05.2022 14:53:19","19.05.2022 14:53:28"
"ASUSE","61880-9-III","19.05.2022 23:01:56","19.05.2022 23:01:56"
"ASUSE","61880-9-III","19.05.2022 23:04:07","19.05.2022 23:04:07"
"LGAD001","61880-9-III","20.05.2022 6:07:12","20.05.2022 6:07:12"
"LGAD001","61880_1","13.05.2022 7:00:13","13.05.2022 7:00:15"
"LGAD001","61880_1","13.05.2022 7:01:13","13.05.2022 7:01:15"
"LGAD001","61759_1","13.05.2022 7:56:16","13.05.2022 7:56:16"
"LGAD001","61880_2","13.05.2022 8:41:55","13.05.2022 8:41:56"
"LGAD001","61880_2","13.05.2022 10:49:57","13.05.2022 10:49:58"
"ASUSE","61880_8","18.05.2022 16:09:06","18.05.2022 16:09:06"
"ASUSE","61880_8","18.05.2022 16:12:00","18.05.2022 16:12:01"
"ASUSE","61880_19","18.05.2022 16:17:09","18.05.2022 16:17:10"
"ASUSE","61880_8","18.05.2022 16:17:55","18.05.2022 16:17:55"
"NSYCH001","61880_11","11.05.2022 17:31:14","11.05.2022 17:31:15"
"LGAD001","61880_2","18.05.2022 7:42:01","18.05.2022 7:42:02"
"LGAD001","61880_10","18.05.2022 8:12:17","18.05.2022 8:12:17"
"LGAD001","61880_2","18.05.2022 8:14:26","18.05.2022 8:14:27"
"LGAD001","61759_1","18.05.2022 8:30:34","18.05.2022 8:30:34"
"LGAD001","61880-9-all","18.05.2022 8:52:02","18.05.2022 8:52:02"
"LGAD001","61880-9-IÀ","18.05.2022 8:55:19","18.05.2022 8:55:20"
"LGAD001","61880-9-IÀ","18.05.2022 8:55:31","18.05.2022 8:55:34"
"LGAD001","61880-9-IÁ","18.05.2022 8:56:01","18.05.2022 8:56:02"
"LGAD001","61880-9-IIÀ","18.05.2022 8:56:29","18.05.2022 8:56:30"
"LGAD001","61880-9-IIÁ","18.05.2022 8:57:00","18.05.2022 8:57:01"
"LGAD001","61880-9-IIÁ","18.05.2022 8:57:09","18.05.2022 8:57:10"
"LGAD001","61880-9-III","18.05.2022 8:57:36","18.05.2022 8:57:36"
"LGAD001","61880-9-III","18.05.2022 8:57:39","18.05.2022 8:57:39"
"LGAD001","61880_17","18.05.2022 8:58:58","18.05.2022 8:58:59"
"VSHAP001","61880_2","18.05.2022 5:42:36","18.05.2022 5:42:37"
"VSHAP001","61880_2","18.05.2022 7:48:48","18.05.2022 7:48:49"
"VSHAP001","61880_2","18.05.2022 8:16:50","18.05.2022 8:16:51"
"VSHAP001","61880-9-all","18.05.2022 9:07:12","18.05.2022 9:07:12"
"VSHAP001","61880-9-IÀ","18.05.2022 9:12:16","18.05.2022 9:12:17"
"VSHAP001","61880-9-IÁ","18.05.2022 9:13:50","18.05.2022 9:13:51"
"VSHAP001","61880-9-IIÀ","18.05.2022 9:14:03","18.05.2022 9:14:04"
"VSHAP001","61880-9-IIÁ","18.05.2022 9:14:17","18.05.2022 9:14:18"
"VSHAP001","61880-9-III","18.05.2022 9:14:36","18.05.2022 9:14:36"
"VSHAP001","61880-9-all","18.05.2022 9:14:45","18.05.2022 9:14:45"
"VSHAP001","61880-9-IÀ","18.05.2022 9:16:56","18.05.2022 9:16:57"
"VSHAP001","61880-9-IÁ","18.05.2022 9:18:10","18.05.2022 9:18:12"
"VSHAP001","61880-9-IIÀ","18.05.2022 9:18:24","18.05.2022 9:18:25"
"VSHAP001","61880-9-IIÁ","18.05.2022 9:18:37","18.05.2022 9:18:38"
"VSHAP001","61880-9-III","18.05.2022 9:18:45","18.05.2022 9:18:45"
"VSHAP001","61880-9-III","18.05.2022 9:18:50","18.05.2022 9:18:51"
"VSHAP001","61880_2","09.05.2022 16:07:58","09.05.2022 16:08:00"
"ASUSE","61880_1","12.05.2022 14:38:32","12.05.2022 14:38:35"
"LGAD001","61880_2","13.05.2022 10:59:17","13.05.2022 10:59:18"
"LGAD001","61880_10","13.05.2022 11:51:50","13.05.2022 11:51:50"
"LGAD001","61880_2","13.05.2022 12:01:26","13.05.2022 12:01:27"
"LGAD001","61880_10","13.05.2022 12:03:32","13.05.2022 12:03:33"
"NCHER","61880_1","12.05.2022 13:58:18","12.05.2022 13:58:21"
"ASUSE","61880_8","18.05.2022 16:17:59","18.05.2022 16:17:59"
"ASUSE","61880_8","18.05.2022 16:49:37","18.05.2022 16:49:37"
"ASUSE","61880_8","18.05.2022 16:49:43","18.05.2022 16:49:44"
"LGAD001","61880_8","18.05.2022 9:04:39","18.05.2022 9:04:40"
"LGAD001","61880_2","18.05.2022 9:22:15","18.05.2022 9:22:16"
"LGAD001","61759_1","18.05.2022 9:29:50","18.05.2022 9:29:50"
"LGAD001","61880_10","18.05.2022 10:05:54","18.05.2022 10:05:55"
"LGAD001","61880_10","18.05.2022 10:06:16","18.05.2022 10:06:17"
"ASUSE","61880_18","20.05.2022 11:43:46","20.05.2022 11:44:04"
"ASUSE","61880_18","20.05.2022 11:44:50","20.05.2022 11:45:08"
"VSHAP001","61880_2","18.05.2022 9:49:01","18.05.2022 9:49:02"
"VSHAP001","61880_8","18.05.2022 10:22:41","18.05.2022 10:22:42"
"VSHAP001","61880_8","18.05.2022 10:24:24","18.05.2022 10:24:25"
"VSHAP001","61880_2","18.05.2022 11:56:57","18.05.2022 11:56:59"
"VSHAP001","61880_10","11.05.2022 17:03:10","11.05.2022 17:03:11"
"VSHAP001","61880_17","11.05.2022 17:08:39","11.05.2022 17:08:40"
"VSHAP001","61880_17","11.05.2022 17:09:12","11.05.2022 17:09:13"
"VSHAP001","61880_17","11.05.2022 17:14:02","11.05.2022 17:14:03"
"LGAD001","61880_19","13.05.2022 12:21:10","13.05.2022 12:21:11"
"LGAD001","61880_2","13.05.2022 12:26:06","13.05.2022 12:26:07"
"NCHER","61880_15","15.05.2022 9:00:15","15.05.2022 9:00:15"
"NCHER","462359_rep","15.05.2022 15:47:27","15.05.2022 15:49:00"
"VSHAP001","61880_1","17.05.2022 6:40:12","17.05.2022 6:40:16"
"VSHAP001","61880_1","17.05.2022 7:46:44","17.05.2022 7:46:46"
"ASUSE","61880_19","12.05.2022 16:44:40","12.05.2022 16:44:41"
"ASUSE","61880_19","18.05.2022 16:49:52","18.05.2022 16:49:53"
"ASUSE","61880_2","18.05.2022 16:50:28","18.05.2022 16:50:29"
"MGOR156","61880_7","18.05.2022 19:17:27","18.05.2022 19:17:27"
"ASUSE","61880_18","20.05.2022 11:45:19","20.05.2022 11:45:37"
"NCHER","61880_19","20.05.2022 11:53:02","20.05.2022 11:53:02"
"NCHER","61880_2","20.05.2022 11:54:23","20.05.2022 11:54:24"
"ASUSE","61880_2","20.05.2022 14:00:49","20.05.2022 14:00:50"
"VSHAP001","61880_19","18.05.2022 12:00:58","18.05.2022 12:00:59"
"ASUSE","61880_2","19.05.2022 13:01:07","19.05.2022 13:01:08"
"ASUSE","61880_2","19.05.2022 13:16:46","19.05.2022 13:16:48"
"ASUSE","61880_2","19.05.2022 13:21:22","19.05.2022 13:21:23"
"LGAD001","61880_19","11.05.2022 6:51:19","11.05.2022 6:51:21"
"LGAD001","61880_19","11.05.2022 6:56:41","11.05.2022 6:56:42"
"LGAD001","61880_19","11.05.2022 7:38:33","11.05.2022 7:38:33"
"LGAD001","61880_2","11.05.2022 8:07:42","11.05.2022 8:07:43"
"NCHER","61880_17","18.05.2022 21:29:54","18.05.2022 21:29:55"
"NCHER","61880-9-all","18.05.2022 21:35:42","18.05.2022 21:35:43"
"NCHER","61880-9-IÀ","18.05.2022 21:53:02","18.05.2022 21:53:07"
"OKOK006","462361","19.05.2022 21:43:51","19.05.2022 21:43:52"
"OKOK006","462361","19.05.2022 21:44:26","19.05.2022 21:44:26"
"OKOK006","61880_14","19.05.2022 21:51:43","19.05.2022 21:51:45"
"ASUSE","63051","19.05.2022 23:50:48","19.05.2022 23:51:03"
"ASUSE","63051","19.05.2022 23:51:49","19.05.2022 23:52:07"
"ASUSE","63051","19.05.2022 23:52:47","19.05.2022 23:53:01"
"ASUSE","63051","19.05.2022 23:58:52","19.05.2022 23:59:20"
"ASUSE","63051","20.05.2022 0:00:18","20.05.2022 0:01:05"
"ASUSE","63051","20.05.2022 0:01:50","20.05.2022 0:02:37"
"ASUSE","63051","20.05.2022 0:08:48","20.05.2022 0:09:36"
"ASUSE","63051","20.05.2022 0:12:38","20.05.2022 0:12:54"
"ASUSE","63051","20.05.2022 0:26:30","20.05.2022 0:26:59"
"ASUSE","63051","20.05.2022 0:32:35","20.05.2022 0:32:51"
"ASUSE","63051","20.05.2022 0:38:57","20.05.2022 0:39:17"
"ASUSE","63051","20.05.2022 0:41:30","20.05.2022 0:42:17"
"ASUSE","61880_2","20.05.2022 14:13:43","20.05.2022 14:13:44"
"ASUSE","61880_2","20.05.2022 14:26:54","20.05.2022 14:26:56"
"ASUSE","61880-9-III","20.05.2022 14:32:38","20.05.2022 14:32:38"
"ASUSE","61880-9-IÀ","20.05.2022 14:33:08","20.05.2022 14:33:11"
"NYAK001","61880_7","20.05.2022 15:44:24","20.05.2022 15:44:25"
"ASUSE","61880_2","19.05.2022 13:51:48","19.05.2022 13:51:49"
"ASUSE","61880_2","19.05.2022 14:31:11","19.05.2022 14:31:12"
"ASUSE","61880_10","19.05.2022 14:37:59","19.05.2022 14:37:59"
"ASUSE","61880_18","19.05.2022 14:45:32","19.05.2022 14:45:40"
"ASUSE","61880_19","19.05.2022 14:47:19","19.05.2022 14:47:19"
"LGAD001","61880_2","11.05.2022 8:12:11","11.05.2022 8:12:12"
"LGAD001","61880_2","11.05.2022 9:05:17","11.05.2022 9:05:19"
"LGAD001","61880_2","11.05.2022 9:58:21","11.05.2022 9:58:22"
"VSHAP001","63051","25.05.2022 18:54:09","25.05.2022 18:54:22"
"VSHAP001","61880_19","25.05.2022 18:56:13","25.05.2022 18:56:14"
"VSHAP001","61880_10","25.05.2022 18:58:23","25.05.2022 18:58:24"
"VSHAP001","61880_2","25.05.2022 19:20:31","25.05.2022 19:20:32"
"VSHAP001","462359_rep_year","25.05.2022 19:43:27","25.05.2022 19:45:00"
"ASUSE","61880_2","27.05.2022 17:00:11","27.05.2022 17:00:12"
"ASUSE","61880_2","27.05.2022 17:01:48","27.05.2022 17:01:50"
"NYAK001","61880_14","27.05.2022 13:49:23","27.05.2022 13:49:25"
"YUDOR001","61880_18","27.05.2022 14:55:25","27.05.2022 14:55:38"
"LGAD001","61880_2","30.05.2022 8:28:22","30.05.2022 8:28:24"
"ASUSE","61880-9-III","31.05.2022 16:37:11","31.05.2022 16:37:11"
"ASUSE","61880-9-III","31.05.2022 16:37:16","31.05.2022 16:37:16"
"ASUSE","61880-9-III","31.05.2022 16:37:21","31.05.2022 16:37:21"
"NSYCH001","61880_2","20.05.2022 19:01:26","20.05.2022 19:01:27"
"LGAD001","61880_2","24.05.2022 8:25:11","24.05.2022 8:25:13"
"LGAD001","61880_2","24.05.2022 8:42:17","24.05.2022 8:42:18"
"LGAD001","61880_19","24.05.2022 8:45:27","24.05.2022 8:45:28"
"VSHAP001","61880_2","23.05.2022 11:46:50","23.05.2022 11:46:51"
"VSHAP001","61880_2","23.05.2022 11:52:02","23.05.2022 11:52:04"
"VSHAP001","61880_8","23.05.2022 12:05:53","23.05.2022 12:05:54"
"VSHAP001","61880_8","23.05.2022 13:47:21","23.05.2022 13:47:23"
"ASUSE","61880_2","27.05.2022 18:55:49","27.05.2022 18:55:50"
"ASUSE","61880_2","30.05.2022 13:56:11","30.05.2022 13:56:12"
"LGAD001","61880_2","31.05.2022 8:12:46","31.05.2022 8:12:48"
"OKOK006","61759_1","23.05.2022 16:49:52","23.05.2022 16:49:52"
"OKOK006","61759_1","23.05.2022 16:50:16","23.05.2022 16:50:16"
"OKOK006","61880_18","23.05.2022 16:50:44","23.05.2022 16:51:12"
"OKOK006","61880_7","23.05.2022 17:06:08","23.05.2022 17:06:09"
"ASUSE","462359_rep_year","23.05.2022 17:49:48","23.05.2022 17:51:22"
"NSYCH001","61880_10","24.05.2022 6:59:12","24.05.2022 6:59:13"
"NSYCH001","61880_2","24.05.2022 9:07:28","24.05.2022 9:07:29"
"LGAD001","61880_19","24.05.2022 12:22:27","24.05.2022 12:22:28"
"VSHAP001","61880_17","26.05.2022 13:24:50","26.05.2022 13:24:54"
"VSHAP001","61880_17","26.05.2022 16:22:28","26.05.2022 16:22:32"
"VSHAP001","61880_14","23.05.2022 13:59:56","23.05.2022 13:59:58"
"VSHAP001","61880_14","23.05.2022 14:05:58","23.05.2022 14:06:00"
"VSHAP001","61880_14","23.05.2022 14:07:07","23.05.2022 14:07:09"
"NYAK001","61880_14","21.05.2022 15:05:22","21.05.2022 15:05:24"
"NYAK001","61880_10","21.05.2022 15:06:13","21.05.2022 15:06:14"
"NYAK001","61880_10","21.05.2022 15:54:35","21.05.2022 15:54:35"
"NYAK001","61880_10","21.05.2022 15:55:57","21.05.2022 15:55:58"
"NYAK001","61880_10","21.05.2022 16:03:04","21.05.2022 16:03:04"
"NYAK001","61880_10","21.05.2022 16:03:49","21.05.2022 16:03:50"
"NYAK001","61880_10","21.05.2022 16:44:29","21.05.2022 16:44:30"
"NYAK001","61880_14","21.05.2022 16:45:19","21.05.2022 16:45:21"
"NYAK001","61880_14","21.05.2022 17:06:44","21.05.2022 17:06:47"
"ASUSE","61759_1","23.05.2022 15:48:08","23.05.2022 15:48:08"
"ASUSE","61759_1","23.05.2022 16:09:44","23.05.2022 16:09:45"
"ASUSE","462359_rep_year","23.05.2022 16:10:09","23.05.2022 16:11:52"
"NSYCH001","61880_2","24.05.2022 9:24:53","24.05.2022 9:24:55"
"NSYCH001","462359_rep_year","24.05.2022 9:33:57","24.05.2022 9:35:49"
"NSYCH001","61880-9-III","25.05.2022 6:58:49","25.05.2022 6:58:49"
"NSYCH001","61880-9-III","25.05.2022 6:59:00","25.05.2022 6:59:00"
"NSYCH001","61880-9-III","25.05.2022 6:59:16","25.05.2022 6:59:16"
"NSYCH001","61880-9-III","25.05.2022 7:00:27","25.05.2022 7:00:27"
"NSYCH001","61880_2","25.05.2022 9:11:05","25.05.2022 9:11:07"
"NSYCH001","61880_2","25.05.2022 9:33:08","25.05.2022 9:33:09"
"VSHAP001","61880_17","26.05.2022 16:25:38","26.05.2022 16:25:41"
"VSHAP001","61880_17","26.05.2022 16:27:20","26.05.2022 16:27:24"
"VSHAP001","61880_17","26.05.2022 17:04:35","26.05.2022 17:04:38"
"VSHAP001","61880_17","26.05.2022 17:20:29","26.05.2022 17:20:32"
"NSYCH001","63051","23.05.2022 10:42:01","23.05.2022 10:42:02"
"NSYCH001","61880-9-all","23.05.2022 13:38:30","23.05.2022 13:38:32"
"VSHAP001","61880_14","23.05.2022 14:07:51","23.05.2022 14:07:53"
"VSHAP001","61880_14","23.05.2022 14:08:37","23.05.2022 14:08:39"
"VSHAP001","61880_14","23.05.2022 14:09:19","23.05.2022 14:09:21"
"NYAK001","61880_14","21.05.2022 17:10:23","21.05.2022 17:10:26"
"NYAK001","61880_14","21.05.2022 17:13:43","21.05.2022 17:13:45"
"NYAK001","61880_14","21.05.2022 17:20:11","21.05.2022 17:20:13"
"NYAK001","61880_10","21.05.2022 17:21:48","21.05.2022 17:21:49"
"NYAK001","61880_10","21.05.2022 17:22:23","21.05.2022 17:22:24"
"NYAK001","61880_10","21.05.2022 17:23:33","21.05.2022 17:23:34"
"NYAK001","61880_10","21.05.2022 17:24:02","21.05.2022 17:24:03"
"NSYCH001","61880_2","25.05.2022 9:48:38","25.05.2022 9:48:39"
"NSYCH001","61880_2","25.05.2022 9:57:43","25.05.2022 9:57:45"
"NSYCH001","61880_2","25.05.2022 10:09:50","25.05.2022 10:09:52"
"NSYCH001","61880_2","25.05.2022 10:10:52","25.05.2022 10:10:54"
"ASUSE","61880-9-IÁ","25.05.2022 12:12:06","25.05.2022 12:12:08"
"ASUSE","61880-9-IÁ","25.05.2022 12:12:14","25.05.2022 12:12:15"
"ASUSE","61880-9-IÁ","25.05.2022 12:12:23","25.05.2022 12:12:24"
"VSHAP001","61880_19","26.05.2022 17:50:39","26.05.2022 17:50:40"
"VSHAP001","61880_1","26.05.2022 17:56:50","26.05.2022 17:56:53"
"VSHAP001","61880_2","27.05.2022 9:10:38","27.05.2022 9:10:39"
"ASUSE","61880_2","27.05.2022 18:56:11","27.05.2022 18:56:12"
"LGAD001","61880_10","23.05.2022 7:26:41","23.05.2022 7:26:42"
"LGAD001","61880_2","23.05.2022 7:27:28","23.05.2022 7:27:30"
"LGAD001","61880_2","23.05.2022 8:54:28","23.05.2022 8:54:29"
"LGAD001","61880_2","23.05.2022 9:07:19","23.05.2022 9:07:20"
"LGAD001","61880_2","31.05.2022 8:39:29","31.05.2022 8:39:31"
"LGAD001","61880_2","31.05.2022 9:00:06","31.05.2022 9:00:08"
"VSHAP001","61880_2","31.05.2022 9:03:02","31.05.2022 9:03:03"
"NYAK001","61880_10","23.05.2022 8:40:56","23.05.2022 8:40:57"
"NYAK001","61880_10","23.05.2022 9:14:14","23.05.2022 9:14:15"
"NYAK001","61880_14","23.05.2022 9:15:06","23.05.2022 9:15:09"
"NYAK001","61880_14","23.05.2022 9:27:55","23.05.2022 9:27:57"
"NYAK001","61880_14","23.05.2022 9:37:21","23.05.2022 9:37:23"
"ASUSE","63051","24.05.2022 13:32:53","24.05.2022 13:33:10"
"YUDOR001","61880_19","23.05.2022 14:35:06","23.05.2022 14:35:07"
"NSYS002","61880_8","30.05.2022 8:28:28","30.05.2022 8:28:29"
"NYAK001","61880_14","30.05.2022 13:27:48","30.05.2022 13:27:51"
"LGAD001","61880_2","23.05.2022 12:07:08","23.05.2022 12:07:10"
"LGAD001","61880_2","23.05.2022 12:10:50","23.05.2022 12:10:51"
"LGAD001","61880_10","23.05.2022 12:13:24","23.05.2022 12:13:25"
"LGAD001","61880_2","23.05.2022 12:27:36","23.05.2022 12:27:37"
"LGAD001","61880_10","23.05.2022 12:50:14","23.05.2022 12:50:15"
"LGAD001","61880_8","23.05.2022 12:57:23","23.05.2022 12:57:25"
"ASUSE","61880_17","26.05.2022 16:20:57","26.05.2022 16:21:01"
"LGAD001","61880_2","31.05.2022 10:52:22","31.05.2022 10:52:24"
"VSHAP001","61880_2","31.05.2022 11:40:59","31.05.2022 11:41:01"
"LGAD001","61880_19","26.05.2022 11:03:11","26.05.2022 11:03:11"
"LGAD001","61880_2","26.05.2022 11:16:15","26.05.2022 11:16:17"
"LGAD001","61880_2","26.05.2022 11:31:21","26.05.2022 11:31:23"
"ASUSE","61880_17","26.05.2022 12:03:38","26.05.2022 12:03:41"
"VSHAP001","61880_2","30.05.2022 9:07:23","30.05.2022 9:07:24"
"VSHAP001","61880_2","30.05.2022 9:19:14","30.05.2022 9:19:15"
"NYAK001","61880_7","30.05.2022 13:32:05","30.05.2022 13:32:06"
"LGAD001","61880_2","23.05.2022 13:57:11","23.05.2022 13:57:13"
"VSHAP001","61880_14","23.05.2022 14:10:17","23.05.2022 14:10:19"
"VSHAP001","61880_14","23.05.2022 14:11:01","23.05.2022 14:11:04"
"LGAD001","61880-9-all","23.05.2022 14:32:20","23.05.2022 14:32:21"
"VSHAP001","61880-9-all","23.05.2022 14:33:07","23.05.2022 14:33:09"
"LGAD001","61880-9-IÀ","23.05.2022 14:50:19","23.05.2022 14:50:20"
"LGAD001","61880-9-IÁ","23.05.2022 14:50:54","23.05.2022 14:50:55"
"LGAD001","61880-9-IIÀ","23.05.2022 14:51:22","23.05.2022 14:51:24"
"LGAD001","61880-9-IIÁ","23.05.2022 14:51:54","23.05.2022 14:51:56"
"LGAD001","61880-9-III","23.05.2022 14:52:25","23.05.2022 14:52:25"
"LGAD001","61880-9-IÀ","23.05.2022 14:53:28","23.05.2022 14:53:30"
"LGAD001","61880-9-IÁ","23.05.2022 14:53:57","23.05.2022 14:53:58"
"LGAD001","61880-9-IIÀ","23.05.2022 14:54:27","23.05.2022 14:54:28"
"LGAD001","61880-9-IIÁ","23.05.2022 14:54:58","23.05.2022 14:54:59"
"LGAD001","61880-9-III","23.05.2022 14:55:27","23.05.2022 14:55:27"
"LGAD001","61880-9-IÀ","23.05.2022 14:56:25","23.05.2022 14:56:27"
"LGAD001","61880-9-IÁ","23.05.2022 14:56:56","23.05.2022 14:56:57"
"LGAD001","61880-9-IIÀ","23.05.2022 14:57:24","23.05.2022 14:57:25"
"LGAD001","61880-9-IIÁ","23.05.2022 14:57:52","23.05.2022 14:57:53"
"LGAD001","61880-9-III","23.05.2022 14:58:21","23.05.2022 14:58:21"
"VSHAP001","61880-9-IÀ","23.05.2022 14:59:27","23.05.2022 14:59:28"
"LGAD001","61880-9-IÀ","23.05.2022 14:59:40","23.05.2022 14:59:44"
"VSHAP001","61880-9-IÁ","23.05.2022 15:00:18","23.05.2022 15:00:19"
"LGAD001","61880-9-IÁ","23.05.2022 15:01:04","23.05.2022 15:01:05"
"VSHAP001","61880-9-Â","23.05.2022 15:01:12","23.05.2022 15:01:12"
"VSHAP001","61880-9-Â","23.05.2022 15:01:17","23.05.2022 15:01:17"
"VSHAP001","61880-9-Â","23.05.2022 15:01:18","23.05.2022 15:01:18"
"LGAD001","61880-9-IIÀ","23.05.2022 15:01:37","23.05.2022 15:01:38"
"LGAD001","61880-9-IIÁ","23.05.2022 15:02:04","23.05.2022 15:02:05"
"VSHAP001","61880-9-IIÀ","23.05.2022 15:02:04","23.05.2022 15:02:05"
"VSHAP001","61880_2","31.05.2022 11:43:41","31.05.2022 11:43:42"
"VSHAP001","61880_2","31.05.2022 11:55:46","31.05.2022 11:55:47"
"LGAD001","61880_2","31.05.2022 12:24:52","31.05.2022 12:24:53"
"VSHAP001","61880_11_new","31.05.2022 13:20:33","31.05.2022 13:20:36"
"ASUSE","61880_14","23.05.2022 13:28:44","23.05.2022 13:28:46"
"NYAK001","61880_14","24.05.2022 13:11:19","24.05.2022 13:11:21"
"NYAK001","61880_3","24.05.2022 15:59:32","24.05.2022 15:59:33"
"NYAK001","61880_14","30.05.2022 15:09:31","30.05.2022 15:09:34"
"VSHAP001","61880_2","31.05.2022 8:21:42","31.05.2022 8:21:43"
"VSHAP001","61880_2","31.05.2022 8:35:30","31.05.2022 8:35:32"
"NSYCH001","61880-9-III","01.06.2022 7:07:01","01.06.2022 7:07:01"
"NSYCH001","61880-9-III","01.06.2022 7:07:13","01.06.2022 7:07:13"
"NSYCH001","61880-9-III","01.06.2022 7:07:28","01.06.2022 7:07:28"
"ASUSE","63051","01.06.2022 8:15:25","01.06.2022 8:15:35"
"ASUSE","63051","01.06.2022 8:18:03","01.06.2022 8:18:19"
"ASUSE","63051","01.06.2022 8:22:20","01.06.2022 8:22:34"
"LGAD001","61880-9-III","23.05.2022 15:02:31","23.05.2022 15:02:31"
"VSHAP001","61880-9-IIÁ","23.05.2022 15:02:58","23.05.2022 15:02:59"
"LGAD001","61880-9-IÀ","23.05.2022 15:03:29","23.05.2022 15:03:32"
"VSHAP001","61880-9-III","23.05.2022 15:03:54","23.05.2022 15:03:54"
"LGAD001","61880-9-IÁ","23.05.2022 15:04:16","23.05.2022 15:04:18"
"LGAD001","61880-9-IIÀ","23.05.2022 15:04:44","23.05.2022 15:04:45"
"LGAD001","61880-9-IIÁ","23.05.2022 15:05:10","23.05.2022 15:05:11"
"LGAD001","61880-9-III","23.05.2022 15:05:48","23.05.2022 15:05:48"
"VSHAP001","61880-9-IÀ","23.05.2022 15:16:22","23.05.2022 15:16:23"
"VSHAP001","61880-9-IÁ","23.05.2022 15:17:03","23.05.2022 15:17:05"
"VSHAP001","61880-9-IIÀ","23.05.2022 15:17:08","23.05.2022 15:17:09"
"VSHAP001","61880-9-IIÁ","23.05.2022 15:17:12","23.05.2022 15:17:13"
"VSHAP001","61880-9-IÁ","23.05.2022 15:17:21","23.05.2022 15:17:22"
"VSHAP001","61880-9-Â","23.05.2022 15:17:28","23.05.2022 15:17:28"
"VSHAP001","61880-9-IIÀ","23.05.2022 15:17:37","23.05.2022 15:17:38"
"VSHAP001","61880-9-IIÁ","23.05.2022 15:17:44","23.05.2022 15:17:45"
"VSHAP001","61880-9-III","23.05.2022 15:17:51","23.05.2022 15:17:51"
"VSHAP001","61880-9-IÀ","23.05.2022 15:19:11","23.05.2022 15:19:27"
"VSHAP001","61880-9-IÁ","23.05.2022 15:21:52","23.05.2022 15:21:53"
"VSHAP001","61880-9-Â","23.05.2022 15:23:59","23.05.2022 15:23:59"
"VSHAP001","61880-9-IIÀ","23.05.2022 15:24:42","23.05.2022 15:24:43"
"VSHAP001","61880-9-IIÁ","23.05.2022 15:24:49","23.05.2022 15:24:50"
"VSHAP001","61880-9-III","23.05.2022 15:26:14","23.05.2022 15:26:14"
"VSHAP001","61880-9-IÀ","23.05.2022 15:29:37","23.05.2022 15:29:39"
"VSHAP001","61880-9-IÁ","23.05.2022 15:31:15","23.05.2022 15:31:17"
"VSHAP001","61880-9-Â","23.05.2022 15:31:27","23.05.2022 15:31:27"
"VSHAP001","61880-9-IIÀ","23.05.2022 15:31:44","23.05.2022 15:31:45"
"VSHAP001","61880-9-IIÁ","23.05.2022 15:31:53","23.05.2022 15:31:54"
"VSHAP001","61880-9-III","23.05.2022 15:32:00","23.05.2022 15:32:00"
"VSHAP001","61880-9-IÀ","23.05.2022 15:33:12","23.05.2022 15:33:14"
"VSHAP001","61880-9-IÁ","23.05.2022 15:34:19","23.05.2022 15:34:21"
"VSHAP001","61880-9-IIÀ","23.05.2022 15:34:40","23.05.2022 15:34:41"
"VSHAP001","61880-9-IIÁ","23.05.2022 15:34:47","23.05.2022 15:34:48"
"VSHAP001","61880-9-III","23.05.2022 15:34:58","23.05.2022 15:34:58"
"VSHAP001","61880-9-IÀ","23.05.2022 15:36:30","23.05.2022 15:36:31"
"VSHAP001","61880-9-IÁ","23.05.2022 15:37:11","23.05.2022 15:37:12"
"VSHAP001","61880-9-IIÀ","23.05.2022 15:37:20","23.05.2022 15:37:21"
"VSHAP001","61880-9-IIÁ","23.05.2022 15:37:31","23.05.2022 15:37:32"
"VSHAP001","61880-9-III","23.05.2022 15:37:49","23.05.2022 15:37:49"
"VSHAP001","61880-9-IÀ","23.05.2022 15:39:19","23.05.2022 15:39:21"
"VSHAP001","61880-9-IÁ","23.05.2022 15:40:03","23.05.2022 15:40:04"
"VSHAP001","61880-9-IIÀ","23.05.2022 15:40:15","23.05.2022 15:40:16"
"VSHAP001","61880-9-IIÁ","23.05.2022 15:40:24","23.05.2022 15:40:25"
"VSHAP001","61880-9-III","23.05.2022 15:40:33","23.05.2022 15:40:34"
"VSHAP001","61880_2","23.05.2022 15:49:08","23.05.2022 15:49:10"
"LGAD001","61880_2","23.05.2022 15:55:12","23.05.2022 15:55:13"
"ASUSE","63051","01.06.2022 10:50:05","01.06.2022 10:50:27"
"YUDOR001","61880_2","01.06.2022 16:47:27","01.06.2022 16:47:29"
"YUDOR001","61880_2","01.06.2022 16:47:49","01.06.2022 16:47:50"
"LGAD001","61880_2","02.06.2022 7:46:40","02.06.2022 7:46:42"
"VSHAP001","61880_2","02.06.2022 8:42:42","02.06.2022 8:42:44"
"ASUSE","61880_2","23.05.2022 11:36:30","23.05.2022 11:36:32"
"ASUSE","61880_2","23.05.2022 11:38:07","23.05.2022 11:38:09"
"ASUSE","61880_10","23.05.2022 11:46:51","23.05.2022 11:46:52"
"ASUSE","61880_10","23.05.2022 11:47:44","23.05.2022 11:47:45"
"ASUSE","61880_10","23.05.2022 12:16:01","23.05.2022 12:16:02"
"ASUSE","61880_10","23.05.2022 12:23:14","23.05.2022 12:23:15"
"ASUSE","61759_1","23.05.2022 14:36:05","23.05.2022 14:36:06"
"ASUSE","61759_1","23.05.2022 15:11:27","23.05.2022 15:11:28"
"ASUSE","61880_19","23.05.2022 17:12:03","23.05.2022 17:12:04"
"ASUSE","61880_19","23.05.2022 17:12:33","23.05.2022 17:12:34"
"LGAD001","61880_1","01.06.2022 12:40:20","01.06.2022 12:40:23"
"ASUSE","61880_8","02.06.2022 13:46:59","02.06.2022 13:47:01"
"ASUSE","61880_8","02.06.2022 13:51:43","02.06.2022 13:51:44"
"ASUSE","61880_8","02.06.2022 14:10:56","02.06.2022 14:10:57"
"ASUSE","61880_8","02.06.2022 14:11:28","02.06.2022 14:11:29"
"LGAD001","61880_2","23.05.2022 16:01:06","23.05.2022 16:01:08"
"LGAD001","61880_10","23.05.2022 16:04:09","23.05.2022 16:04:10"
"LGAD001","61880_8","23.05.2022 16:04:45","23.05.2022 16:04:47"
"VSHAP001","61880_19","23.05.2022 18:45:33","23.05.2022 18:45:34"
"VSHAP001","61880_8","23.05.2022 19:21:38","23.05.2022 19:21:40"
"VSHAP001","61759_1","23.05.2022 19:37:38","23.05.2022 19:37:38"
"VSHAP001","63051","23.05.2022 19:44:37","23.05.2022 19:44:52"
"LGAD001","61759_1","23.05.2022 19:52:57","23.05.2022 19:52:58"
"ASUSE","63051","01.06.2022 8:23:10","01.06.2022 8:23:24"
"ASUSE","63051","01.06.2022 8:27:27","01.06.2022 8:27:27"
"ASUSE","63051","01.06.2022 8:27:42","01.06.2022 8:27:59"
"ASUSE","462359_rep","01.06.2022 8:39:03","01.06.2022 8:40:48"
"ASUSE","63051","01.06.2022 8:55:50","01.06.2022 8:56:49"
"ASUSE","462359_rep_year","01.06.2022 8:57:46","01.06.2022 8:59:34"
"ASUSE","63051","01.06.2022 9:08:20","01.06.2022 9:08:34"
"ASUSE","63051","01.06.2022 9:31:54","01.06.2022 9:33:02"
"ASUSE","63051","01.06.2022 9:36:13","01.06.2022 9:36:33"
"VSHAP001","61880_1","01.06.2022 10:12:47","01.06.2022 10:12:50"
"VSHAP001","61880_2","01.06.2022 10:30:30","01.06.2022 10:30:31"
"ASUSE","61880_8","23.05.2022 17:14:38","23.05.2022 17:14:40"
"ASUSE","61880_17","26.05.2022 12:28:11","26.05.2022 12:28:15"
"LGAD001","61880_2","26.05.2022 14:02:44","26.05.2022 14:02:46"
"LGAD001","61880_1","26.05.2022 14:19:35","26.05.2022 14:19:38"
"ASUSE","462359_rep_year","01.06.2022 20:01:13","01.06.2022 20:03:11"
"VSHAP001","61880_2","02.06.2022 8:55:52","02.06.2022 8:55:54"
"ASUSE","63051","02.06.2022 9:04:51","02.06.2022 9:08:02"
"ASUSE","63051","02.06.2022 9:37:16","02.06.2022 9:37:16"
"ASUSE","63051","02.06.2022 9:37:27","02.06.2022 9:40:39"
"ASUSE","63051","02.06.2022 9:40:55","02.06.2022 9:40:55"
"ASUSE","63051","02.06.2022 9:41:21","02.06.2022 9:44:44"
"ASUSE","63051","02.06.2022 9:51:21","02.06.2022 9:51:42"
"ASUSE","63051","02.06.2022 11:29:19","02.06.2022 11:30:39"
"ASUSE","61880_8","02.06.2022 14:12:27","02.06.2022 14:12:28"
"ASUSE","61880_8","02.06.2022 14:12:37","02.06.2022 14:12:38"
"ASUSE","61880_8","02.06.2022 14:12:43","02.06.2022 14:12:44"
"LGAD001","61880_8","23.05.2022 19:58:29","23.05.2022 19:58:31"
"VSHAP001","462359_rep_year","23.05.2022 20:04:29","23.05.2022 20:06:19"
"VSHAP001","61880_17","23.05.2022 20:27:16","23.05.2022 20:27:17"
"VSHAP001","61880_17","23.05.2022 20:28:27","23.05.2022 20:28:28"
"OKOK006","61880_10","24.05.2022 8:42:40","24.05.2022 8:42:41"
"LGAD001","61880_2","24.05.2022 13:07:11","24.05.2022 13:07:12"
"ASUSE","462359_rep","24.05.2022 13:20:00","24.05.2022 13:21:49"
"ASUSE","462359_rep_year","24.05.2022 13:23:18","24.05.2022 13:25:11"
"ASUSE","462359_rep_year","24.05.2022 18:04:01","24.05.2022 18:05:47"
"NCHER","462359_rep","24.05.2022 19:46:41","24.05.2022 19:48:18"
"NCHER","462359_rep","24.05.2022 19:50:26","24.05.2022 19:52:09"
"YUDOR001","462359_rep_year","25.05.2022 13:31:22","25.05.2022 13:33:11"
"IMOS002","61880_2","31.05.2022 10:40:59","31.05.2022 10:41:01"
"IMOS002","61880_2","31.05.2022 10:41:17","31.05.2022 10:41:18"
"IMOS002","61880_2","31.05.2022 11:40:09","31.05.2022 11:40:09"
"ASUSE","61880-9-all","31.05.2022 16:45:33","31.05.2022 16:45:35"
"ASUSE","61759_1","01.06.2022 13:20:51","01.06.2022 13:20:52"
"ASUSE","63051","01.06.2022 13:30:07","01.06.2022 13:30:48"
"ASUSE","63051","01.06.2022 13:31:18","01.06.2022 13:31:40"
"LGAD001","61880_19","26.05.2022 14:22:51","26.05.2022 14:22:52"
"LGAD001","61880_1","26.05.2022 14:26:19","26.05.2022 14:26:21"
"LGAD001","61880_17","26.05.2022 14:29:47","26.05.2022 14:29:51"
"LGAD001","61880-9-IÀ","26.05.2022 14:35:11","26.05.2022 14:35:15"
"LGAD001","61880-9-IÀ","26.05.2022 14:37:11","26.05.2022 14:37:14"
"LGAD001","61880_17","26.05.2022 14:38:46","26.05.2022 14:38:50"
"LGAD001","61880_17","26.05.2022 14:39:43","26.05.2022 14:39:47"
"LGAD001","61880_17","26.05.2022 14:41:55","26.05.2022 14:41:58"
"LGAD001","61880_17","26.05.2022 14:42:21","26.05.2022 14:42:26"
"IMOS002","61880_2","27.05.2022 13:08:38","27.05.2022 13:08:40"
"VSHAP001","61880_2","01.06.2022 10:43:53","01.06.2022 10:43:54"
"LGAD001","61880_2","02.06.2022 13:55:27","02.06.2022 13:55:28"
"ASUSE","61880_8","02.06.2022 14:12:54","02.06.2022 14:12:55"
"ASUSE","61880_8","02.06.2022 14:13:03","02.06.2022 14:13:04"
"VSHAP001","462359_rep_year","21.05.2022 13:24:14","21.05.2022 13:25:45"
"VSHAP001","63051","21.05.2022 13:31:57","21.05.2022 13:32:11"
"VSHAP001","63051","21.05.2022 13:35:10","21.05.2022 13:35:24"
"VSHAP001","61880_10","21.05.2022 14:47:43","21.05.2022 14:47:44"
"VSHAP001","61880_10","21.05.2022 14:57:57","21.05.2022 14:57:58"
"VSHAP001","61880_8","21.05.2022 15:03:16","21.05.2022 15:03:17"
"VSHAP001","61880_10","21.05.2022 15:30:38","21.05.2022 15:30:39"
"VSHAP001","61880_8","21.05.2022 15:36:00","21.05.2022 15:36:01"
"VSHAP001","61759_1","21.05.2022 15:46:05","21.05.2022 15:46:05"
"ASUSE","63051","23.05.2022 12:10:53","23.05.2022 12:11:08"
"ASUSE","61880_8","02.06.2022 14:13:15","02.06.2022 14:13:16"
"ASUSE","61880_8","02.06.2022 14:13:40","02.06.2022 14:13:41"
"ASUSE","61880_8","02.06.2022 14:13:48","02.06.2022 14:13:49"
"ASUSE","61880_8","02.06.2022 14:13:55","02.06.2022 14:13:56"
"ASUSE","61880_2","23.05.2022 10:02:11","23.05.2022 10:02:12"
"ASUSE","61880_19","23.05.2022 10:02:50","23.05.2022 10:02:51"
"ASUSE","61880_14","23.05.2022 10:02:57","23.05.2022 10:02:57"
"ASUSE","61880_17","23.05.2022 10:03:07","23.05.2022 10:03:08"
"NCHER","61880_10","27.05.2022 7:48:26","27.05.2022 7:48:27"
"ASUSE","61880_2","31.05.2022 10:50:24","31.05.2022 10:50:26"
"LGAD001","61880_2","31.05.2022 13:20:58","31.05.2022 13:20:59"
"LGAD001","61880_2","31.05.2022 13:24:50","31.05.2022 13:24:51"
"LGAD001","61880_2","31.05.2022 13:28:44","31.05.2022 13:28:45"
"NYAK001","61880_14","23.05.2022 15:10:21","23.05.2022 15:10:23"
"NYAK001","61880_14","23.05.2022 15:16:09","23.05.2022 15:16:11"
"NYAK001","61880_14","23.05.2022 15:26:33","23.05.2022 15:26:35"
"VSHAP001","61880_2","20.05.2022 17:37:33","20.05.2022 17:37:35"
"VSHAP001","61880_2","20.05.2022 17:39:47","20.05.2022 17:39:49"
"VSHAP001","61880_2","20.05.2022 19:17:13","20.05.2022 19:17:15"
"VSHAP001","61880_2","20.05.2022 19:21:42","20.05.2022 19:21:44"
"VSHAP001","462359_rep_year","20.05.2022 20:11:28","20.05.2022 20:13:11"
"ASUSE","61880_2","23.05.2022 11:23:57","23.05.2022 11:23:58"
"NCHER","61880-9-IIÁ","23.05.2022 15:30:10","23.05.2022 15:30:12"
"IMOS002","61880_2","27.05.2022 14:21:09","27.05.2022 14:21:10"
"IMOS002","61880_2","27.05.2022 14:21:28","27.05.2022 14:21:29"
"IMOS002","61880_18","27.05.2022 14:55:22","27.05.2022 14:55:50"
"ASUSE","61880_11_new","21.05.2022 0:28:30","21.05.2022 0:28:32"
"ASUSE","61880_11_new","21.05.2022 0:29:19","21.05.2022 0:29:21"
"ASUSE","61880_11_new","21.05.2022 0:30:35","21.05.2022 0:30:37"
"ASUSE","63051","23.05.2022 12:23:18","23.05.2022 12:23:33"
"LGAD001","61880_17","24.05.2022 18:12:33","24.05.2022 18:12:34"
"ASUSE","61880_8","02.06.2022 14:14:01","02.06.2022 14:14:01"
"ASUSE","61880_19","24.05.2022 10:16:31","24.05.2022 10:16:32"
"ASUSE","61880_19","24.05.2022 10:24:35","24.05.2022 10:24:36"
"NCHER","61880_2","21.05.2022 15:06:33","21.05.2022 15:06:34"
"NCHER","61880_2","21.05.2022 15:07:24","21.05.2022 15:07:25"
"NCHER","61880_10","21.05.2022 19:33:56","21.05.2022 19:33:57"
"NCHER","61880_10","21.05.2022 19:34:57","21.05.2022 19:34:58"
"IGRI056","61880_2","24.05.2022 6:56:53","24.05.2022 6:56:55"
"ODZY001","61880_11_new","23.05.2022 16:59:14","23.05.2022 16:59:17"
"LGAD001","61880_2","27.05.2022 8:40:39","27.05.2022 8:40:41"
"IMOS002","61880_18","27.05.2022 15:03:07","27.05.2022 15:03:35"
"ASUSE","61880_2","30.05.2022 12:51:21","30.05.2022 12:51:22"
"NSYCH001","61880_8","26.05.2022 13:00:30","26.05.2022 13:00:32"
"NSYCH001","61880_19","26.05.2022 14:17:16","26.05.2022 14:17:18"
"LGAD001","61880_1","01.06.2022 9:40:45","01.06.2022 9:40:47"
"LGAD001","61880_2","01.06.2022 10:01:48","01.06.2022 10:01:49"
"OKOK006","462361","25.05.2022 11:48:03","25.05.2022 11:48:03"
"LGAD001","61880_19","26.05.2022 9:08:27","26.05.2022 9:08:28"
"VSHAP001","61880_10","26.05.2022 9:16:48","26.05.2022 9:16:49"
"LGAD001","61880_19","26.05.2022 9:53:55","26.05.2022 9:53:56"
"IGRI056","61880_2","23.05.2022 8:32:12","23.05.2022 8:32:13"
"IGRI056","61880_2","24.05.2022 8:55:17","24.05.2022 8:55:18"
"IGRI056","61880_2","24.05.2022 9:37:37","24.05.2022 9:37:39"
"ASUSE","61880-9-IÀ","24.05.2022 10:31:52","24.05.2022 10:31:57"
"ASUSE","61880-9-all","24.05.2022 10:33:18","24.05.2022 10:33:19"
"ASUSE","61880_2","30.05.2022 12:52:00","30.05.2022 12:52:01"
"ASUSE","61880_2","30.05.2022 13:00:19","30.05.2022 13:00:21"
"OKOK006","61880_14","30.05.2022 16:55:34","30.05.2022 16:55:48"
"ASUSE","61880_2","31.05.2022 11:20:46","31.05.2022 11:20:47"
"LGAD001","61880_2","01.06.2022 8:13:37","01.06.2022 8:13:39"
"LGAD001","61880_2","20.05.2022 19:05:33","20.05.2022 19:05:35"
"LGAD001","61880_10","20.05.2022 19:06:59","20.05.2022 19:07:00"
"LGAD001","61880-9-all","20.05.2022 19:34:25","20.05.2022 19:34:26"
"LGAD001","61759_1","20.05.2022 19:53:57","20.05.2022 19:53:57"
"LGAD001","61880-9-IÀ","20.05.2022 20:21:45","20.05.2022 20:21:46"
"LGAD001","61880-9-IÁ","20.05.2022 20:22:36","20.05.2022 20:22:37"
"LGAD001","61880-9-IÁ","20.05.2022 20:22:46","20.05.2022 20:22:47"
"LGAD001","61880-9-IÁ","20.05.2022 20:22:47","20.05.2022 20:22:48"
"LGAD001","61880-9-IIÀ","20.05.2022 20:23:15","20.05.2022 20:23:16"
"LGAD001","61880-9-IIÀ","20.05.2022 20:23:48","20.05.2022 20:23:50"
"LGAD001","61880-9-IIÁ","20.05.2022 20:24:21","20.05.2022 20:24:22"
"LGAD001","61880-9-III","20.05.2022 20:24:55","20.05.2022 20:24:55"
"LGAD001","61880-9-IÀ","20.05.2022 20:26:11","20.05.2022 20:26:12"
"LGAD001","61880-9-IÁ","20.05.2022 20:26:40","20.05.2022 20:26:41"
"LGAD001","61880-9-IIÀ","20.05.2022 20:27:12","20.05.2022 20:27:13"
"LGAD001","61880-9-IIÁ","20.05.2022 20:27:41","20.05.2022 20:27:42"
"LGAD001","61880-9-III","20.05.2022 20:28:08","20.05.2022 20:28:08"
"LGAD001","61880-9-III","20.05.2022 20:28:10","20.05.2022 20:28:11"
"LGAD001","61880-9-IÀ","20.05.2022 20:29:27","20.05.2022 20:29:29"
"LGAD001","61880-9-IÁ","20.05.2022 20:30:02","20.05.2022 20:30:03"
"LGAD001","61880-9-IIÀ","20.05.2022 20:30:30","20.05.2022 20:30:31"
"LGAD001","61880-9-IIÁ","20.05.2022 20:30:57","20.05.2022 20:30:58"
"LGAD001","61880-9-III","20.05.2022 20:31:29","20.05.2022 20:31:29"
"LGAD001","61880-9-IÀ","20.05.2022 20:33:12","20.05.2022 20:33:16"
"LGAD001","61880-9-IÁ","20.05.2022 20:33:44","20.05.2022 20:33:46"
"LGAD001","61880-9-IIÀ","20.05.2022 20:34:12","20.05.2022 20:34:14"
"LGAD001","61880-9-IIÁ","20.05.2022 20:34:43","20.05.2022 20:34:44"
"LGAD001","61880-9-III","20.05.2022 20:35:06","20.05.2022 20:35:06"
"LGAD001","61880-9-III","20.05.2022 20:35:23","20.05.2022 20:35:24"
"LGAD001","61880-9-IÀ","20.05.2022 20:37:22","20.05.2022 20:37:25"
"LGAD001","61880-9-IÁ","20.05.2022 20:37:52","20.05.2022 20:37:54"
"LGAD001","61880-9-IIÀ","20.05.2022 20:38:23","20.05.2022 20:38:24"
"LGAD001","61880-9-IIÁ","20.05.2022 20:38:53","20.05.2022 20:38:54"
"LGAD001","61880-9-III","20.05.2022 20:39:23","20.05.2022 20:39:23"
"NCHER","61880_1","21.05.2022 21:18:23","21.05.2022 21:18:25"
"NCHER","61880_1","21.05.2022 21:18:41","21.05.2022 21:18:43"
"NSYCH001","61880-9-IÀ","24.05.2022 10:49:28","24.05.2022 10:49:30"
"NSYCH001","61880-9-IÀ","24.05.2022 10:51:54","24.05.2022 10:51:56"
"NSYCH001","61880-9-IÁ","24.05.2022 10:52:45","24.05.2022 10:52:47"
"NSYCH001","61880-9-Â","24.05.2022 10:53:31","24.05.2022 10:53:31"
"NSYCH001","61880-9-Â","24.05.2022 10:53:35","24.05.2022 10:53:35"
"NSYCH001","61880-9-IIÀ","24.05.2022 10:54:33","24.05.2022 10:54:34"
"NSYCH001","61880-9-IIÁ","24.05.2022 10:56:08","24.05.2022 10:56:09"
"NSYCH001","61880-9-IÀ","24.05.2022 10:57:42","24.05.2022 10:57:43"
"NSYCH001","61880-9-IÁ","24.05.2022 10:58:27","24.05.2022 10:58:28"
"NSYCH001","61880-9-Â","24.05.2022 11:00:46","24.05.2022 11:00:46"
"NSYCH001","61880-9-IIÀ","24.05.2022 11:01:55","24.05.2022 11:01:57"
"NSYCH001","61880-9-IIÁ","24.05.2022 11:02:29","24.05.2022 11:02:30"
"NSYCH001","61880-9-IÀ","24.05.2022 11:03:39","24.05.2022 11:03:40"
"NSYCH001","61880-9-IÁ","24.05.2022 11:04:19","24.05.2022 11:04:20"
"NSYCH001","61880-9-Â","24.05.2022 11:04:57","24.05.2022 11:04:58"
"NSYCH001","61880-9-IIÀ","24.05.2022 11:05:36","24.05.2022 11:05:37"
"NSYCH001","61880-9-IIÁ","24.05.2022 11:06:21","24.05.2022 11:06:22"
"NSYCH001","61880-9-IÀ","24.05.2022 11:12:02","24.05.2022 11:12:03"
"NSYCH001","61880-9-IÁ","24.05.2022 11:12:42","24.05.2022 11:12:43"
"NSYCH001","61880-9-Â","24.05.2022 11:13:17","24.05.2022 11:13:17"
"NSYCH001","61880-9-IIÀ","24.05.2022 11:13:46","24.05.2022 11:13:47"
"NSYCH001","61880-9-IIÁ","24.05.2022 11:14:17","24.05.2022 11:14:18"
"NSYCH001","61880-9-IÀ","24.05.2022 11:15:48","24.05.2022 11:15:49"
"NSYCH001","61880-9-IÁ","24.05.2022 11:16:21","24.05.2022 11:16:22"
"NSYCH001","61880-9-Â","24.05.2022 11:17:00","24.05.2022 11:17:01"
"NSYCH001","61880-9-IIÀ","24.05.2022 11:17:31","24.05.2022 11:17:32"
"NSYCH001","61880-9-IIÁ","24.05.2022 11:18:04","24.05.2022 11:18:05"
"NSYCH001","61880-9-IÀ","24.05.2022 11:19:17","24.05.2022 11:19:19"
"NSYCH001","61880-9-IÁ","24.05.2022 11:20:03","24.05.2022 11:20:04"
"NSYCH001","61880-9-Â","24.05.2022 11:20:51","24.05.2022 11:20:52"
"NSYCH001","61880-9-IIÀ","24.05.2022 11:21:29","24.05.2022 11:21:30"
"NSYCH001","61880-9-IIÁ","24.05.2022 11:22:04","24.05.2022 11:22:05"
"NSYCH001","61880-9-IÀ","24.05.2022 11:23:18","24.05.2022 11:23:19"
"NSYCH001","61880-9-IÁ","24.05.2022 11:24:00","24.05.2022 11:24:01"
"NSYCH001","61880-9-Â","24.05.2022 11:24:31","24.05.2022 11:24:31"
"NSYCH001","61880-9-IIÀ","24.05.2022 11:25:02","24.05.2022 11:25:03"
"NSYCH001","61880-9-IIÁ","24.05.2022 11:25:40","24.05.2022 11:25:41"
"NSYCH001","61880-9-IÀ","24.05.2022 11:26:57","24.05.2022 11:26:58"
"NSYCH001","61880-9-IÁ","24.05.2022 11:27:32","24.05.2022 11:27:33"
"NSYCH001","61880-9-Â","24.05.2022 11:28:04","24.05.2022 11:28:04"
"NSYCH001","61880-9-Â","24.05.2022 11:28:06","24.05.2022 11:28:07"
"NSYCH001","61880-9-IIÀ","24.05.2022 11:28:36","24.05.2022 11:28:37"
"NSYCH001","61880-9-IIÁ","24.05.2022 11:29:12","24.05.2022 11:29:13"
"NSYCH001","61880-9-IÀ","24.05.2022 11:32:08","24.05.2022 11:32:10"
"NSYCH001","61880-9-IÁ","24.05.2022 11:32:47","24.05.2022 11:32:48"
"NSYCH001","61880-9-Â","24.05.2022 11:33:19","24.05.2022 11:33:19"
"NSYCH001","61880-9-IIÀ","24.05.2022 11:33:48","24.05.2022 11:33:50"
"NSYCH001","61880-9-IIÁ","24.05.2022 11:34:27","24.05.2022 11:34:28"
"NSYCH001","61880-9-all","24.05.2022 11:35:33","24.05.2022 11:35:33"
"NSYCH001","61880-9-IÀ","24.05.2022 11:39:26","24.05.2022 11:39:29"
"NSYCH001","61880-9-IÁ","24.05.2022 11:40:09","24.05.2022 11:40:10"
"NSYCH001","61880-9-Â","24.05.2022 11:40:53","24.05.2022 11:40:53"
"NSYCH001","61880-9-IIÀ","24.05.2022 11:41:25","24.05.2022 11:41:26"
"NSYCH001","61880-9-IIÁ","24.05.2022 11:42:02","24.05.2022 11:42:03"
"NSYCH001","61880-9-IÀ","24.05.2022 11:43:22","24.05.2022 11:43:24"
"NSYCH001","61880-9-IÀ","24.05.2022 11:44:32","24.05.2022 11:44:33"
"NSYCH001","61880-9-IÁ","24.05.2022 11:45:07","24.05.2022 11:45:08"
"NSYCH001","61880-9-Â","24.05.2022 11:45:57","24.05.2022 11:45:58"
"NSYCH001","61880-9-IIÀ","24.05.2022 11:46:28","24.05.2022 11:46:29"
"NSYCH001","61880-9-IIÁ","24.05.2022 11:46:58","24.05.2022 11:47:00"
"NSYCH001","63051","24.05.2022 12:15:59","24.05.2022 12:16:14"
"VSHAP001","61880_2","26.05.2022 9:59:21","26.05.2022 9:59:23"
"LGAD001","61880_1","26.05.2022 10:00:44","26.05.2022 10:00:46"
"NSYCH001","61880-9-IÁ","25.05.2022 12:46:58","25.05.2022 12:46:59"
"NSYCH001","61880-9-IÁ","25.05.2022 12:47:40","25.05.2022 12:47:42"
"NSYCH001","61880-9-IÁ","25.05.2022 12:47:53","25.05.2022 12:47:54"
"NSYCH001","61880-9-IÁ","25.05.2022 12:50:13","25.05.2022 12:50:14"
"NSYCH001","61880-9-IÁ","25.05.2022 12:52:09","25.05.2022 12:52:10"
"NSYCH001","61880-9-IÁ","25.05.2022 12:52:29","25.05.2022 12:52:31"
"NSYCH001","61880-9-IÀ","25.05.2022 12:53:08","25.05.2022 12:53:09"
"NSYCH001","61880-9-IÀ","25.05.2022 12:53:23","25.05.2022 12:53:28"
"NSYCH001","61880-9-IÀ","25.05.2022 12:53:54","25.05.2022 12:53:59"
"NSYCH001","61880-9-IÁ","25.05.2022 12:54:06","25.05.2022 12:54:07"
"NSYCH001","61880-9-III","25.05.2022 12:59:56","25.05.2022 12:59:56"
"NSYCH001","61880-9-III","25.05.2022 13:00:06","25.05.2022 13:00:06"
"NSYCH001","61880-9-III","25.05.2022 13:01:00","25.05.2022 13:01:00"
"NSYCH001","61880-9-IÁ","25.05.2022 13:01:54","25.05.2022 13:01:55"
"NSYCH001","61880-9-IÁ","25.05.2022 13:02:31","25.05.2022 13:02:33"
"NSYCH001","61880-9-IÁ","25.05.2022 13:03:09","25.05.2022 13:03:11"
"NSYCH001","61880-9-IÁ","25.05.2022 13:03:48","25.05.2022 13:03:49"
"NSYCH001","61880-9-IÁ","25.05.2022 13:04:21","25.05.2022 13:04:23"
"NSYCH001","61880-9-IÁ","25.05.2022 13:04:33","25.05.2022 13:04:34"
"NSYCH001","61880-9-IÁ","25.05.2022 13:05:04","25.05.2022 13:05:05"
"NSYCH001","61880-9-IÁ","25.05.2022 13:05:41","25.05.2022 13:05:42"
"NSYCH001","61880-9-IÁ","25.05.2022 13:06:17","25.05.2022 13:06:18"
"NSYCH001","61880-9-IÁ","25.05.2022 13:07:09","25.05.2022 13:07:10"
"NSYCH001","61880-9-IÁ","25.05.2022 13:07:39","25.05.2022 13:07:40"
"NSYCH001","61880-9-IÁ","25.05.2022 13:08:13","25.05.2022 13:08:14"
"NSYCH001","61880-9-IÁ","25.05.2022 13:08:38","25.05.2022 13:08:40"
"NSYCH001","61880_19","25.05.2022 13:16:02","25.05.2022 13:16:04"
"NSYCH001","61880_3","27.05.2022 12:37:53","27.05.2022 12:37:54"
"NSYCH001","61880_7","27.05.2022 12:40:03","27.05.2022 12:40:03"
"NYAK001","61880_14","27.05.2022 13:41:51","27.05.2022 13:41:53"
"NYAK001","61880_14","20.05.2022 17:33:15","20.05.2022 17:33:17"
"NYAK001","61880_10","20.05.2022 18:02:07","20.05.2022 18:02:07"
"NYAK001","61880_10","20.05.2022 18:27:31","20.05.2022 18:27:31"
"NYAK001","61880_10","20.05.2022 18:29:18","20.05.2022 18:29:18"
"NYAK001","61880_10","20.05.2022 18:38:07","20.05.2022 18:38:08"
"NYAK001","61880_10","20.05.2022 18:51:17","20.05.2022 18:51:18"
"NCHER","61880_17","22.05.2022 16:03:11","22.05.2022 16:03:12"
"NCHER","61880-9-IÀ","22.05.2022 17:13:52","22.05.2022 17:13:57"
"NCHER","61880-9-IÁ","22.05.2022 19:05:38","22.05.2022 19:05:39"
"NCHER","61880-9-Â","22.05.2022 19:05:45","22.05.2022 19:05:46"
"NCHER","61880-9-IIÀ","22.05.2022 19:05:53","22.05.2022 19:05:54"
"NCHER","61880-9-IIÀ","22.05.2022 19:06:01","22.05.2022 19:06:02"
"NCHER","61880-9-IIÀ","22.05.2022 19:06:11","22.05.2022 19:06:12"
"NCHER","61880-9-IIÀ","22.05.2022 19:06:18","22.05.2022 19:06:19"
"NCHER","61880-9-IIÁ","22.05.2022 19:06:25","22.05.2022 19:06:26"
"NCHER","61880-9-III","22.05.2022 19:06:32","22.05.2022 19:06:32"
"NCHER","61880-9-IÀ","22.05.2022 19:06:38","22.05.2022 19:06:42"
"NCHER","61880-9-IÁ","22.05.2022 19:06:46","22.05.2022 19:06:47"
"NCHER","61880-9-IÁ","22.05.2022 19:07:05","22.05.2022 19:07:06"
"NCHER","61880-9-IÁ","22.05.2022 19:07:22","22.05.2022 19:07:24"
"NCHER","61880-9-IÀ","22.05.2022 19:36:57","22.05.2022 19:37:02"
"NCHER","61880-9-IÀ","22.05.2022 19:47:38","22.05.2022 19:47:51"
"YUDOR001","61880_2","01.06.2022 16:46:45","01.06.2022 16:46:47"
"NSYCH001","61880_1","26.05.2022 8:25:19","26.05.2022 8:25:21"
"LGAD001","61880_2","27.05.2022 9:12:10","27.05.2022 9:12:11"
"LGAD001","61880_2","27.05.2022 11:09:15","27.05.2022 11:09:16"
"LGAD001","61880_2","27.05.2022 11:20:04","27.05.2022 11:20:04"
"LGAD001","61880-9-IÀ","27.05.2022 14:12:47","27.05.2022 14:12:50"
"LGAD001","61880_1","26.05.2022 10:11:43","26.05.2022 10:11:45"
"VSHAP001","61880_2","26.05.2022 10:25:28","26.05.2022 10:25:30"
"VSHAP001","61880_2","27.05.2022 14:30:37","27.05.2022 14:30:39"
"ASUSE","61880_2","27.05.2022 15:21:01","27.05.2022 15:21:02"
"YUDOR001","462359_rep_year","23.05.2022 20:06:13","23.05.2022 20:07:54"
"IGRI056","61880_2","26.05.2022 7:36:21","26.05.2022 7:36:23"
"NYAK001","61880_14","27.05.2022 13:45:59","27.05.2022 13:46:01"
"NYAK001","61880_14","27.05.2022 13:47:47","27.05.2022 13:47:49"
"NSYCH001","61880_2","20.05.2022 17:52:08","20.05.2022 17:52:09"
"NSYCH001","61880_2","20.05.2022 18:08:25","20.05.2022 18:08:26"
"NSYCH001","61880_2","20.05.2022 18:43:39","20.05.2022 18:43:40"
"NSYCH001","61880_2","20.05.2022 19:00:45","20.05.2022 19:00:46"
"VSHAP001","61880_10","23.05.2022 7:14:17","23.05.2022 7:14:18"
"VSHAP001","61880_2","23.05.2022 8:02:30","23.05.2022 8:02:31"
"VSHAP001","61880_8","23.05.2022 9:14:41","23.05.2022 9:14:43"
"VSHAP001","61880_14","23.05.2022 9:49:02","23.05.2022 9:49:04"
"VSHAP001","61880_2","23.05.2022 11:03:43","23.05.2022 11:03:44"
"ASUSE","61880_8","02.06.2022 14:52:42","02.06.2022 14:52:43"
"ASUSE","61880_8","02.06.2022 14:59:26","02.06.2022 14:59:27"
"ASUSE","61880_8","02.06.2022 14:59:33","02.06.2022 14:59:34"
"ASUSE","61880_8","02.06.2022 14:59:40","02.06.2022 14:59:41"
"VSHAP001","61880_2","08.06.2022 8:54:07","08.06.2022 8:54:08"
"VSHAP001","61880_2","08.06.2022 14:41:38","08.06.2022 14:41:40"
"NYAK001","61880_18","09.06.2022 15:08:17","09.06.2022 15:08:44"
"NYAK001","61880_18","09.06.2022 15:09:50","09.06.2022 15:10:18"
"NCHER","462359_rep","14.06.2022 7:14:58","14.06.2022 7:16:53"
"VSHAP001","462359_rep_year","14.06.2022 16:34:32","14.06.2022 16:36:28"
"LGAD001","61880_2","09.06.2022 7:09:14","09.06.2022 7:09:16"
"LGAD001","61880_2","09.06.2022 7:40:30","09.06.2022 7:40:32"
"LGAD001","61880_2","09.06.2022 7:44:39","09.06.2022 7:44:40"
"LGAD001","61880_2","09.06.2022 7:53:15","09.06.2022 7:53:16"
"ASUSE","61880_8","03.06.2022 17:40:20","03.06.2022 17:40:22"
"VSHAP001","61880_2","07.06.2022 6:57:35","07.06.2022 6:57:37"
"VSHAP001","61880_2","07.06.2022 8:10:03","07.06.2022 8:10:05"
"VSHAP001","61880_2","07.06.2022 9:02:43","07.06.2022 9:02:45"
"VSHAP001","61880-9-all","07.06.2022 9:58:06","07.06.2022 9:58:07"
"VSHAP001","61880-9-all","07.06.2022 10:02:01","07.06.2022 10:02:02"
"VSHAP001","61880-9-IÀ","07.06.2022 10:02:52","07.06.2022 10:02:53"
"VSHAP001","61880-9-IÀ","07.06.2022 10:02:58","07.06.2022 10:03:00"
"VSHAP001","61880-9-IÀ","07.06.2022 10:03:20","07.06.2022 10:03:42"
"VSHAP001","61880-9-III","07.06.2022 10:14:29","07.06.2022 10:14:29"
"VSHAP001","61880-9-III","07.06.2022 10:14:35","07.06.2022 10:14:36"
"VSHAP001","61880-9-III","07.06.2022 10:14:39","07.06.2022 10:14:39"
"VSHAP001","61880-9-III","07.06.2022 10:14:43","07.06.2022 10:14:43"
"ASUSE","61880_8","02.06.2022 14:59:46","02.06.2022 14:59:47"
"ASUSE","61880_8","02.06.2022 15:13:55","02.06.2022 15:13:56"
"ASUSE","61880_8","02.06.2022 15:19:44","02.06.2022 15:19:45"
"NSYCH001","61880_11_new","03.06.2022 11:53:27","03.06.2022 11:53:30"
"LGAD001","61880_2","06.06.2022 8:35:47","06.06.2022 8:35:48"
"LGAD001","61880_2","06.06.2022 10:58:57","06.06.2022 10:58:59"
"NCHER","61880_1","07.06.2022 18:48:39","07.06.2022 18:48:42"
"NCHER","61880_1","07.06.2022 18:49:52","07.06.2022 18:49:54"
"LGAD001","61880_2","09.06.2022 7:58:31","09.06.2022 7:58:32"
"LGAD001","61880_19","09.06.2022 10:40:38","09.06.2022 10:40:40"
"LGAD001","61880_1","09.06.2022 10:42:06","09.06.2022 10:42:09"
"NCHER","61880-9-IÀ","11.06.2022 9:34:52","11.06.2022 9:35:13"
"NCHER","61880-9-IÁ","11.06.2022 9:36:24","11.06.2022 9:36:25"
"NCHER","61880_1","16.06.2022 7:03:53","16.06.2022 7:03:56"
"IMOS002","61759_1","02.06.2022 16:50:00","02.06.2022 16:50:01"
"VSHAP001","61880-9-III","07.06.2022 10:14:46","07.06.2022 10:14:47"
"VSHAP001","61880_2","07.06.2022 12:41:43","07.06.2022 12:41:45"
"ASUSE","61880_2","09.06.2022 11:30:41","09.06.2022 11:30:43"
"ASUSE","61759_1","09.06.2022 11:31:14","09.06.2022 11:31:14"
"ASUSE","61880_2","09.06.2022 11:35:22","09.06.2022 11:35:24"
"ASUSE","61880_8","02.06.2022 14:14:07","02.06.2022 14:14:08"
"ASUSE","61880_8","02.06.2022 14:14:13","02.06.2022 14:14:14"
"ASUSE","61880_8","02.06.2022 14:14:20","02.06.2022 14:14:21"
"IMOS002","61880_2","08.06.2022 13:32:56","08.06.2022 13:32:59"
"NCHER","61880_1","07.06.2022 18:50:10","07.06.2022 18:50:12"
"NCHER","61880_1","07.06.2022 19:08:37","07.06.2022 19:08:39"
"ASUSE","61880_8","10.06.2022 14:17:19","10.06.2022 14:17:21"
"ASUSE","61880_8","10.06.2022 14:24:42","10.06.2022 14:24:43"
"YUDOR001","61880_18","10.06.2022 15:03:00","10.06.2022 15:03:52"
"YUDOR001","61880_18","10.06.2022 15:12:03","10.06.2022 15:12:27"
"LGAD001","61880_8","21.06.2022 7:05:30","21.06.2022 7:05:32"
"VSHAP001","61880_2","21.06.2022 7:56:32","21.06.2022 7:56:35"
"ASUSE","61880_2","09.06.2022 11:48:25","09.06.2022 11:48:27"
"ASUSE","61880_2","09.06.2022 11:53:45","09.06.2022 11:53:47"
"ASUSE","61880_2","09.06.2022 11:54:10","09.06.2022 11:54:12"
"ASUSE","61759_1","09.06.2022 12:21:20","09.06.2022 12:21:21"
"VSHAP001","61880_2","06.06.2022 8:13:34","06.06.2022 8:13:36"
"VSHAP001","61880_2","06.06.2022 8:51:02","06.06.2022 8:51:03"
"VSHAP001","61880_2","06.06.2022 9:09:02","06.06.2022 9:09:03"
"VSHAP001","61880_2","06.06.2022 9:39:58","06.06.2022 9:40:00"
"ASUSE","61880_2","14.06.2022 12:00:48","14.06.2022 12:00:50"
"VSHAP001","61880_2","14.06.2022 17:00:39","14.06.2022 17:00:40"
"LGAD001","61880_2","15.06.2022 8:05:44","15.06.2022 8:05:46"
"LGAD001","61880_2","15.06.2022 14:07:02","15.06.2022 14:07:04"
"LGAD001","61880_10","15.06.2022 14:15:28","15.06.2022 14:15:29"
"LGAD001","61880_10","20.06.2022 6:14:20","20.06.2022 6:14:21"
"LGAD001","61880_2","20.06.2022 8:13:01","20.06.2022 8:13:02"
"LGAD001","61880_2","20.06.2022 8:52:42","20.06.2022 8:52:43"
"LGAD001","61880_2","20.06.2022 9:08:12","20.06.2022 9:08:14"
"LGAD001","61880_10","20.06.2022 9:10:32","20.06.2022 9:10:32"
"LGAD001","61759_1","20.06.2022 9:30:12","20.06.2022 9:30:13"
"LGAD001","61880_2","07.06.2022 11:16:10","07.06.2022 11:16:11"
"LGAD001","61880-9-III","07.06.2022 11:35:27","07.06.2022 11:35:27"
"LGAD001","61880-9-IÀ","07.06.2022 11:37:37","07.06.2022 11:37:41"
"LGAD001","61880-9-III","07.06.2022 11:40:11","07.06.2022 11:40:11"
"LGAD001","61880-9-III","07.06.2022 11:40:16","07.06.2022 11:40:16"
"ASUSE","61880_2","09.06.2022 22:29:26","09.06.2022 22:29:27"
"ASUSE","61759_1","09.06.2022 22:29:38","09.06.2022 22:29:38"
"VSHAP001","61880_2","14.06.2022 9:45:32","14.06.2022 9:45:34"
"VSHAP001","61880_19","08.06.2022 19:27:05","08.06.2022 19:27:08"
"VSHAP001","61880_8","08.06.2022 19:29:12","08.06.2022 19:29:13"
"VSHAP001","61880_2","09.06.2022 6:25:24","09.06.2022 6:25:27"
"VSHAP001","61880_2","09.06.2022 6:29:07","09.06.2022 6:29:08"
"VSHAP001","61880_2","03.06.2022 11:47:30","03.06.2022 11:47:32"
"VSHAP001","61880_2","03.06.2022 17:23:12","03.06.2022 17:23:13"
"ASUSE","61759_1","09.06.2022 12:22:53","09.06.2022 12:22:53"
"ASUSE","61759_1","09.06.2022 12:23:13","09.06.2022 12:23:13"
"ASUSE","61880_2","09.06.2022 17:41:19","09.06.2022 17:41:21"
"ASUSE","61880_2","09.06.2022 17:43:23","09.06.2022 17:43:24"
"ASUSE","61880_2","09.06.2022 17:44:02","09.06.2022 17:44:04"
"LGAD001","61880_8","20.06.2022 9:39:20","20.06.2022 9:39:22"
"LGAD001","61880-9-all","20.06.2022 9:54:09","20.06.2022 9:54:11"
"LGAD001","61880-9-IÀ","20.06.2022 9:58:03","20.06.2022 9:58:09"
"LGAD001","61880-9-IÁ","20.06.2022 9:58:42","20.06.2022 9:58:43"
"LGAD001","61880-9-IIÀ","20.06.2022 9:59:13","20.06.2022 9:59:14"
"LGAD001","61880-9-IIÀ","20.06.2022 9:59:18","20.06.2022 9:59:19"
"LGAD001","61880-9-IIÁ","20.06.2022 10:00:24","20.06.2022 10:00:25"
"LGAD001","61880-9-III","20.06.2022 10:00:52","20.06.2022 10:00:52"
"LGAD001","61880_17","20.06.2022 10:01:26","20.06.2022 10:01:30"
"VSHAP001","61880_2","14.06.2022 10:09:12","14.06.2022 10:09:14"
"YUDOR001","61880_2","15.06.2022 11:15:29","15.06.2022 11:15:31"
"YUDOR001","61880_2","15.06.2022 11:17:39","15.06.2022 11:17:41"
"ASUSE","61880_19","20.06.2022 19:41:55","20.06.2022 19:41:56"
"VSHAP001","61880_2","09.06.2022 7:04:20","09.06.2022 7:04:21"
"VSHAP001","61880_2","09.06.2022 8:47:45","09.06.2022 8:47:47"
"VSHAP001","61880_2","09.06.2022 8:56:41","09.06.2022 8:56:42"
"NCHER","61880_1","10.06.2022 6:45:03","10.06.2022 6:45:06"
"ASUSE","61880_2","09.06.2022 12:46:42","09.06.2022 12:46:44"
"NSYS002","61880_8","17.06.2022 10:30:12","17.06.2022 10:30:14"
"NCHER","462359_rep","17.06.2022 19:32:01","17.06.2022 19:33:55"
"ASUSE","61880-9-all","20.06.2022 18:57:30","20.06.2022 18:57:31"
"ASUSE","61880-9-all","20.06.2022 18:58:18","20.06.2022 18:58:19"
"ASUSE","61880-9-all","20.06.2022 18:59:12","20.06.2022 18:59:14"
"ASUSE","61880-9-all","20.06.2022 19:00:31","20.06.2022 19:00:33"
"LGAD001","61880_10","20.06.2022 21:31:36","20.06.2022 21:31:37"
"IMOS002","61880_2","06.06.2022 14:39:47","06.06.2022 14:39:49"
"IMOS002","61880_2","06.06.2022 14:57:21","06.06.2022 14:57:23"
"IMOS002","61880_2","06.06.2022 14:58:00","06.06.2022 14:58:01"
"IMOS002","61880_2","06.06.2022 14:58:48","06.06.2022 14:58:50"
"IMOS002","61880_2","06.06.2022 14:59:40","06.06.2022 14:59:42"
"ASUSE","61880_19","20.06.2022 19:42:08","20.06.2022 19:42:09"
"ASUSE","61880_19","20.06.2022 19:42:19","20.06.2022 19:42:20"
"ASUSE","61880_8","20.06.2022 19:48:20","20.06.2022 19:48:22"
"ASUSE","61880_19","20.06.2022 19:49:01","20.06.2022 19:49:02"
"NCHER","61880_7","15.06.2022 6:18:49","15.06.2022 6:18:50"
"NCHER","61880_2","15.06.2022 6:33:08","15.06.2022 6:33:10"
"LGAD001","61880_2","17.06.2022 11:48:19","17.06.2022 11:48:21"
"LGAD001","61880_1","17.06.2022 12:08:44","17.06.2022 12:08:47"
"ASUSE","61880_2","16.06.2022 17:32:46","16.06.2022 17:32:48"
"ASUSE","61880_2","16.06.2022 17:36:26","16.06.2022 17:36:27"
"ASUSE","61880_2","16.06.2022 17:36:55","16.06.2022 17:36:56"
"IMOS002","61880_2","06.06.2022 15:46:54","06.06.2022 15:46:56"
"NCHER","61880_1","09.06.2022 12:50:07","09.06.2022 12:50:10"
"NCHER","61880_1","09.06.2022 13:06:13","09.06.2022 13:06:16"
"LGAD001","61880_2","14.06.2022 9:13:23","14.06.2022 9:13:25"
"VSHAP001","61880_2","20.06.2022 7:33:21","20.06.2022 7:33:23"
"VSHAP001","61880_2","20.06.2022 8:31:03","20.06.2022 8:31:05"
"ASUSE","61880_19","20.06.2022 19:49:18","20.06.2022 19:49:19"
"ASUSE","61880_8","20.06.2022 19:49:37","20.06.2022 19:49:38"
"ASUSE","61759_1","07.06.2022 13:43:52","07.06.2022 13:43:53"
"ASUSE","61759_1","07.06.2022 13:44:07","07.06.2022 13:44:07"
"ASUSE","61880_2","07.06.2022 13:45:18","07.06.2022 13:45:19"
"ASUSE","61880_17","07.06.2022 13:47:42","07.06.2022 13:47:45"
"ASUSE","61880_18","07.06.2022 13:50:19","07.06.2022 13:50:50"
"VSHAP001","61880_2","15.06.2022 9:18:48","15.06.2022 9:18:50"
"VSHAP001","61880_2","15.06.2022 9:31:21","15.06.2022 9:31:22"
"VSHAP001","61880_2","15.06.2022 10:55:53","15.06.2022 10:55:55"
"ASUSE","61759_1","16.06.2022 17:52:29","16.06.2022 17:52:30"
"LGAD001","61880_2","14.06.2022 9:20:14","14.06.2022 9:20:17"
"LGAD001","61880_2","14.06.2022 10:29:36","14.06.2022 10:29:38"
"NCHER","61880_1","16.06.2022 11:58:01","16.06.2022 11:58:04"
"LGAD001","61880_2","20.06.2022 12:47:46","20.06.2022 12:47:48"
"ASUSE","61880_19","20.06.2022 19:54:51","20.06.2022 19:54:52"
"ASUSE","61880_19","20.06.2022 19:55:03","20.06.2022 19:55:04"
"ASUSE","61880_10","20.06.2022 20:29:31","20.06.2022 20:29:33"
"VSHAP001","61880_2","21.06.2022 8:43:20","21.06.2022 8:43:22"
"VSHAP001","61880_2","21.06.2022 8:48:20","21.06.2022 8:48:22"
"ASUSE","61880_19","07.06.2022 13:58:43","07.06.2022 13:58:44"
"ASUSE","61880_20","07.06.2022 13:59:41","07.06.2022 13:59:42"
"ASUSE","61880_12","07.06.2022 14:07:32","07.06.2022 14:07:38"
"ASUSE","61880_12","07.06.2022 14:08:03","07.06.2022 14:08:09"
"ASUSE","61880_11_new","07.06.2022 14:13:09","07.06.2022 14:13:12"
"LGAD001","61880_1","10.06.2022 7:20:51","10.06.2022 7:20:54"
"LGAD001","61880_2","10.06.2022 8:07:59","10.06.2022 8:08:01"
"LGAD001","61880_2","10.06.2022 8:48:49","10.06.2022 8:48:51"
"LGAD001","61880_12","10.06.2022 9:39:24","10.06.2022 9:39:33"
"LGAD001","61880_2","21.06.2022 8:20:02","21.06.2022 8:20:04"
"VSHAP001","61880_2","21.06.2022 9:38:00","21.06.2022 9:38:01"
"VSHAP001","61759_1","21.06.2022 9:59:54","21.06.2022 9:59:54"
"VSHAP001","61880_2","21.06.2022 12:44:47","21.06.2022 12:44:49"
"YUDOR001","61880_18","09.06.2022 14:05:43","09.06.2022 14:06:43"
"VSHAP001","61880_2","21.06.2022 9:34:24","21.06.2022 9:34:26"
"ASUSE","61880_8","21.06.2022 12:23:38","21.06.2022 12:23:40"
"ASUSE","61880_2","21.06.2022 13:48:53","21.06.2022 13:48:54"
"ASUSE","61880_19","06.06.2022 16:07:39","06.06.2022 16:07:43"
"ASUSE","61880_19","06.06.2022 16:36:02","06.06.2022 16:36:07"
"LGAD001","61880_2","10.06.2022 9:53:47","10.06.2022 9:53:49"
"ASUSE","61759_1","16.06.2022 18:02:26","16.06.2022 18:02:27"
"VSHAP001","61880_2","17.06.2022 6:57:40","17.06.2022 6:57:42"
"LGAD001","61880_2","17.06.2022 8:01:42","17.06.2022 8:01:44"
"ASUSE","61880_2","09.06.2022 21:33:43","09.06.2022 21:33:45"
"ASUSE","61759_1","09.06.2022 21:34:02","09.06.2022 21:34:03"
"ASUSE","61880-9-IÀ","09.06.2022 21:36:25","09.06.2022 21:37:03"
"ASUSE","61880-9-IÁ","09.06.2022 21:37:33","09.06.2022 21:37:35"
"ASUSE","61880-9-Â","09.06.2022 21:37:59","09.06.2022 21:38:00"
"ASUSE","61880-9-Â","09.06.2022 21:38:07","09.06.2022 21:38:07"
"ASUSE","61880-9-Â","09.06.2022 21:38:10","09.06.2022 21:38:11"
"ASUSE","61880-9-Â","09.06.2022 21:38:17","09.06.2022 21:38:18"
"ASUSE","61880-9-Â","09.06.2022 21:38:23","09.06.2022 21:38:24"
"ASUSE","61880-9-Â","09.06.2022 21:38:29","09.06.2022 21:38:29"
"ASUSE","61880-9-IIÀ","09.06.2022 21:38:47","09.06.2022 21:38:48"
"ASUSE","61880-9-IIÀ","09.06.2022 21:38:52","09.06.2022 21:38:54"
"ASUSE","61880-9-IIÀ","09.06.2022 21:39:00","09.06.2022 21:39:02"
"ASUSE","61880-9-IIÁ","09.06.2022 21:39:09","09.06.2022 21:39:11"
"ASUSE","61880-9-III","09.06.2022 21:39:18","09.06.2022 21:39:19"
"LGAD001","61880_2","21.06.2022 13:48:17","21.06.2022 13:48:19"
"NCHER","61880_1","17.06.2022 5:31:16","17.06.2022 5:31:19"
"NCHER","61880_1","17.06.2022 6:22:20","17.06.2022 6:22:23"
"NCHER","61880_2","17.06.2022 10:34:48","17.06.2022 10:34:49"
"NCHER","61880_2","17.06.2022 14:03:38","17.06.2022 14:03:40"
"ASUSE","61880_1","06.06.2022 16:39:18","06.06.2022 16:39:20"
"ASUSE","61880_8","07.06.2022 14:44:34","07.06.2022 14:44:35"
"ASUSE","462359_rep_year","15.06.2022 9:48:12","15.06.2022 9:50:27"
"ASUSE","462359_rep","15.06.2022 9:58:11","15.06.2022 10:00:41"
"ASUSE","462359_rep","15.06.2022 10:01:07","15.06.2022 10:03:30"
"ASUSE","63051","15.06.2022 10:08:14","15.06.2022 10:10:24"
"ASUSE","462359_rep","15.06.2022 11:06:21","15.06.2022 11:08:42"
"ASUSE","63051","15.06.2022 11:12:08","15.06.2022 11:13:24"
"ASUSE","462359_rep","15.06.2022 12:23:45","15.06.2022 12:26:00"
"ASUSE","63051","15.06.2022 12:28:22","15.06.2022 12:30:26"
"ASUSE","462359_rep","15.06.2022 20:03:58","15.06.2022 20:06:13"
"ASUSE","462359_rep","15.06.2022 20:08:42","15.06.2022 20:10:54"
"ASUSE","462359_rep_year","15.06.2022 20:19:50","15.06.2022 20:22:12"
"ASUSE","462359_rep_year","15.06.2022 20:27:32","15.06.2022 20:29:57"
"LGAD001","61880_7","17.06.2022 12:20:17","17.06.2022 12:20:17"
"LGAD001","61880_20","17.06.2022 12:26:27","17.06.2022 12:26:27"
"LGAD001","61880_12","17.06.2022 12:28:13","17.06.2022 12:28:21"
"LGAD001","61880_2","16.06.2022 9:04:39","16.06.2022 9:04:41"
"LGAD001","61880_2","16.06.2022 9:28:47","16.06.2022 9:28:49"
"LGAD001","61880_10","16.06.2022 9:37:49","16.06.2022 9:37:50"
"LGAD001","61880_2","16.06.2022 11:24:15","16.06.2022 11:24:17"
"LGAD001","61880-9-all","16.06.2022 12:43:49","16.06.2022 12:43:51"
"LGAD001","61880_17","16.06.2022 12:46:28","16.06.2022 12:46:32"
"LGAD001","61880-9-IÀ","16.06.2022 12:54:13","16.06.2022 12:54:15"
"LGAD001","61880-9-IÁ","16.06.2022 12:55:18","16.06.2022 12:55:19"
"LGAD001","61880-9-Â","16.06.2022 12:55:52","16.06.2022 12:55:53"
"LGAD001","61880-9-Â","16.06.2022 12:55:57","16.06.2022 12:55:57"
"LGAD001","61880-9-IIÀ","16.06.2022 12:56:31","16.06.2022 12:56:32"
"LGAD001","61880-9-IIÀ","16.06.2022 12:56:35","16.06.2022 12:56:36"
"LGAD001","61880-9-IIÁ","16.06.2022 12:57:16","16.06.2022 12:57:17"
"LGAD001","61880-9-III","16.06.2022 12:57:50","16.06.2022 12:57:50"
"LGAD001","61880-9-IÀ","16.06.2022 12:59:50","16.06.2022 12:59:52"
"LGAD001","61880-9-IÁ","16.06.2022 13:00:24","16.06.2022 13:00:25"
"LGAD001","61880-9-Â","16.06.2022 13:00:54","16.06.2022 13:00:54"
"LGAD001","61880-9-Â","16.06.2022 13:00:56","16.06.2022 13:00:56"
"LGAD001","61880-9-IIÀ","16.06.2022 13:01:24","16.06.2022 13:01:25"
"LGAD001","61880-9-IIÁ","16.06.2022 13:01:58","16.06.2022 13:01:59"
"LGAD001","61880-9-III","16.06.2022 13:02:26","16.06.2022 13:02:26"
"LGAD001","61880_17","16.06.2022 13:04:12","16.06.2022 13:04:15"
"LGAD001","61880_17","16.06.2022 13:04:39","16.06.2022 13:04:42"
"NSYS002","61880_8","15.06.2022 11:02:21","15.06.2022 11:02:23"
"ASUSE","61880_2","21.06.2022 13:49:44","21.06.2022 13:49:45"
"ASUSE","61880_2","21.06.2022 13:50:23","21.06.2022 13:50:25"
"ASUSE","61759_1","21.06.2022 13:51:41","21.06.2022 13:51:41"
"ASUSE","61880_8","02.06.2022 14:41:09","02.06.2022 14:41:10"
"ASUSE","61880_8","02.06.2022 14:41:44","02.06.2022 14:41:45"
"ASUSE","61880_8","02.06.2022 14:42:28","02.06.2022 14:42:29"
"ASUSE","61880_8","02.06.2022 14:42:35","02.06.2022 14:42:36"
"ASUSE","61880_8","02.06.2022 14:42:44","02.06.2022 14:42:45"
"LGAD001","61880_11_new","17.06.2022 12:30:23","17.06.2022 12:30:26"
"LGAD001","61880_13","17.06.2022 12:33:10","17.06.2022 12:33:12"
"LGAD001","61880_15","17.06.2022 12:36:42","17.06.2022 12:36:42"
"LGAD001","61880_18","17.06.2022 12:38:28","17.06.2022 12:39:23"
"LGAD001","61759_1","17.06.2022 8:09:57","17.06.2022 8:09:58"
"LGAD001","61880_10","17.06.2022 8:19:18","17.06.2022 8:19:19"
"VSHAP001","61880_2","17.06.2022 9:29:19","17.06.2022 9:29:21"
"VSHAP001","61880_2","17.06.2022 10:12:46","17.06.2022 10:12:48"
"LGAD001","61880_2","20.06.2022 15:36:15","20.06.2022 15:36:18"
"IGRI056","61880_2","06.06.2022 13:12:45","06.06.2022 13:12:47"
"ASUSE","61880_1","21.06.2022 13:55:19","21.06.2022 13:55:22"
"ASUSE","61880_10","21.06.2022 13:56:48","21.06.2022 13:56:49"
"ASUSE","61880_19","21.06.2022 13:58:35","21.06.2022 13:58:37"
"VSHAP001","61880_2","21.06.2022 14:20:12","21.06.2022 14:20:13"
"ASUSE","61880_8","02.06.2022 14:42:54","02.06.2022 14:42:55"
"ASUSE","61880_8","02.06.2022 14:43:07","02.06.2022 14:43:08"
"ASUSE","61880_8","02.06.2022 14:43:17","02.06.2022 14:43:18"
"ASUSE","61880_8","02.06.2022 14:49:50","02.06.2022 14:49:51"
"NYAK001","61880_18","03.06.2022 9:17:04","03.06.2022 9:17:29"
"NYAK001","61880_18","03.06.2022 9:22:08","03.06.2022 9:22:31"
"LGAD001","61880_1","17.06.2022 12:49:09","17.06.2022 12:49:12"
"NCHER","61880_2","17.06.2022 14:04:56","17.06.2022 14:04:58"
"ASUSE","61880-9-all","20.06.2022 19:05:16","20.06.2022 19:05:17"
"NYAK001","61880_14","09.06.2022 9:21:25","09.06.2022 9:21:26"
"ASUSE","61880_2","09.06.2022 18:32:56","09.06.2022 18:32:57"
"VSHAP001","61880_2","20.06.2022 16:12:37","20.06.2022 18:14:26"
"LGAD001","61880_8","20.06.2022 21:33:37","20.06.2022 21:33:38"
"YUDOR001","61880_18","03.06.2022 8:54:50","03.06.2022 8:55:15"
"VSHAP001","61880_2","10.06.2022 9:06:29","10.06.2022 9:06:32"
"VSHAP001","61880_2","10.06.2022 9:18:06","10.06.2022 9:18:08"
"VSHAP001","61759_1","10.06.2022 9:31:55","10.06.2022 9:31:56"
"ASUSE","61880_8","02.06.2022 14:50:08","02.06.2022 14:50:10"
"ASUSE","61880_8","02.06.2022 14:50:46","02.06.2022 14:50:47"
"ASUSE","61880_8","02.06.2022 14:51:04","02.06.2022 14:51:05"
"ASUSE","61880_8","02.06.2022 14:51:15","02.06.2022 14:51:16"
"ILES001","61880_14","03.06.2022 7:21:42","03.06.2022 7:21:42"
"ILES001","63051","03.06.2022 7:22:47","03.06.2022 7:22:48"
"ILES001","63051","03.06.2022 7:22:59","03.06.2022 7:26:32"
"ILES001","63051","03.06.2022 7:26:56","03.06.2022 7:30:33"
"ILES001","61880_7","03.06.2022 7:33:59","03.06.2022 7:34:00"
"ILES001","462353","03.06.2022 7:34:31","03.06.2022 7:34:32"
"ILES001","462353","03.06.2022 7:34:42","03.06.2022 7:34:46"
"ILES001","462359_rep","03.06.2022 7:35:44","03.06.2022 7:37:38"
"ILES001","61880_14","03.06.2022 7:56:05","03.06.2022 7:56:42"
"ASUSE","63051","03.06.2022 8:49:38","03.06.2022 8:50:02"
"ASUSE","63051","03.06.2022 8:53:11","03.06.2022 8:53:11"
"ASUSE","63051","03.06.2022 8:53:23","03.06.2022 8:53:46"
"ASUSE","63051","03.06.2022 8:55:58","03.06.2022 8:55:58"
"ASUSE","63051","03.06.2022 8:56:05","03.06.2022 8:56:28"
"ASUSE","63051","03.06.2022 9:01:48","03.06.2022 9:01:48"
"ASUSE","63051","03.06.2022 9:01:56","03.06.2022 9:02:19"
"ASUSE","63051","03.06.2022 9:03:49","03.06.2022 9:04:30"
"ASUSE","63051","03.06.2022 9:05:44","03.06.2022 9:05:44"
"ASUSE","63051","03.06.2022 9:05:59","03.06.2022 9:06:40"
"ASUSE","63051","03.06.2022 9:12:31","03.06.2022 9:12:32"
"ASUSE","63051","03.06.2022 9:12:46","03.06.2022 9:13:28"
"ASUSE","63051","03.06.2022 9:16:57","03.06.2022 9:16:57"
"ASUSE","63051","03.06.2022 9:17:10","03.06.2022 9:17:51"
"ASUSE","63051","03.06.2022 9:19:04","03.06.2022 9:19:04"
"ASUSE","63051","03.06.2022 9:19:10","03.06.2022 9:19:50"
"ASUSE","63051","03.06.2022 9:24:43","03.06.2022 9:28:04"
"ASUSE","63051","03.06.2022 10:03:11","03.06.2022 10:03:32"
"ASUSE","63051","03.06.2022 10:09:28","03.06.2022 10:13:02"
"ASUSE","63051","03.06.2022 10:13:43","03.06.2022 10:14:53"
"ASUSE","63051","03.06.2022 10:26:07","03.06.2022 10:26:12"
"ASUSE","63051","03.06.2022 10:30:26","03.06.2022 10:30:49"
"ASUSE","63051","03.06.2022 10:33:09","03.06.2022 10:34:28"
"ASUSE","63051","03.06.2022 10:37:52","03.06.2022 10:38:36"
"VSHAP001","61880_2","16.06.2022 13:07:22","16.06.2022 13:07:23"
"VSHAP001","61880_2","17.06.2022 14:05:46","17.06.2022 14:05:48"
"VSHAP001","61759_1","10.06.2022 9:35:18","10.06.2022 9:35:19"
"NCHER","61880_1","15.06.2022 13:05:25","15.06.2022 13:05:28"
"ASUSE","61880_19","20.06.2022 19:41:02","20.06.2022 19:41:04"
"ASUSE","61880_19","20.06.2022 19:41:39","20.06.2022 19:41:40"
"ASUSE","61880_8","02.06.2022 14:51:23","02.06.2022 14:51:24"
"ASUSE","61880_8","02.06.2022 14:51:31","02.06.2022 14:51:33"
"ASUSE","61880_8","02.06.2022 14:51:43","02.06.2022 14:51:44"
"ASUSE","61880_8","02.06.2022 14:51:50","02.06.2022 14:51:51"
"ASUSE","61880_2","03.06.2022 14:03:36","03.06.2022 14:03:38"
"ASUSE","61880_2","03.06.2022 14:08:33","03.06.2022 14:08:34"
"ASUSE","61880_2","03.06.2022 14:25:19","03.06.2022 14:25:20"
"ASUSE","61880_2","03.06.2022 14:28:47","03.06.2022 14:28:48"
"VSHAP001","61880_2","16.06.2022 10:19:22","16.06.2022 10:19:24"
"VSHAP001","61880_2","20.06.2022 9:28:01","20.06.2022 9:28:02"
"VSHAP001","61880_2","20.06.2022 10:49:25","20.06.2022 10:49:27"
"VSHAP001","61880_2","20.06.2022 10:55:06","20.06.2022 10:55:08"
"ASUSE","61880_19","03.06.2022 16:45:06","03.06.2022 16:45:07"
"ASUSE","61880_19","03.06.2022 16:45:13","03.06.2022 16:45:14"
"ASUSE","61880_8","02.06.2022 14:52:06","02.06.2022 14:52:07"
"ASUSE","61880_8","02.06.2022 14:52:14","02.06.2022 14:52:15"
"ASUSE","61880_8","02.06.2022 14:52:22","02.06.2022 14:52:24"
"ASUSE","61880_8","02.06.2022 14:52:34","02.06.2022 14:52:35"
"VSHAP001","61880_2","08.06.2022 7:57:22","08.06.2022 7:57:23"
"VSHAP001","61880_2","08.06.2022 8:38:06","08.06.2022 8:38:08"
"VSHAP001","61880_2","02.06.2022 15:32:19","02.06.2022 15:32:21"
"LGAD001","61880_2","03.06.2022 9:02:37","03.06.2022 9:02:39"
"LGAD001","61880_2","03.06.2022 9:42:06","03.06.2022 9:42:08"
"VSHAP001","61880_2","14.06.2022 17:08:05","14.06.2022 17:08:06"
"ASUSE","61880_2","03.06.2022 16:45:58","03.06.2022 16:46:00"
"ASUSE","61880_19","03.06.2022 17:18:15","03.06.2022 17:18:16"
"ASUSE","61880_19","03.06.2022 17:18:21","03.06.2022 17:18:22"
"ASUSE","61880_19","03.06.2022 17:35:08","03.06.2022 17:35:09"
"SBUR012","61880_2","12.07.2022 9:52:33","12.07.2022 9:52:35"
"EKAR014","61880_17","12.07.2022 10:08:43","12.07.2022 10:08:48"
"SBUR012","61880_2","12.07.2022 10:34:10","12.07.2022 10:34:11"
"NCHER","61880_1","12.07.2022 12:02:59","12.07.2022 12:03:02"
"NCHER","61880_1","12.07.2022 12:05:04","12.07.2022 12:05:06"
"VSHAP001","61880_2","23.06.2022 8:03:10","23.06.2022 8:03:11"
"VSHAP001","61880_2","23.06.2022 9:41:30","23.06.2022 9:41:32"
"VSHAP001","63051","23.06.2022 10:01:33","23.06.2022 10:03:50"
"VSHAP001","61880_10","23.06.2022 10:20:49","23.06.2022 10:20:50"
"VSHAP001","61880_8","23.06.2022 10:25:15","23.06.2022 10:25:17"
"VSHAP001","61759_1","23.06.2022 10:31:25","23.06.2022 10:31:25"
"LGAD001","61880_10","23.06.2022 15:42:12","23.06.2022 15:42:13"
"LGAD001","61880_2","23.06.2022 15:47:59","23.06.2022 15:48:00"
"LGAD001","61759_1","24.06.2022 0:25:12","24.06.2022 0:25:13"
"VSHAP001","61880_8","26.06.2022 18:17:51","26.06.2022 18:17:53"
"VSHAP001","61880_19","26.06.2022 18:57:31","26.06.2022 18:57:32"
"LGAD001","61880_19","23.06.2022 7:56:23","23.06.2022 7:56:25"
"IGRI056","61880_2","24.06.2022 10:09:36","24.06.2022 10:09:38"
"LGAD001","61880_2","24.06.2022 13:15:08","24.06.2022 13:15:10"
"LGAD001","61880_2","24.06.2022 13:39:30","24.06.2022 13:39:32"
"VSHAP001","61880_2","01.07.2022 10:26:18","01.07.2022 10:26:20"
"VSHAP001","61880_2","01.07.2022 10:34:10","01.07.2022 10:34:12"
"SBUR012","61880_2","12.07.2022 13:42:57","12.07.2022 13:42:59"
"SBUR012","61880_2","12.07.2022 15:08:46","12.07.2022 15:08:48"
"AKAN671","462353","12.07.2022 16:56:45","12.07.2022 16:56:50"
"VSHAP001","61880_2","23.06.2022 12:04:27","23.06.2022 12:04:29"
"VSHAP001","61880_2","23.06.2022 12:12:50","23.06.2022 12:12:51"
"LGAD001","61759_1","24.06.2022 9:26:26","24.06.2022 9:26:26"
"NYAK001","61880_10","24.06.2022 13:00:31","24.06.2022 13:00:32"
"LGAD001","61759_1","24.06.2022 16:49:14","24.06.2022 16:49:15"
"VSHAP001","61880_2","21.06.2022 14:36:44","21.06.2022 14:36:46"
"NYAK001","61880_14","23.06.2022 9:55:24","23.06.2022 9:55:26"
"ASUSE","462359_rep_year","23.06.2022 18:24:52","23.06.2022 18:26:55"
"VSHAP001","61880_19","26.06.2022 18:57:57","26.06.2022 18:57:58"
"VSHAP001","61880_12","26.06.2022 19:00:33","26.06.2022 19:00:40"
"LGAD001","61759_1","24.06.2022 15:07:20","24.06.2022 15:07:21"
"ASUSE","63051","04.07.2022 6:33:39","04.07.2022 6:35:44"
"SBUR012","61880_2","08.07.2022 7:53:46","08.07.2022 7:53:48"
"SBUR012","61880_2","08.07.2022 9:00:28","08.07.2022 9:00:30"
"VSHAP001","61880_2","04.07.2022 11:43:53","04.07.2022 11:43:55"
"VSHAP001","61880_2","04.07.2022 11:54:32","04.07.2022 11:54:36"
"VSHAP001","61880_10","04.07.2022 12:24:30","04.07.2022 12:24:32"
"ASUSE","61880_19","05.07.2022 12:29:12","05.07.2022 12:29:14"
"ASUSE","61880_12","05.07.2022 12:31:26","05.07.2022 12:31:33"
"NCHER","61880_2","25.06.2022 5:37:01","25.06.2022 5:37:04"
"ASUSE","61880_8","28.06.2022 11:17:33","28.06.2022 11:17:35"
"VSHAP001","61880_2","30.06.2022 12:27:46","30.06.2022 12:27:48"
"VSHAP001","61880_2","30.06.2022 12:59:42","30.06.2022 12:59:44"
"IMOS002","61880_2","24.06.2022 15:58:40","24.06.2022 15:58:41"
"LGAD001","61880_2","27.06.2022 10:10:37","27.06.2022 10:10:39"
"LGAD001","61880_2","27.06.2022 10:16:09","27.06.2022 10:16:10"
"LGAD001","61880_2","28.06.2022 9:28:51","28.06.2022 9:28:53"
"YUDOR001","61880_10","28.06.2022 15:58:08","28.06.2022 15:58:09"
"YUDOR001","61880_10","28.06.2022 15:59:25","28.06.2022 15:59:27"
"VSHAP001","61880_2","27.06.2022 10:32:12","27.06.2022 10:32:13"
"VSHAP001","61880_2","27.06.2022 10:50:27","27.06.2022 10:50:29"
"VSHAP001","61880_2","27.06.2022 11:04:47","27.06.2022 11:04:49"
"VSHAP001","61880_2","27.06.2022 11:07:11","27.06.2022 11:07:12"
"VSHAP001","61880_17","22.06.2022 8:12:03","22.06.2022 8:12:07"
"VSHAP001","61880_14","22.06.2022 8:12:54","22.06.2022 8:12:57"
"VSHAP001","61880_14","22.06.2022 8:15:10","22.06.2022 8:15:12"
"NSYS002","61880_8","30.06.2022 15:59:09","30.06.2022 15:59:11"
"ASUSE","61880_19","05.07.2022 15:15:52","05.07.2022 15:15:54"
"NYAK001","61880_14","22.06.2022 10:06:05","22.06.2022 10:06:07"
"NYAK001","61880_14","22.06.2022 11:09:40","22.06.2022 11:09:42"
"NYAK001","61880_14","22.06.2022 11:32:06","22.06.2022 11:32:08"
"LGAD001","61880_2","29.06.2022 8:17:48","29.06.2022 8:17:50"
"LGAD001","61880_2","30.06.2022 8:39:01","30.06.2022 8:39:03"
"LGAD001","61880_2","30.06.2022 13:53:13","30.06.2022 13:53:15"
"NSYS002","61880_8","01.07.2022 9:08:12","01.07.2022 9:08:14"
"VSHAP001","61880_2","28.06.2022 9:25:31","28.06.2022 9:25:33"
"VSHAP001","61880_2","28.06.2022 10:14:51","28.06.2022 10:14:53"
"VSHAP001","61880_2","28.06.2022 10:36:16","28.06.2022 10:36:17"
"VSHAP001","61880_2","28.06.2022 11:55:27","28.06.2022 11:55:29"
"VSHAP001","61880_10","28.06.2022 11:59:10","28.06.2022 11:59:11"
"VSHAP001","61880_10","28.06.2022 12:14:39","28.06.2022 12:14:40"
"ASUSE","61880_19","05.07.2022 15:17:32","05.07.2022 15:17:33"
"NCHER","61880_1","12.07.2022 15:18:48","12.07.2022 15:18:51"
"NCHER","61880_2","12.07.2022 15:19:33","12.07.2022 15:19:34"
"NCHER","61880_1","12.07.2022 15:24:30","12.07.2022 15:24:33"
"NYAK001","61880_14","22.06.2022 11:37:32","22.06.2022 11:37:34"
"VSHAP001","61880_2","30.06.2022 14:02:26","30.06.2022 14:02:27"
"IGRI056","61880_2","01.07.2022 8:48:30","01.07.2022 8:48:32"
"NSYS002","61880_8","27.06.2022 13:58:28","27.06.2022 13:58:30"
"LGAD001","61880_2","01.07.2022 10:50:49","01.07.2022 10:50:51"
"YUDOR001","61880_2","01.07.2022 15:41:24","01.07.2022 15:41:26"
"YUDOR001","61880_2","01.07.2022 15:56:23","01.07.2022 15:56:25"
"IMOS002","61880_2","29.06.2022 9:34:47","29.06.2022 9:34:49"
"NSYS002","61880_8","05.07.2022 8:13:44","05.07.2022 8:13:46"
"LGAD001","61880_2","06.07.2022 8:06:44","06.07.2022 8:06:46"
"LGAD001","61880_2","06.07.2022 9:34:36","06.07.2022 9:34:39"
"NCHER","61880_1","12.07.2022 19:33:59","12.07.2022 19:34:01"
"NCHER","61880_2","13.07.2022 8:26:52","13.07.2022 8:26:54"
"AGAB003","61880_14","13.07.2022 9:24:27","13.07.2022 9:24:31"
"ASUSE","63051","13.07.2022 9:25:46","13.07.2022 9:26:04"
"ASUSE","63051","13.07.2022 9:27:00","13.07.2022 9:27:30"
"IGRI056","61880_19","29.06.2022 8:31:19","29.06.2022 8:31:21"
"IGRI056","61880_2","29.06.2022 9:16:42","29.06.2022 9:16:43"
"IGRI056","61880_2","29.06.2022 13:10:14","29.06.2022 13:10:16"
"IGRI056","61880_2","29.06.2022 13:19:12","29.06.2022 13:19:14"
"YUDOR001","61880_8","01.07.2022 15:59:25","01.07.2022 15:59:27"
"VSHAP001","61880_2","02.07.2022 16:11:18","02.07.2022 16:11:20"
"VSHAP001","61880-9-IIÀ","02.07.2022 17:41:39","02.07.2022 17:41:40"
"VSHAP001","61880-9-IIÁ","02.07.2022 17:41:45","02.07.2022 17:41:46"
"VSHAP001","61880-9-IIÁ","02.07.2022 17:41:52","02.07.2022 17:41:53"
"VSHAP001","61880_2","03.07.2022 15:44:03","03.07.2022 15:44:05"
"VSHAP001","61880_2","03.07.2022 15:49:05","03.07.2022 15:49:06"
"ASUSE","63051","04.07.2022 9:20:25","04.07.2022 9:20:25"
"ASUSE","63051","04.07.2022 9:20:42","04.07.2022 9:20:48"
"ASUSE","63051","04.07.2022 9:21:21","04.07.2022 9:22:05"
"ASUSE","63051","04.07.2022 9:22:36","04.07.2022 9:22:39"
"ASUSE","63051","04.07.2022 9:23:06","04.07.2022 9:24:31"
"ASUSE","63051","04.07.2022 9:25:19","04.07.2022 9:26:03"
"ASUSE","462359_rep","27.06.2022 12:58:53","27.06.2022 13:01:01"
"ASUSE","462359_rep","27.06.2022 13:04:14","27.06.2022 13:06:24"
"ASUSE","462359_rep","27.06.2022 18:13:47","27.06.2022 18:15:57"
"ASUSE","462359_rep_year","27.06.2022 18:18:30","27.06.2022 18:20:45"
"LGAD001","61880_2","07.07.2022 12:46:42","07.07.2022 12:46:45"
"LGAD001","61880_2","07.07.2022 14:56:26","07.07.2022 14:56:28"
"SBUR012","61880_14","08.07.2022 9:35:13","08.07.2022 9:35:14"
"ASUSE","63051","08.07.2022 9:36:31","08.07.2022 9:38:38"
"ASUSE","462359_rep","08.07.2022 9:40:05","08.07.2022 9:42:36"
"ASUSE","462353","08.07.2022 9:45:31","08.07.2022 9:45:34"
"ASUSE","462359_rep","08.07.2022 9:45:57","08.07.2022 9:48:35"
"ASUSE","462359_rep","08.07.2022 10:01:06","08.07.2022 10:03:38"
"ASUSE","462359_rep_year","08.07.2022 10:03:59","08.07.2022 10:06:25"
"ASUSE","462359_rep","08.07.2022 10:25:11","08.07.2022 10:27:37"
"ASUSE","462359_rep","08.07.2022 10:28:57","08.07.2022 10:31:20"
"ASUSE","462359_rep","08.07.2022 10:33:34","08.07.2022 10:36:02"
"ASUSE","462359_rep","08.07.2022 10:38:12","08.07.2022 10:40:34"
"LGAD001","61880_2","04.07.2022 8:20:08","04.07.2022 8:20:10"
"LGAD001","61880_2","04.07.2022 8:34:52","04.07.2022 8:34:54"
"LGAD001","61880_2","04.07.2022 9:56:11","04.07.2022 9:56:15"
"LGAD001","61880_2","04.07.2022 10:06:28","04.07.2022 10:06:30"
"ASUSE","61880_2","27.06.2022 14:36:39","27.06.2022 14:36:40"
"ASUSE","61759_1","27.06.2022 15:07:03","27.06.2022 15:07:03"
"IMOS002","61880_2","01.07.2022 13:38:18","01.07.2022 13:38:20"
"IMOS002","61880_2","01.07.2022 13:38:29","01.07.2022 13:38:31"
"NSYS002","61880_8","29.06.2022 11:47:33","29.06.2022 11:47:35"
"NSYS002","61880_8","29.06.2022 13:32:14","29.06.2022 13:32:15"
"NSYS002","61880_8","29.06.2022 13:42:38","29.06.2022 13:42:40"
"ASUSE","63051","04.07.2022 11:02:07","04.07.2022 11:02:50"
"OKOK006","61880-9-IÀ","04.07.2022 16:12:00","04.07.2022 16:12:02"
"OKOK006","61880-9-IÁ","04.07.2022 16:12:22","04.07.2022 16:12:24"
"OKOK006","61880-9-Â","04.07.2022 16:12:39","04.07.2022 16:12:39"
"OKOK006","61880-9-IIÀ","04.07.2022 16:12:58","04.07.2022 16:12:59"
"OKOK006","61880-9-IIÁ","04.07.2022 16:13:16","04.07.2022 16:13:18"
"OKOK006","61880-9-III","04.07.2022 16:13:33","04.07.2022 16:13:33"
"ASUSE","61880_2","04.07.2022 17:02:38","04.07.2022 17:02:40"
"ASUSE","61880_2","28.06.2022 11:31:56","28.06.2022 11:31:58"
"ASUSE","61880_10","28.06.2022 11:34:10","28.06.2022 11:34:12"
"ASUSE","61759_1","28.06.2022 11:46:44","28.06.2022 11:46:45"
"ASUSE","61880_19","28.06.2022 11:48:18","28.06.2022 11:48:20"
"LGAD001","61880_2","04.07.2022 11:13:13","04.07.2022 11:13:14"
"LGAD001","61880_2","04.07.2022 10:16:54","04.07.2022 10:16:56"
"YUDOR001","61880_17","05.07.2022 12:57:22","05.07.2022 12:57:25"
"YUDOR001","61880_2","05.07.2022 13:06:26","05.07.2022 13:06:28"
"ASUSE","61880_1","12.07.2022 13:28:35","12.07.2022 13:28:38"
"ASUSE","61880_19","12.07.2022 13:33:01","12.07.2022 13:33:02"
"SBUR012","61880_2","06.07.2022 9:49:02","06.07.2022 9:49:04"
"SBUR012","61880_2","06.07.2022 10:52:44","06.07.2022 10:52:46"
"SBUR012","61880_2","06.07.2022 11:01:00","06.07.2022 11:01:01"
"SBUR012","61880_2","07.07.2022 8:32:07","07.07.2022 8:32:10"
"ASUSE","61880_19","04.07.2022 17:03:26","04.07.2022 17:03:28"
"ASUSE","61880_2","04.07.2022 17:03:59","04.07.2022 17:04:01"
"ASUSE","61880_2","04.07.2022 17:05:05","04.07.2022 17:05:07"
"ASUSE","61880_10","04.07.2022 17:06:00","04.07.2022 17:06:01"
"ASUSE","61880_10","04.07.2022 17:12:16","04.07.2022 17:12:17"
"NCHER","462359_rep","05.07.2022 5:10:59","05.07.2022 5:13:03"
"VSHAP001","61880_2","05.07.2022 9:06:53","05.07.2022 9:06:56"
"LGAD001","61880_2","04.07.2022 15:22:42","04.07.2022 15:22:45"
"VSHAP001","61880_2","05.07.2022 10:38:27","05.07.2022 10:38:29"
"VSHAP001","61880_8","05.07.2022 11:15:20","05.07.2022 11:15:22"
"VSHAP001","61880_19","05.07.2022 11:16:30","05.07.2022 11:16:31"
"ASUSE","63051","04.07.2022 10:46:47","04.07.2022 10:47:32"
"ASUSE","63051","04.07.2022 10:49:37","04.07.2022 10:50:21"
"ASUSE","63051","04.07.2022 19:13:32","04.07.2022 19:14:10"
"ASUSE","61880_7","04.07.2022 19:40:49","04.07.2022 19:40:49"
"ASUSE","61880_7","04.07.2022 19:41:01","04.07.2022 19:41:02"
"ASUSE","462359_rep_year","04.07.2022 19:41:36","04.07.2022 19:43:58"
"IGRI056","61880_2","12.07.2022 13:51:30","12.07.2022 13:51:32"
"VSHAP001","61880_14","22.06.2022 12:23:38","22.06.2022 12:23:41"
"VSHAP001","61880_14","22.06.2022 12:24:19","22.06.2022 12:24:21"
"VSHAP001","61880_14","22.06.2022 12:25:45","22.06.2022 12:25:47"
"VSHAP001","61880_2","05.07.2022 10:13:09","05.07.2022 10:13:11"
"NCHER","61880_2","05.07.2022 10:38:36","05.07.2022 10:38:37"
"VSHAP001","61880_8","06.07.2022 9:46:37","06.07.2022 9:46:38"
"VSHAP001","61880_19","06.07.2022 9:47:45","06.07.2022 9:47:46"
"VSHAP001","61880_2","05.07.2022 13:57:08","05.07.2022 13:57:09"
"VSHAP001","61880_2","05.07.2022 14:13:21","05.07.2022 14:13:23"
"VSHAP001","61880_2","07.07.2022 9:15:39","07.07.2022 9:15:43"
"SBUR012","61880_2","08.07.2022 10:43:03","08.07.2022 10:43:05"
"SBUR012","61880_2","12.07.2022 10:16:13","12.07.2022 10:16:15"
"SBUR012","61880_2","13.07.2022 7:27:11","13.07.2022 7:27:13"
"SBUR012","61880_2","13.07.2022 7:27:55","13.07.2022 7:27:56"
"SBUR012","61880_2","13.07.2022 7:52:54","13.07.2022 7:52:56"
"VSHAP001","61880_2","22.06.2022 12:26:32","22.06.2022 12:26:34"
"VSHAP001","61880_17","22.06.2022 12:37:55","22.06.2022 12:37:58"
"VSHAP001","61880_17","22.06.2022 12:38:52","22.06.2022 12:38:55"
"VSHAP001","61880_17","22.06.2022 12:39:30","22.06.2022 12:39:34"
"VSHAP001","61880_17","22.06.2022 12:40:14","22.06.2022 12:40:17"
"VSHAP001","61880_17","22.06.2022 12:40:50","22.06.2022 12:40:55"
"VSHAP001","61880_17","22.06.2022 12:41:25","22.06.2022 12:41:28"
"VSHAP001","61880_17","22.06.2022 12:43:08","22.06.2022 12:43:11"
"VSHAP001","61880-9-all","22.06.2022 12:48:47","22.06.2022 12:48:49"
"VSHAP001","61880-9-all","22.06.2022 12:50:55","22.06.2022 12:50:56"
"VSHAP001","61880-9-IÀ","22.06.2022 12:51:51","22.06.2022 12:51:53"
"VSHAP001","61880-9-IÁ","22.06.2022 12:52:42","22.06.2022 12:52:44"
"VSHAP001","61880-9-Â","22.06.2022 12:53:16","22.06.2022 12:53:16"
"VSHAP001","61880-9-Â","22.06.2022 12:53:24","22.06.2022 12:53:24"
"VSHAP001","61880-9-IIÀ","22.06.2022 12:53:34","22.06.2022 12:53:36"
"VSHAP001","61880-9-IIÀ","22.06.2022 12:53:43","22.06.2022 12:53:45"
"VSHAP001","61880-9-IIÁ","22.06.2022 12:54:09","22.06.2022 12:54:10"
"VSHAP001","61880-9-III","22.06.2022 12:54:22","22.06.2022 12:54:22"
"VSHAP001","61880-9-IIÁ","22.06.2022 12:55:02","22.06.2022 12:55:03"
"VSHAP001","61880-9-IIÀ","22.06.2022 12:55:20","22.06.2022 12:55:21"
"VSHAP001","61880-9-IIÀ","22.06.2022 12:55:29","22.06.2022 12:55:30"
"VSHAP001","61880-9-all","22.06.2022 12:56:46","22.06.2022 12:56:47"
"VSHAP001","61880-9-IÀ","22.06.2022 12:57:13","22.06.2022 12:57:16"
"VSHAP001","61880-9-IÁ","22.06.2022 12:58:10","22.06.2022 12:58:12"
"VSHAP001","61880-9-IÁ","22.06.2022 12:58:56","22.06.2022 12:58:57"
"VSHAP001","61880-9-IIÀ","22.06.2022 12:59:28","22.06.2022 12:59:29"
"VSHAP001","61880-9-IIÁ","22.06.2022 12:59:38","22.06.2022 12:59:39"
"VSHAP001","61880-9-III","22.06.2022 12:59:45","22.06.2022 12:59:45"
"VSHAP001","61880-9-all","22.06.2022 13:01:21","22.06.2022 13:01:23"
"VSHAP001","61880-9-IÀ","22.06.2022 13:02:13","22.06.2022 13:02:27"
"VSHAP001","61880-9-IÁ","22.06.2022 13:04:24","22.06.2022 13:04:26"
"VSHAP001","61880-9-IÁ","22.06.2022 13:06:11","22.06.2022 13:06:13"
"VSHAP001","61880-9-IIÀ","22.06.2022 13:06:59","22.06.2022 13:07:01"
"VSHAP001","61880-9-IIÁ","22.06.2022 13:07:30","22.06.2022 13:07:31"
"VSHAP001","61880-9-III","22.06.2022 13:07:36","22.06.2022 13:07:37"
"VSHAP001","61880-9-all","22.06.2022 13:12:39","22.06.2022 13:12:39"
"VSHAP001","61880-9-IÀ","22.06.2022 13:13:26","22.06.2022 13:13:28"
"VSHAP001","61880-9-IÀ","22.06.2022 13:13:41","22.06.2022 13:13:44"
"VSHAP001","61880-9-IÁ","22.06.2022 13:14:10","22.06.2022 13:14:12"
"VSHAP001","61880-9-IÁ","22.06.2022 13:14:45","22.06.2022 13:14:46"
"VSHAP001","61880-9-IIÀ","22.06.2022 13:20:38","22.06.2022 13:20:40"
"VSHAP001","61880-9-IIÁ","22.06.2022 13:20:57","22.06.2022 13:20:58"
"VSHAP001","61880-9-III","22.06.2022 13:21:24","22.06.2022 13:21:24"
"VSHAP001","61880-9-all","22.06.2022 13:24:57","22.06.2022 13:24:57"
"VSHAP001","61880-9-IÀ","22.06.2022 13:25:40","22.06.2022 13:25:43"
"VSHAP001","61880-9-IÁ","22.06.2022 13:27:07","22.06.2022 13:27:08"
"VSHAP001","61880-9-IIÀ","22.06.2022 13:27:42","22.06.2022 13:27:43"
"VSHAP001","61880-9-IIÁ","22.06.2022 13:28:36","22.06.2022 13:28:37"
"VSHAP001","61880-9-IIÁ","22.06.2022 13:28:41","22.06.2022 13:28:43"
"VSHAP001","61880-9-III","22.06.2022 13:28:54","22.06.2022 13:28:55"
"VSHAP001","61880-9-all","22.06.2022 13:35:05","22.06.2022 13:35:05"
"VSHAP001","61880-9-IÀ","22.06.2022 13:35:45","22.06.2022 13:35:47"
"VSHAP001","61880-9-IÁ","22.06.2022 13:36:13","22.06.2022 13:36:15"
"VSHAP001","61880-9-IIÀ","22.06.2022 13:36:50","22.06.2022 13:36:51"
"VSHAP001","61880-9-IIÁ","22.06.2022 13:37:00","22.06.2022 13:37:02"
"VSHAP001","61880-9-III","22.06.2022 13:37:09","22.06.2022 13:37:10"
"VSHAP001","61880-9-all","22.06.2022 13:37:57","22.06.2022 13:37:58"
"VSHAP001","61880-9-IÀ","22.06.2022 13:38:51","22.06.2022 13:38:53"
"VSHAP001","61880-9-IÁ","22.06.2022 13:39:35","22.06.2022 13:39:37"
"VSHAP001","61880-9-IIÀ","22.06.2022 13:40:04","22.06.2022 13:40:05"
"VSHAP001","61880-9-IIÁ","22.06.2022 13:40:11","22.06.2022 13:40:13"
"VSHAP001","61880-9-III","22.06.2022 13:40:22","22.06.2022 13:40:22"
"VSHAP001","61880-9-all","26.06.2022 15:56:15","26.06.2022 15:56:20"
"VSHAP001","61880_2","26.06.2022 16:10:18","26.06.2022 16:10:20"
"LGAD001","61880_1","04.07.2022 15:45:07","04.07.2022 15:45:12"
"VSHAP001","61880_2","06.07.2022 11:25:57","06.07.2022 11:25:59"
"VSHAP001","61880_2","06.07.2022 12:42:54","06.07.2022 12:42:55"
"LGAD001","61880_2","06.07.2022 13:01:04","06.07.2022 13:01:06"
"SBUR012","61880_2","08.07.2022 10:44:17","08.07.2022 10:44:18"
"ASUSE","63051","08.07.2022 11:05:39","08.07.2022 11:07:55"
"ASUSE","63051","08.07.2022 11:09:24","08.07.2022 11:11:37"
"ASUSE","63051","08.07.2022 11:21:59","08.07.2022 11:24:06"
"ASUSE","462359_rep_year","08.07.2022 11:27:46","08.07.2022 11:30:19"
"ASUSE","63051","08.07.2022 11:36:47","08.07.2022 11:37:30"
"SBUR012","61880_2","08.07.2022 11:47:10","08.07.2022 11:47:12"
"ASUSE","63051","08.07.2022 11:51:46","08.07.2022 11:55:51"
"ASUSE","63051","08.07.2022 11:56:31","08.07.2022 11:56:57"
"ASUSE","63051","08.07.2022 12:07:55","08.07.2022 12:12:11"
"ASUSE","63051","08.07.2022 12:17:18","08.07.2022 12:17:45"
"ASUSE","63051","08.07.2022 12:25:11","08.07.2022 12:25:34"
"SBUR012","61880_2","08.07.2022 13:29:24","08.07.2022 13:29:26"
"AGAB003","61880_14","13.07.2022 9:04:17","13.07.2022 9:04:26"
"AGAB003","61880_14","13.07.2022 9:18:58","13.07.2022 9:19:07"
"AGAB003","61880_14","13.07.2022 9:19:56","13.07.2022 9:20:04"
"VSHAP001","61759_1","23.06.2022 0:03:03","23.06.2022 0:03:04"
"IMOS002","61880_2","23.06.2022 10:20:17","23.06.2022 10:20:18"
"IMOS002","61880_2","23.06.2022 10:21:46","23.06.2022 10:21:48"
"IMOS002","61880_2","23.06.2022 10:22:23","23.06.2022 10:22:25"
"NCHER","61880_8","06.07.2022 13:12:57","06.07.2022 13:12:58"
"NYAK001","61880-9-III","07.07.2022 8:08:05","07.07.2022 8:08:05"
"YVAS004","61880-9-IÀ","07.07.2022 8:10:45","07.07.2022 8:10:54"
"YVAS004","61880-9-IÀ","07.07.2022 8:11:04","07.07.2022 8:11:10"
"SBUR012","61880_2","07.07.2022 9:01:06","07.07.2022 9:01:09"
"LGAD001","61880_2","07.07.2022 9:08:39","07.07.2022 9:08:43"
"SBUR012","61880_2","07.07.2022 9:23:46","07.07.2022 9:23:49"
"ASUSE","63051","04.07.2022 7:46:51","04.07.2022 7:49:10"
"YUDOR001","61880_2","04.07.2022 10:37:03","04.07.2022 10:37:05"
"ASUSE","61880_19","10.07.2022 15:27:20","10.07.2022 15:27:22"
"SBUR012","61880_2","11.07.2022 7:22:32","11.07.2022 7:22:34"
"SBUR012","61880_2","11.07.2022 8:11:34","11.07.2022 8:11:36"
"VSHAP001","462359_rep_year","23.06.2022 15:04:17","23.06.2022 15:06:31"
"VSHAP001","61880_17","23.06.2022 15:08:10","23.06.2022 15:08:13"
"VSHAP001","61880_17","23.06.2022 15:08:40","23.06.2022 15:08:44"
"VSHAP001","61880_17","23.06.2022 15:09:11","23.06.2022 15:09:15"
"VSHAP001","61880_17","23.06.2022 15:11:50","23.06.2022 15:11:54"
"VSHAP001","61880_17","23.06.2022 15:12:18","23.06.2022 15:12:22"
"VSHAP001","61880_17","23.06.2022 15:12:53","23.06.2022 15:12:56"
"VSHAP001","61880_17","23.06.2022 15:13:26","23.06.2022 15:13:30"
"VSHAP001","61880_2","23.06.2022 19:26:38","23.06.2022 19:26:40"
"VSHAP001","61880_10","23.06.2022 19:27:29","23.06.2022 19:27:30"
"ASUSE","462359_rep","27.06.2022 18:42:42","27.06.2022 18:44:44"
"VSHAP001","61880_10","29.06.2022 7:04:25","29.06.2022 7:04:27"
"VSHAP001","61880_10","29.06.2022 7:05:07","29.06.2022 7:05:08"
"VSHAP001","61880_10","29.06.2022 7:05:36","29.06.2022 7:05:37"
"VSHAP001","61880_10","29.06.2022 7:06:33","29.06.2022 7:06:34"
"VSHAP001","61880_10","29.06.2022 7:07:23","29.06.2022 7:07:25"
"VSHAP001","61880_10","29.06.2022 7:08:00","29.06.2022 7:08:02"
"VSHAP001","61880_10","29.06.2022 7:08:38","29.06.2022 7:08:40"
"VSHAP001","61880_10","29.06.2022 7:09:07","29.06.2022 7:09:08"
"VSHAP001","61880_10","29.06.2022 7:11:59","29.06.2022 7:12:00"
"VSHAP001","61880_10","29.06.2022 7:15:16","29.06.2022 7:15:17"
"VSHAP001","61880_10","29.06.2022 7:15:44","29.06.2022 7:15:45"
"ASUSE","61880_17_new","08.07.2022 20:40:19","08.07.2022 20:40:22"
"AGAB003","61880_14","13.07.2022 9:28:16","13.07.2022 9:28:22"
"VSHAP001","61759_1","22.06.2022 6:59:01","22.06.2022 6:59:02"
"VSHAP001","61880_2","22.06.2022 7:12:44","22.06.2022 7:12:46"
"VSHAP001","61880_17","22.06.2022 7:39:05","22.06.2022 7:39:10"
"VSHAP001","61880_17","22.06.2022 7:46:17","22.06.2022 7:46:21"
"VSHAP001","61880_14","22.06.2022 7:53:37","22.06.2022 7:53:39"
"LGAD001","61880-9-all","22.06.2022 14:17:58","22.06.2022 14:18:00"
"LGAD001","61880-9-IÀ","22.06.2022 14:20:51","22.06.2022 14:20:53"
"LGAD001","61880-9-IÁ","22.06.2022 14:21:28","22.06.2022 14:21:30"
"LGAD001","61880-9-IIÀ","22.06.2022 14:22:06","22.06.2022 14:22:08"
"LGAD001","61880-9-IIÁ","22.06.2022 14:22:39","22.06.2022 14:22:40"
"LGAD001","61880-9-III","22.06.2022 14:23:09","22.06.2022 14:23:09"
"LGAD001","61880-9-IÀ","22.06.2022 14:23:43","22.06.2022 14:23:46"
"LGAD001","61880-9-IÁ","22.06.2022 14:28:38","22.06.2022 14:28:40"
"LGAD001","61880-9-IIÀ","22.06.2022 14:29:14","22.06.2022 14:29:16"
"LGAD001","61880-9-IIÁ","22.06.2022 14:29:43","22.06.2022 14:29:45"
"LGAD001","61880-9-III","22.06.2022 14:30:12","22.06.2022 14:30:12"
"LGAD001","61880-9-III","22.06.2022 14:30:15","22.06.2022 14:30:16"
"LGAD001","61880-9-IÀ","22.06.2022 14:31:06","22.06.2022 14:31:08"
"LGAD001","61880-9-IÁ","22.06.2022 14:31:37","22.06.2022 14:31:39"
"LGAD001","61880-9-IIÀ","22.06.2022 14:32:04","22.06.2022 14:32:05"
"LGAD001","61880-9-IIÁ","22.06.2022 14:32:32","22.06.2022 14:32:34"
"LGAD001","61880-9-III","22.06.2022 14:33:00","22.06.2022 14:33:00"
"LGAD001","61880-9-III","22.06.2022 14:33:05","22.06.2022 14:33:05"
"LGAD001","61880-9-III","22.06.2022 14:33:54","22.06.2022 14:33:54"
"LGAD001","61880-9-III","22.06.2022 14:34:01","22.06.2022 14:34:02"
"LGAD001","61880-9-IIÁ","22.06.2022 14:34:39","22.06.2022 14:34:41"
"LGAD001","61880-9-IIÀ","22.06.2022 14:35:07","22.06.2022 14:35:08"
"LGAD001","61880-9-IÁ","22.06.2022 14:35:37","22.06.2022 14:35:38"
"LGAD001","61880-9-IÁ","22.06.2022 14:35:51","22.06.2022 14:35:53"
"LGAD001","61880-9-IÀ","22.06.2022 14:36:20","22.06.2022 14:36:24"
"LGAD001","61880-9-IÀ","22.06.2022 14:37:13","22.06.2022 14:37:17"
"LGAD001","61880-9-IÁ","22.06.2022 14:37:44","22.06.2022 14:37:46"
"LGAD001","61880-9-IIÀ","22.06.2022 14:38:49","22.06.2022 14:38:50"
"LGAD001","61880-9-IIÁ","22.06.2022 14:39:16","22.06.2022 14:39:18"
"LGAD001","61880-9-IIÁ","22.06.2022 14:39:20","22.06.2022 14:39:21"
"LGAD001","61880-9-III","22.06.2022 14:39:48","22.06.2022 14:39:49"
"LGAD001","61880_17","22.06.2022 14:40:35","22.06.2022 14:40:39"
"LGAD001","61880_17","22.06.2022 14:44:46","22.06.2022 14:44:50"
"LGAD001","61880_17","22.06.2022 14:45:11","22.06.2022 14:45:15"
"LGAD001","61880_17","22.06.2022 14:45:37","22.06.2022 14:45:40"
"LGAD001","61880_17","22.06.2022 14:46:04","22.06.2022 14:46:08"
"LGAD001","61880_17","22.06.2022 14:46:31","22.06.2022 14:46:35"
"NSYS002","61880_8","28.06.2022 9:31:22","28.06.2022 9:31:24"
"IGRI056","61880_2","04.07.2022 9:57:17","04.07.2022 9:57:19"
"IGRI056","61880_2","04.07.2022 9:57:45","04.07.2022 9:57:46"
"LGAD001","61759_1","21.06.2022 15:11:23","21.06.2022 15:11:24"
"VSHAP001","61880_2","22.06.2022 14:18:58","22.06.2022 14:19:00"
"VSHAP001","61880_2","22.06.2022 14:24:39","22.06.2022 14:24:41"
"VSHAP001","61880_10","22.06.2022 14:29:16","22.06.2022 14:29:17"
"VSHAP001","61880_2","22.06.2022 14:47:15","22.06.2022 14:47:17"
"VSHAP001","61880_10","22.06.2022 15:06:36","22.06.2022 15:06:37"
"VSHAP001","61880_11_new","24.06.2022 6:08:53","24.06.2022 6:08:56"
"VSHAP001","61880_2","24.06.2022 9:28:37","24.06.2022 9:28:39"
"VSHAP001","61880_2","24.06.2022 9:59:45","24.06.2022 9:59:47"
"VSHAP001","61880_2","24.06.2022 10:25:14","24.06.2022 10:25:16"
"VSHAP001","61880_14","22.06.2022 8:02:38","22.06.2022 8:02:40"
"VSHAP001","61880_14","22.06.2022 8:03:24","22.06.2022 8:03:27"
"VSHAP001","61880_14","22.06.2022 8:04:05","22.06.2022 8:04:07"
"NYAK001","61880_14","22.06.2022 12:57:06","22.06.2022 12:57:08"
"NYAK001","61880_14","22.06.2022 14:30:52","22.06.2022 14:30:54"
"NYAK001","61880_14","22.06.2022 14:33:42","22.06.2022 14:33:44"
"VSHAP001","61880_8","22.06.2022 15:09:22","22.06.2022 15:09:24"
"YUDOR001","61880_17","01.07.2022 10:13:08","01.07.2022 10:13:12"
"YUDOR001","61880_17","01.07.2022 10:13:58","01.07.2022 10:14:01"
"YUDOR001","61880_17","01.07.2022 10:16:57","01.07.2022 10:17:01"
"YUDOR001","61880_17","01.07.2022 10:17:48","01.07.2022 10:17:52"
"ASUSE","63051","04.07.2022 14:46:51","04.07.2022 14:47:37"
"SBUR012","61880_2","11.07.2022 8:29:25","11.07.2022 8:29:26"
"ASUSE","462359_rep_year","11.07.2022 9:14:30","11.07.2022 9:16:51"
"SBUR012","61880_2","11.07.2022 9:26:44","11.07.2022 9:26:45"
"ASUSE","462359_rep","11.07.2022 9:28:12","11.07.2022 9:30:40"
"ASUSE","462359_rep","11.07.2022 9:31:50","11.07.2022 9:34:22"
"ASUSE","63051","11.07.2022 9:51:55","11.07.2022 9:52:13"
"ASUSE","63051","11.07.2022 9:55:40","11.07.2022 9:57:46"
"ASUSE","462359_rep_year","11.07.2022 9:58:42","11.07.2022 10:00:57"
"ASUSE","63051","11.07.2022 10:19:57","11.07.2022 10:20:24"
"ASUSE","63051","11.07.2022 10:25:33","11.07.2022 10:27:38"
"VSHAP001","61880_8","24.06.2022 10:31:06","24.06.2022 10:31:08"
"VSHAP001","61880_10","24.06.2022 10:33:40","24.06.2022 10:33:41"
"VSHAP001","61880_19","24.06.2022 10:43:44","24.06.2022 10:43:46"
"VSHAP001","61880_19","24.06.2022 11:49:40","24.06.2022 11:49:41"
"VSHAP001","61880_2","24.06.2022 13:25:15","24.06.2022 13:25:16"
"IMOS002","61880_2","23.06.2022 10:22:51","23.06.2022 10:22:53"
"IMOS002","61880_2","23.06.2022 10:23:23","23.06.2022 10:23:25"
"IMOS002","61880_2","23.06.2022 10:23:51","23.06.2022 10:23:53"
"LGAD001","61880_10","23.06.2022 11:58:39","23.06.2022 11:58:40"
"LGAD001","61880_10","23.06.2022 11:59:27","23.06.2022 11:59:27"
"LGAD001","61880_2","23.06.2022 12:13:35","23.06.2022 12:13:36"
"LGAD001","61880_8","23.06.2022 12:24:46","23.06.2022 12:24:48"
"NYAK001","61880_14","22.06.2022 14:35:22","22.06.2022 14:35:24"
"NYAK001","61880_10","22.06.2022 14:51:16","22.06.2022 14:51:16"
"NYAK001","61880_10","22.06.2022 14:52:25","22.06.2022 14:52:26"
"NYAK001","61880_10","22.06.2022 14:54:19","22.06.2022 14:54:19"
"NYAK001","61880_10","22.06.2022 14:56:02","22.06.2022 14:56:02"
"NYAK001","61880_10","22.06.2022 15:00:27","22.06.2022 15:00:28"
"NYAK001","61880_10","22.06.2022 15:02:24","22.06.2022 15:02:25"
"NYAK001","61880_10","22.06.2022 15:14:44","22.06.2022 15:14:45"
"NCHER","462359_rep","24.06.2022 17:15:44","24.06.2022 17:17:49"
"VSHAP001","61880_2","29.06.2022 11:57:09","29.06.2022 11:57:11"
"VSHAP001","61880_2","29.06.2022 12:02:33","29.06.2022 12:02:35"
"NSYS002","61880_8","24.06.2022 10:27:37","24.06.2022 10:27:39"
"YUDOR001","61880_17","29.06.2022 12:24:41","29.06.2022 12:24:45"
"YUDOR001","61880_17","29.06.2022 12:28:38","29.06.2022 12:28:42"
"YUDOR001","61880_17","29.06.2022 12:28:55","29.06.2022 12:28:58"
"YUDOR001","61880_17","29.06.2022 12:29:29","29.06.2022 12:29:33"
"NCHER","61880_1","11.07.2022 12:42:01","11.07.2022 12:42:05"
"NCHER","61880_2","11.07.2022 12:46:26","11.07.2022 12:46:28"
"NCHER","61880_1","12.07.2022 6:55:24","12.07.2022 6:55:27"
"LGAD001","61880_2","01.07.2022 6:19:03","01.07.2022 6:19:05"
"LGAD001","61880_10","01.07.2022 6:19:34","01.07.2022 6:19:35"
"LGAD001","61880_10","01.07.2022 6:20:49","01.07.2022 6:20:50"
"LGAD001","61880_2","05.07.2022 7:03:00","05.07.2022 7:03:03"
"LGAD001","61759_1","05.07.2022 8:42:38","05.07.2022 8:42:38"
"ASUSE","63051","05.07.2022 9:06:46","05.07.2022 9:07:28"
"LGAD001","61880_2","05.07.2022 9:32:21","05.07.2022 9:32:23"
"IMOS002","61880_2","23.06.2022 15:09:26","23.06.2022 15:09:27"
"VSHAP001","61880_2","25.06.2022 18:44:18","25.06.2022 18:44:20"
"VSHAP001","61880_2","25.06.2022 19:01:20","25.06.2022 19:01:21"
"VSHAP001","61880_2","26.06.2022 16:13:34","26.06.2022 16:13:35"
"VSHAP001","61880-9-IÀ","26.06.2022 16:22:36","26.06.2022 16:22:39"
"VSHAP001","61880-9-IÁ","26.06.2022 16:23:20","26.06.2022 16:23:22"
"VSHAP001","61880-9-IIÀ","26.06.2022 16:23:57","26.06.2022 16:23:58"
"VSHAP001","61880-9-IIÁ","26.06.2022 16:24:13","26.06.2022 16:24:15"
"VSHAP001","61880-9-III","26.06.2022 16:24:26","26.06.2022 16:24:26"
"VSHAP001","61880_2","29.06.2022 15:17:16","29.06.2022 15:17:18"
"ASUSE","63051","04.07.2022 8:07:29","04.07.2022 8:09:51"
"ASUSE","63051","04.07.2022 8:36:59","04.07.2022 8:39:28"
"ASUSE","63051","04.07.2022 8:40:40","04.07.2022 8:40:46"
"ASUSE","63051","04.07.2022 8:41:04","04.07.2022 8:41:49"
"NCHER","61880_2","06.07.2022 19:04:01","06.07.2022 19:04:03"
"SBUR012","61880_2","07.07.2022 9:44:32","07.07.2022 9:44:35"
"VSHAP001","63051","07.07.2022 12:21:49","07.07.2022 12:23:51"
"VSHAP001","462359_rep_year","07.07.2022 12:32:38","07.07.2022 12:34:49"
"VSHAP001","63051","07.07.2022 12:45:23","07.07.2022 12:46:00"
"YUDOR001","462353","07.07.2022 13:20:01","07.07.2022 13:20:05"
"ASUSE","63051","07.07.2022 13:41:00","07.07.2022 13:41:40"
"ASUSE","63051","07.07.2022 13:46:07","07.07.2022 13:46:46"
"ASUSE","462359_rep","07.07.2022 14:25:12","07.07.2022 14:27:28"
"ASUSE","63051","07.07.2022 14:30:38","07.07.2022 14:34:53"
"ASUSE","63051","07.07.2022 14:32:00","07.07.2022 14:34:04"
"ASUSE","63051","07.07.2022 14:33:44","07.07.2022 14:34:24"
"ASUSE","462359_rep_year","07.07.2022 14:37:36","07.07.2022 14:39:47"
"ASUSE","63051","07.07.2022 14:54:48","07.07.2022 14:55:27"
"ASUSE","462359_rep_year","07.07.2022 15:01:36","07.07.2022 15:03:51"
"IGRI056","61880_2","12.07.2022 7:16:47","12.07.2022 7:16:48"
"IGRI056","61880_2","12.07.2022 7:35:55","12.07.2022 7:35:57"
"SBUR012","61880_2","12.07.2022 7:45:14","12.07.2022 7:45:16"
"SBUR012","61880_2","12.07.2022 8:39:02","12.07.2022 8:39:04"
"LGAD001","61880_2","22.06.2022 7:45:32","22.06.2022 7:45:33"
"LGAD001","61880_17","22.06.2022 8:08:55","22.06.2022 8:08:59"
"LGAD001","61880_17","22.06.2022 8:10:28","22.06.2022 8:10:31"
"LGAD001","61880_2","22.06.2022 8:25:10","22.06.2022 8:25:12"
"LGAD001","61880_8","22.06.2022 8:28:23","22.06.2022 8:28:25"
"LGAD001","61880_2","22.06.2022 8:34:18","22.06.2022 8:34:20"
"VSHAP001","61880-9-IÀ","26.06.2022 16:25:40","26.06.2022 16:25:43"
"VSHAP001","61880-9-IÁ","26.06.2022 16:26:32","26.06.2022 16:26:34"
"VSHAP001","61880-9-IIÀ","26.06.2022 16:27:02","26.06.2022 16:27:03"
"VSHAP001","61880-9-IIÁ","26.06.2022 16:27:10","26.06.2022 16:27:11"
"VSHAP001","61880-9-III","26.06.2022 16:27:20","26.06.2022 16:27:20"
"VSHAP001","61880-9-IÀ","26.06.2022 16:28:25","26.06.2022 16:28:28"
"VSHAP001","61880-9-IÁ","26.06.2022 16:28:56","26.06.2022 16:28:58"
"VSHAP001","61880-9-IIÀ","26.06.2022 16:29:26","26.06.2022 16:29:28"
"VSHAP001","61880-9-IIÁ","26.06.2022 16:29:34","26.06.2022 16:29:35"
"VSHAP001","61880-9-III","26.06.2022 16:29:45","26.06.2022 16:29:45"
"VSHAP001","61880-9-IÀ","26.06.2022 16:30:32","26.06.2022 16:30:36"
"VSHAP001","61880-9-IÁ","26.06.2022 16:31:10","26.06.2022 16:31:11"
"VSHAP001","61880-9-IIÀ","26.06.2022 16:31:46","26.06.2022 16:31:47"
"VSHAP001","61880-9-IIÁ","26.06.2022 16:31:55","26.06.2022 16:31:56"
"VSHAP001","61880-9-III","26.06.2022 16:32:04","26.06.2022 16:32:04"
"VSHAP001","61880-9-IÀ","26.06.2022 16:32:56","26.06.2022 16:32:58"
"VSHAP001","61880-9-IÁ","26.06.2022 16:33:25","26.06.2022 16:33:26"
"VSHAP001","61880-9-IÁ","26.06.2022 16:34:32","26.06.2022 16:34:34"
"VSHAP001","61880-9-IIÀ","26.06.2022 16:35:48","26.06.2022 16:35:49"
"VSHAP001","61880-9-IIÁ","26.06.2022 16:35:59","26.06.2022 16:36:00"
"VSHAP001","61880-9-IIÁ","26.06.2022 16:36:00","26.06.2022 16:36:01"
"VSHAP001","61880-9-III","26.06.2022 16:36:12","26.06.2022 16:36:12"
"VSHAP001","61880-9-IÀ","26.06.2022 16:36:53","26.06.2022 16:37:03"
"VSHAP001","61880-9-IÁ","26.06.2022 16:38:51","26.06.2022 16:38:52"
"VSHAP001","61880-9-IÁ","26.06.2022 16:40:15","26.06.2022 16:40:17"
"VSHAP001","61880-9-IIÀ","26.06.2022 16:40:29","26.06.2022 16:40:30"
"VSHAP001","61880-9-IIÁ","26.06.2022 16:41:00","26.06.2022 16:41:01"
"VSHAP001","61880-9-III","26.06.2022 16:41:09","26.06.2022 16:41:09"
"VSHAP001","61880-9-IÀ","26.06.2022 16:47:19","26.06.2022 16:47:22"
"VSHAP001","61880-9-IÁ","26.06.2022 16:47:51","26.06.2022 16:47:52"
"VSHAP001","61880-9-IIÀ","26.06.2022 16:48:28","26.06.2022 16:48:30"
"VSHAP001","61880-9-IIÁ","26.06.2022 16:48:41","26.06.2022 16:48:42"
"VSHAP001","61880-9-III","26.06.2022 16:48:54","26.06.2022 16:48:54"
"VSHAP001","61880-9-III","26.06.2022 16:49:34","26.06.2022 16:49:34"
"VSHAP001","61880-9-IÀ","26.06.2022 16:51:11","26.06.2022 16:51:13"
"VSHAP001","61880-9-IÁ","26.06.2022 16:52:07","26.06.2022 16:52:08"
"VSHAP001","61880-9-IÁ","26.06.2022 16:52:47","26.06.2022 16:52:49"
"VSHAP001","61880-9-IIÀ","26.06.2022 16:53:20","26.06.2022 16:53:22"
"VSHAP001","61880-9-IIÁ","26.06.2022 16:53:34","26.06.2022 16:53:35"
"VSHAP001","61880-9-IIÁ","26.06.2022 16:54:12","26.06.2022 16:54:13"
"VSHAP001","61880-9-III","26.06.2022 16:54:18","26.06.2022 16:54:18"
"VSHAP001","61880-9-IÀ","26.06.2022 16:57:44","26.06.2022 16:57:47"
"VSHAP001","61880-9-IÁ","26.06.2022 17:00:18","26.06.2022 17:00:19"
"VSHAP001","61880-9-IIÀ","26.06.2022 17:00:46","26.06.2022 17:00:48"
"VSHAP001","61880-9-IIÁ","26.06.2022 17:00:57","26.06.2022 17:00:59"
"VSHAP001","61880-9-III","26.06.2022 17:01:08","26.06.2022 17:01:08"
"VSHAP001","61880-9-IÀ","26.06.2022 17:04:42","26.06.2022 17:05:11"
"VSHAP001","61880-9-IÁ","26.06.2022 17:05:43","26.06.2022 17:05:44"
"VSHAP001","61880-9-IÁ","26.06.2022 17:06:07","26.06.2022 17:06:09"
"VSHAP001","61880-9-IIÀ","26.06.2022 17:06:17","26.06.2022 17:06:19"
"VSHAP001","61880-9-IIÁ","26.06.2022 17:06:25","26.06.2022 17:06:26"
"VSHAP001","61880-9-III","26.06.2022 17:06:34","26.06.2022 17:06:34"
"VSHAP001","61880-9-IÀ","26.06.2022 17:07:34","26.06.2022 17:07:37"
"VSHAP001","61880-9-IÁ","26.06.2022 17:08:18","26.06.2022 17:08:20"
"VSHAP001","61880-9-IIÀ","26.06.2022 17:08:51","26.06.2022 17:08:53"
"VSHAP001","61880-9-IIÁ","26.06.2022 17:09:01","26.06.2022 17:09:02"
"VSHAP001","61880-9-III","26.06.2022 17:09:09","26.06.2022 17:09:09"
"VSHAP001","61880-9-all","26.06.2022 17:09:52","26.06.2022 17:09:58"
"VSHAP001","63051","26.06.2022 17:12:24","26.06.2022 17:14:30"
"VSHAP001","61880_17","26.06.2022 17:17:59","26.06.2022 17:18:03"
"VSHAP001","61880_17","26.06.2022 17:19:54","26.06.2022 17:19:58"
"VSHAP001","61880_17","26.06.2022 17:21:57","26.06.2022 17:22:00"
"VSHAP001","61880_17","26.06.2022 17:22:38","26.06.2022 17:22:41"
"VSHAP001","61880_17","26.06.2022 17:24:00","26.06.2022 17:24:03"
"VSHAP001","61880_17","26.06.2022 17:24:35","26.06.2022 17:24:38"
"VSHAP001","61880_17","26.06.2022 17:25:39","26.06.2022 17:25:42"
"VSHAP001","61880_17","26.06.2022 17:26:33","26.06.2022 17:26:36"
"VSHAP001","61880_17","26.06.2022 17:27:06","26.06.2022 17:27:09"
"VSHAP001","61880_17","26.06.2022 17:29:44","26.06.2022 17:29:47"
"VSHAP001","61880_17","26.06.2022 17:31:01","26.06.2022 17:31:05"
"VSHAP001","61880_17","26.06.2022 17:33:27","26.06.2022 17:33:31"
"VSHAP001","61880_2","26.06.2022 18:02:23","26.06.2022 18:02:25"
"VSHAP001","61880_10","26.06.2022 18:06:10","26.06.2022 18:06:11"
"VSHAP001","61880_10","26.06.2022 18:13:19","26.06.2022 18:13:20"
"YUDOR001","61880_14","07.07.2022 15:16:30","07.07.2022 15:16:33"
"YUDOR001","61880_10","07.07.2022 15:18:41","07.07.2022 15:18:43"
"YUDOR001","61880_10","07.07.2022 15:30:23","07.07.2022 15:30:24"
"YUDOR001","61880_10","07.07.2022 15:30:52","07.07.2022 15:30:53"
"LGAD001","61880_2","08.07.2022 7:37:22","08.07.2022 7:37:24"
"VSHAP001","61759_1","08.07.2022 7:51:57","08.07.2022 7:51:58"
"SBUR012","61880_19","22.07.2022 11:04:21","22.07.2022 11:04:22"
"SBUR012","61880_1","22.07.2022 11:09:02","22.07.2022 11:09:05"
"VSHAP001","462359_rep","22.07.2022 11:59:44","22.07.2022 12:02:35"
"VSHAP001","61759_1","22.07.2022 12:46:03","22.07.2022 12:46:04"
"SBUR012","61880_2","22.07.2022 13:50:55","22.07.2022 13:50:56"
"IMOS002","61880_2","22.07.2022 14:08:50","22.07.2022 14:08:51"
"YUDOR001","61759_1","22.07.2022 0:54:44","22.07.2022 0:54:45"
"YUDOR001","61880_2","22.07.2022 0:56:47","22.07.2022 0:56:48"
"YUDOR001","61880_10","22.07.2022 0:57:31","22.07.2022 0:57:32"
"YUDOR001","61880_19","22.07.2022 0:58:15","22.07.2022 0:58:16"
"YUDOR001","61880_8","22.07.2022 1:00:15","22.07.2022 1:00:17"
"NCHER","61880_2","25.07.2022 8:28:53","25.07.2022 8:28:54"
"SBUR012","61880_2","25.07.2022 9:09:56","25.07.2022 9:09:58"
"SBUR012","61880_2","25.07.2022 10:53:40","25.07.2022 10:53:41"
"SBUR012","61880_2","25.07.2022 11:11:45","25.07.2022 11:11:47"
"VSHAP001","61759_1","18.07.2022 13:19:27","18.07.2022 13:19:28"
"VSHAP001","61759_1","18.07.2022 14:53:47","18.07.2022 14:53:47"
"VSHAP001","61759_1","19.07.2022 6:41:55","19.07.2022 6:41:56"
"VSHAP001","61880_8","19.07.2022 7:01:23","19.07.2022 7:01:25"
"VSHAP001","61759_1","19.07.2022 7:56:58","19.07.2022 7:56:59"
"VSHAP001","61759_1","19.07.2022 12:29:56","19.07.2022 12:29:56"
"VSHAP001","61880_19","19.07.2022 12:55:39","19.07.2022 12:55:40"
"IMOS002","61880_2","22.07.2022 14:09:39","22.07.2022 14:09:41"
"DSTR056","61880_2","13.07.2022 14:30:51","13.07.2022 14:30:53"
"ASUSE","61759_1","19.07.2022 9:16:13","19.07.2022 9:16:14"
"ASUSE","61880_1","19.07.2022 14:33:01","19.07.2022 14:33:03"
"ASUSE","61880-9-IÀ","21.07.2022 21:21:24","21.07.2022 21:21:41"
"ASUSE","61880-9-NEW","21.07.2022 21:22:06","21.07.2022 21:22:07"
"NCHER","61880_2","22.07.2022 4:44:43","22.07.2022 4:44:45"
"VSHAP001","61880_19","13.07.2022 13:26:51","13.07.2022 13:26:52"
"VSHAP001","61880_19","13.07.2022 13:38:35","13.07.2022 13:38:36"
"SBUR012","61880-9-all","22.07.2022 6:36:36","22.07.2022 6:36:39"
"SBUR012","61880_17_new","22.07.2022 7:21:33","22.07.2022 7:21:36"
"SBUR012","61880_2","22.07.2022 7:54:13","22.07.2022 7:54:14"
"SBUR012","61880_2","13.07.2022 9:31:26","13.07.2022 9:31:28"
"SBUR012","61880_2","13.07.2022 9:41:18","13.07.2022 9:41:20"
"SBUR012","61880_2","13.07.2022 9:55:53","13.07.2022 9:55:54"
"AKAN671","462359_rep","18.07.2022 9:41:55","18.07.2022 9:44:13"
"AKAN671","462353","18.07.2022 9:46:28","18.07.2022 9:46:32"
"AKAN671","61880_7","18.07.2022 9:47:21","18.07.2022 9:47:22"
"AKAN671","63051","18.07.2022 9:48:07","18.07.2022 9:48:12"
"YUDOR001","61880_17_new","21.07.2022 16:34:37","21.07.2022 16:34:40"
"YUDOR001","61880_2","21.07.2022 16:36:41","21.07.2022 16:36:43"
"YUDOR001","61880_17_new","21.07.2022 17:27:58","21.07.2022 17:28:01"
"ASUSE","462359_rep_year","13.07.2022 9:37:31","13.07.2022 9:40:14"
"ASUSE","462359_rep_year","13.07.2022 9:41:13","13.07.2022 9:44:02"
"SBUR012","61880_19","20.07.2022 12:46:02","20.07.2022 12:46:03"
"SBUR012","61880_1","20.07.2022 12:56:50","20.07.2022 12:56:53"
"SBUR012","61880_2","21.07.2022 6:38:23","21.07.2022 6:38:25"
"SBUR012","61880_19","21.07.2022 6:55:56","21.07.2022 6:55:58"
"DSTR056","61880_2","14.07.2022 13:39:58","14.07.2022 13:40:00"
"IMOS002","61880_2","18.07.2022 10:50:13","18.07.2022 10:50:15"
"IMOS002","61880_10","18.07.2022 16:57:51","18.07.2022 16:57:53"
"IMOS002","61880_7","18.07.2022 16:58:44","18.07.2022 16:58:44"
"IMOS002","61880_2","18.07.2022 17:00:51","18.07.2022 17:00:52"
"NYAK001","61880_14","19.07.2022 14:41:22","19.07.2022 14:41:25"
"SBUR012","61880_2","13.07.2022 14:40:46","13.07.2022 14:40:48"
"ASUSE","61880_19","14.07.2022 9:42:43","14.07.2022 9:42:45"
"ASUSE","61759_1","14.07.2022 9:49:19","14.07.2022 9:49:20"
"ASUSE","61880_12","14.07.2022 9:59:29","14.07.2022 9:59:36"
"VSHAP001","61880-9-all","20.07.2022 9:46:35","20.07.2022 9:46:36"
"VSHAP001","61880_17","20.07.2022 9:47:25","20.07.2022 9:47:30"
"VSHAP001","61880_17_new","20.07.2022 9:48:11","20.07.2022 9:48:15"
"VSHAP001","61880_10","20.07.2022 9:49:05","20.07.2022 9:49:06"
"VSHAP001","61880-9-IÀ","20.07.2022 10:32:31","20.07.2022 10:32:35"
"VSHAP001","61880-9-IÁ","20.07.2022 10:33:21","20.07.2022 10:33:23"
"VSHAP001","61880-9-Â","20.07.2022 10:33:53","20.07.2022 10:33:54"
"VSHAP001","61880-9-IIÀ","20.07.2022 10:34:01","20.07.2022 10:34:02"
"VSHAP001","61880-9-IIÁ","20.07.2022 10:34:13","20.07.2022 10:34:14"
"VSHAP001","61880-9-III","20.07.2022 10:34:23","20.07.2022 10:34:23"
"VSHAP001","61880_17_new","20.07.2022 10:35:08","20.07.2022 10:35:11"
"SBUR012","61880_1","21.07.2022 6:59:18","21.07.2022 6:59:21"
"SBUR012","61880_2","21.07.2022 7:13:12","21.07.2022 7:13:13"
"SBUR012","61880_8","21.07.2022 7:14:43","21.07.2022 7:14:45"
"SBUR012","61880_10","21.07.2022 7:16:01","21.07.2022 7:16:02"
"SBUR012","61880_10","21.07.2022 7:20:13","21.07.2022 7:20:14"
"SBUR012","61880_10","21.07.2022 7:20:57","21.07.2022 7:20:58"
"SBUR012","61880_10","21.07.2022 7:21:34","21.07.2022 7:21:35"
"SBUR012","61880_10","21.07.2022 7:22:07","21.07.2022 7:22:08"
"SBUR012","61880_10","21.07.2022 7:22:40","21.07.2022 7:22:40"
"SBUR012","61880_10","21.07.2022 7:23:10","21.07.2022 7:23:11"
"SBUR012","61880_10","21.07.2022 7:23:42","21.07.2022 7:23:43"
"SBUR012","61880_10","21.07.2022 7:24:14","21.07.2022 7:24:15"
"SBUR012","61880_2","21.07.2022 7:43:14","21.07.2022 7:43:16"
"VSHAP001","462359_rep_year","14.07.2022 8:43:04","14.07.2022 8:45:25"
"VSHAP001","63051","14.07.2022 8:57:46","14.07.2022 8:59:45"
"VSHAP001","63051","14.07.2022 9:05:26","14.07.2022 9:05:53"
"VSHAP001","61880_8","14.07.2022 9:37:24","14.07.2022 9:37:26"
"VSHAP001","61759_1","14.07.2022 11:41:33","14.07.2022 11:41:34"
"VSHAP001","61880_11_new","14.07.2022 13:28:43","14.07.2022 13:28:46"
"VSHAP001","61880_17_new","14.07.2022 15:06:32","14.07.2022 15:06:35"
"VSHAP001","61880_10","14.07.2022 15:11:35","14.07.2022 15:11:37"
"VSHAP001","61880_10","14.07.2022 15:21:30","14.07.2022 15:21:31"
"SBUR012","61880_2","14.07.2022 7:20:08","14.07.2022 7:20:10"
"SBUR012","61880_2","14.07.2022 7:48:14","14.07.2022 7:48:15"
"SBUR012","61880_2","14.07.2022 8:06:00","14.07.2022 8:06:01"
"SBUR012","61880_2","14.07.2022 8:41:00","14.07.2022 8:41:02"
"VSHAP001","61880_17_new","20.07.2022 12:44:42","20.07.2022 12:44:45"
"VSHAP001","61759_1","20.07.2022 14:39:42","20.07.2022 14:39:43"
"VSHAP001","61880_19","20.07.2022 15:48:14","20.07.2022 15:48:15"
"VSHAP001","61759_1","20.07.2022 16:29:41","20.07.2022 16:29:41"
"ASUSE","63051","19.07.2022 12:37:11","19.07.2022 12:39:18"
"ASUSE","462359_rep_year","19.07.2022 12:40:22","19.07.2022 12:43:02"
"SBUR012","61880_2","21.07.2022 9:13:08","21.07.2022 9:13:09"
"SBUR012","61880_2","21.07.2022 9:22:54","21.07.2022 9:22:56"
"SBUR012","61880_2","21.07.2022 10:33:52","21.07.2022 10:33:54"
"IMOS002","61880_2","21.07.2022 11:10:53","21.07.2022 11:10:55"
"VSHAP001","61880_2","14.07.2022 15:23:44","14.07.2022 15:23:46"
"SBUR012","61880_2","15.07.2022 8:42:19","15.07.2022 8:42:20"
"SBUR012","61880_2","15.07.2022 9:12:00","15.07.2022 9:12:02"
"SBUR012","61880_2","15.07.2022 9:48:21","15.07.2022 9:48:23"
"SBUR012","61880_2","14.07.2022 9:48:27","14.07.2022 9:48:28"
"ASUSE","61880_11_new","14.07.2022 16:03:41","14.07.2022 16:03:44"
"DSTR056","61880_2","15.07.2022 12:50:15","15.07.2022 12:50:17"
"SBUR012","61880_2","18.07.2022 6:37:05","18.07.2022 6:37:07"
"VSHAP001","61880_19","20.07.2022 16:35:49","20.07.2022 16:35:50"
"VSHAP001","61880_17_new","20.07.2022 16:55:37","20.07.2022 16:55:40"
"VSHAP001","61880_17_new","20.07.2022 17:00:25","20.07.2022 17:00:29"
"VSHAP001","61880_17_new","20.07.2022 17:01:01","20.07.2022 17:01:04"
"NCHER","61880_2","22.07.2022 6:28:38","22.07.2022 6:28:40"
"NYAK001","61880_14","22.07.2022 9:46:39","22.07.2022 9:46:41"
"NYAK001","61880_14","22.07.2022 9:52:39","22.07.2022 9:52:42"
"SBUR012","61880_2","15.07.2022 9:49:35","15.07.2022 9:49:36"
"NYAK001","61880_2","20.07.2022 10:00:29","20.07.2022 10:00:31"
"SBUR012","61880-9-all","20.07.2022 15:29:33","20.07.2022 15:29:35"
"SBUR012","61880-9-all","20.07.2022 15:30:42","20.07.2022 15:30:44"
"SBUR012","61880_17","20.07.2022 15:40:13","20.07.2022 15:40:18"
"SBUR012","61880_17","20.07.2022 15:43:44","20.07.2022 15:43:49"
"SBUR012","61880_17","20.07.2022 15:44:34","20.07.2022 15:44:38"
"SBUR012","61880_17","20.07.2022 15:45:11","20.07.2022 15:45:16"
"SBUR012","61880_17","20.07.2022 15:46:07","20.07.2022 15:46:12"
"SBUR012","61880_17","20.07.2022 15:46:52","20.07.2022 15:46:57"
"SBUR012","61880_17","20.07.2022 15:48:22","20.07.2022 15:48:27"
"SBUR012","61880_17","20.07.2022 15:49:12","20.07.2022 15:49:17"
"SBUR012","61880_17","20.07.2022 15:49:55","20.07.2022 15:50:00"
"SBUR012","61880-9-IÀ","20.07.2022 16:12:14","20.07.2022 16:12:17"
"SBUR012","61880-9-IÀ","20.07.2022 16:12:58","20.07.2022 16:13:00"
"SBUR012","61880-9-IÁ","20.07.2022 16:13:44","20.07.2022 16:13:46"
"SBUR012","61880-9-Â","20.07.2022 16:14:19","20.07.2022 16:14:19"
"SBUR012","61880-9-IIÀ","20.07.2022 16:14:31","20.07.2022 16:14:32"
"SBUR012","61880-9-IIÁ","20.07.2022 16:14:49","20.07.2022 16:14:51"
"SBUR012","61880-9-III","20.07.2022 16:15:03","20.07.2022 16:15:03"
"SBUR012","61880-9-IÀ","20.07.2022 16:15:40","20.07.2022 16:15:43"
"SBUR012","61880-9-IÁ","20.07.2022 16:16:25","20.07.2022 16:16:27"
"SBUR012","61880-9-Â","20.07.2022 16:17:00","20.07.2022 16:17:00"
"SBUR012","61880-9-Â","20.07.2022 16:17:03","20.07.2022 16:17:03"
"SBUR012","61880-9-IIÀ","20.07.2022 16:17:10","20.07.2022 16:17:11"
"SBUR012","61880-9-IIÁ","20.07.2022 16:17:18","20.07.2022 16:17:20"
"SBUR012","61880-9-III","20.07.2022 16:17:26","20.07.2022 16:17:26"
"SBUR012","61880-9-III","20.07.2022 16:17:31","20.07.2022 16:17:31"
"SBUR012","61880-9-IÀ","20.07.2022 16:17:59","20.07.2022 16:18:01"
"SBUR012","61880-9-IÀ","20.07.2022 16:18:13","20.07.2022 16:18:15"
"SBUR012","61880-9-IÁ","20.07.2022 16:18:56","20.07.2022 16:18:58"
"SBUR012","61880-9-Â","20.07.2022 16:19:32","20.07.2022 16:19:33"
"SBUR012","61880-9-IIÀ","20.07.2022 16:19:39","20.07.2022 16:19:40"
"SBUR012","61880-9-IIÁ","20.07.2022 16:19:46","20.07.2022 16:19:47"
"SBUR012","61880-9-III","20.07.2022 16:19:52","20.07.2022 16:19:52"
"SBUR012","61880_2","18.07.2022 7:43:22","18.07.2022 7:43:24"
"SBUR012","61880_8","18.07.2022 7:59:51","18.07.2022 7:59:53"
"SBUR012","61880-9-all","18.07.2022 8:33:16","18.07.2022 8:33:18"
"SBUR012","61880_2","18.07.2022 9:51:52","18.07.2022 9:51:54"
"VSHAP001","61880_17_new","20.07.2022 17:02:07","20.07.2022 17:02:10"
"VSHAP001","61880_17_new","20.07.2022 17:02:45","20.07.2022 17:02:48"
"VSHAP001","61880_17_new","20.07.2022 17:03:11","20.07.2022 17:03:15"
"NYAK001","61880_14","22.07.2022 9:57:56","22.07.2022 9:57:58"
"NYAK001","61880_14","22.07.2022 10:08:53","22.07.2022 10:08:55"
"NYAK001","61880_14","22.07.2022 10:16:20","22.07.2022 10:16:23"
"SBUR012","61880-9-III","20.07.2022 16:20:02","20.07.2022 16:20:02"
"SBUR012","61880-9-IÀ","20.07.2022 16:20:36","20.07.2022 16:20:39"
"SBUR012","61880-9-IÁ","20.07.2022 16:21:25","20.07.2022 16:21:27"
"SBUR012","61880-9-Â","20.07.2022 16:22:04","20.07.2022 16:22:05"
"SBUR012","61880-9-IIÀ","20.07.2022 16:22:11","20.07.2022 16:22:12"
"SBUR012","61880-9-IIÁ","20.07.2022 16:22:18","20.07.2022 16:22:19"
"SBUR012","61880-9-III","20.07.2022 16:22:26","20.07.2022 16:22:26"
"SBUR012","61880-9-IÀ","20.07.2022 16:23:07","20.07.2022 16:23:14"
"SBUR012","61880-9-IÁ","20.07.2022 16:24:00","20.07.2022 16:24:02"
"SBUR012","61880-9-Â","20.07.2022 16:24:33","20.07.2022 16:24:33"
"SBUR012","61880-9-IIÀ","20.07.2022 16:25:08","20.07.2022 16:25:09"
"SBUR012","61880-9-IIÁ","20.07.2022 16:25:16","20.07.2022 16:25:17"
"SBUR012","61880-9-IIÁ","20.07.2022 16:25:24","20.07.2022 16:25:25"
"SBUR012","61880-9-III","20.07.2022 16:25:32","20.07.2022 16:25:32"
"SBUR012","61880-9-IÀ","20.07.2022 16:26:17","20.07.2022 16:26:20"
"SBUR012","61880-9-IÁ","20.07.2022 16:27:21","20.07.2022 16:27:23"
"SBUR012","61880-9-Â","20.07.2022 16:27:57","20.07.2022 16:27:58"
"SBUR012","61880-9-IIÀ","20.07.2022 16:28:05","20.07.2022 16:28:07"
"SBUR012","61880-9-IIÁ","20.07.2022 16:28:13","20.07.2022 16:28:14"
"SBUR012","61880-9-III","20.07.2022 16:28:24","20.07.2022 16:28:24"
"SBUR012","61880-9-III","20.07.2022 16:28:27","20.07.2022 16:28:27"
"SBUR012","61880-9-IÀ","20.07.2022 16:28:38","20.07.2022 16:28:42"
"SBUR012","61880-9-IÀ","20.07.2022 16:28:50","20.07.2022 16:28:53"
"SBUR012","61880-9-IÁ","20.07.2022 16:29:34","20.07.2022 16:29:36"
"SBUR012","61880-9-Â","20.07.2022 16:30:47","20.07.2022 16:30:47"
"SBUR012","61880-9-IIÀ","20.07.2022 16:30:53","20.07.2022 16:30:55"
"SBUR012","61880-9-IIÁ","20.07.2022 16:31:00","20.07.2022 16:31:02"
"SBUR012","61880-9-III","20.07.2022 16:31:09","20.07.2022 16:31:09"
"SBUR012","61880-9-IÀ","20.07.2022 16:31:46","20.07.2022 16:31:49"
"SBUR012","61880-9-IÁ","20.07.2022 16:32:31","20.07.2022 16:32:32"
"SBUR012","61880-9-Â","20.07.2022 16:33:06","20.07.2022 16:33:07"
"SBUR012","61880-9-IIÀ","20.07.2022 16:33:13","20.07.2022 16:33:15"
"SBUR012","61880-9-IIÁ","20.07.2022 16:33:21","20.07.2022 16:33:22"
"SBUR012","61880-9-III","20.07.2022 16:33:28","20.07.2022 16:33:28"
"SBUR012","61880-9-all","20.07.2022 16:34:25","20.07.2022 16:34:27"
"SBUR012","61880-9-all","20.07.2022 16:48:11","20.07.2022 16:48:13"
"SBUR012","61880-9-all","20.07.2022 16:48:21","20.07.2022 16:48:23"
"SBUR012","61880-9-IÀ","20.07.2022 16:55:29","20.07.2022 16:55:32"
"SBUR012","61880-9-IÁ","20.07.2022 16:56:59","20.07.2022 16:57:00"
"SBUR012","61880-9-Â","20.07.2022 16:57:43","20.07.2022 16:57:44"
"SBUR012","61880-9-IIÀ","20.07.2022 16:57:53","20.07.2022 16:57:55"
"SBUR012","61880-9-IIÁ","20.07.2022 16:58:03","20.07.2022 16:58:05"
"SBUR012","61880-9-III","20.07.2022 16:58:15","20.07.2022 16:58:16"
"SBUR012","61880-9-IÀ","20.07.2022 16:58:51","20.07.2022 16:58:53"
"SBUR012","61880-9-IÁ","20.07.2022 16:59:29","20.07.2022 16:59:30"
"SBUR012","61880-9-Â","20.07.2022 17:00:14","20.07.2022 17:00:14"
"SBUR012","61880-9-IIÀ","20.07.2022 17:00:19","20.07.2022 17:00:21"
"SBUR012","61880-9-IIÁ","20.07.2022 17:00:26","20.07.2022 17:00:27"
"SBUR012","61880-9-III","20.07.2022 17:00:33","20.07.2022 17:00:33"
"SBUR012","61880-9-IÀ","20.07.2022 17:01:07","20.07.2022 17:01:27"
"SBUR012","61880-9-IÁ","20.07.2022 17:02:09","20.07.2022 17:02:10"
"SBUR012","61880-9-Â","20.07.2022 17:02:47","20.07.2022 17:02:47"
"SBUR012","61880-9-IIÀ","20.07.2022 17:02:55","20.07.2022 17:02:56"
"SBUR012","61880-9-IIÁ","20.07.2022 17:03:02","20.07.2022 17:03:03"
"SBUR012","61880-9-III","20.07.2022 17:03:10","20.07.2022 17:03:10"
"SBUR012","61880-9-IÀ","20.07.2022 17:03:45","20.07.2022 17:03:47"
"SBUR012","61880-9-IÁ","20.07.2022 17:04:32","20.07.2022 17:04:34"
"SBUR012","61880-9-Â","20.07.2022 17:05:16","20.07.2022 17:05:16"
"SBUR012","61880-9-Â","20.07.2022 17:05:18","20.07.2022 17:05:18"
"SBUR012","61880-9-IIÀ","20.07.2022 17:05:25","20.07.2022 17:05:26"
"SBUR012","61880-9-IIÁ","20.07.2022 17:05:33","20.07.2022 17:05:34"
"SBUR012","61880-9-III","20.07.2022 17:05:42","20.07.2022 17:05:42"
"SBUR012","61880-9-IÀ","20.07.2022 17:06:17","20.07.2022 17:06:19"
"SBUR012","61880-9-IÁ","20.07.2022 17:06:56","20.07.2022 17:06:58"
"SBUR012","61880-9-Â","20.07.2022 17:07:28","20.07.2022 17:07:28"
"SBUR012","61880-9-IIÀ","20.07.2022 17:07:34","20.07.2022 17:07:35"
"SBUR012","61880-9-IIÁ","20.07.2022 17:07:42","20.07.2022 17:07:43"
"SBUR012","61880-9-III","20.07.2022 17:07:50","20.07.2022 17:07:50"
"SBUR012","61880-9-IÀ","20.07.2022 17:08:24","20.07.2022 17:08:27"
"SBUR012","61880-9-IÁ","20.07.2022 17:09:07","20.07.2022 17:09:09"
"SBUR012","61880-9-Â","20.07.2022 17:09:46","20.07.2022 17:09:46"
"SBUR012","61880-9-IIÀ","20.07.2022 17:09:55","20.07.2022 17:09:56"
"SBUR012","61880-9-IIÁ","20.07.2022 17:10:23","20.07.2022 17:10:24"
"SBUR012","61880-9-III","20.07.2022 17:10:32","20.07.2022 17:10:32"
"SBUR012","61880-9-III","20.07.2022 17:10:36","20.07.2022 17:10:36"
"SBUR012","61880-9-IÀ","20.07.2022 17:11:14","20.07.2022 17:11:16"
"SBUR012","61880-9-IÁ","20.07.2022 17:11:55","20.07.2022 17:11:56"
"SBUR012","61880-9-Â","20.07.2022 17:12:36","20.07.2022 17:12:36"
"SBUR012","61880-9-IIÀ","20.07.2022 17:12:42","20.07.2022 17:12:44"
"SBUR012","61880-9-IIÁ","20.07.2022 17:12:53","20.07.2022 17:12:54"
"SBUR012","61880-9-III","20.07.2022 17:12:59","20.07.2022 17:12:59"
"SBUR012","61880-9-III","20.07.2022 17:13:01","20.07.2022 17:13:01"
"SBUR012","61880_17_new","20.07.2022 17:14:59","20.07.2022 17:15:02"
"AKAN671","462353","15.07.2022 8:12:23","15.07.2022 8:12:27"
"AKAN671","61880_7","15.07.2022 8:15:26","15.07.2022 8:15:27"
"AKAN671","462359_rep","15.07.2022 8:17:21","15.07.2022 8:19:51"
"SBUR012","61880_2","18.07.2022 10:02:53","18.07.2022 10:02:55"
"SBUR012","61880_20","18.07.2022 11:47:11","18.07.2022 11:47:12"
"SBUR012","61880_2","19.07.2022 6:32:58","19.07.2022 6:33:00"
"VSHAP001","61880_1","19.07.2022 7:01:56","19.07.2022 7:01:58"
"SBUR012","61880_2","15.07.2022 6:56:25","15.07.2022 6:56:27"
"SBUR012","61880_2","15.07.2022 7:26:29","15.07.2022 7:26:30"
"VSHAP001","61880_17_new","20.07.2022 17:03:41","20.07.2022 17:03:44"
"VSHAP001","61880_17_new","20.07.2022 17:04:11","20.07.2022 17:04:14"
"NYAK001","61880_14","22.07.2022 10:31:52","22.07.2022 10:31:54"
"NYAK001","61880_10","22.07.2022 13:12:15","22.07.2022 13:12:16"
"NYAK001","61880_10","22.07.2022 13:13:59","22.07.2022 13:14:00"
"NYAK001","61880_10","22.07.2022 13:15:31","22.07.2022 13:15:31"
"NYAK001","61880_10","22.07.2022 13:18:47","22.07.2022 13:18:47"
"NYAK001","61880_10","22.07.2022 13:31:29","22.07.2022 13:31:30"
"NYAK001","61880_10","22.07.2022 13:41:13","22.07.2022 13:41:13"
"IMOS002","61880_2","22.07.2022 14:09:54","22.07.2022 14:09:56"
"IMOS002","61880_2","22.07.2022 14:11:16","22.07.2022 14:11:17"
"IMOS002","61880_2","13.07.2022 9:29:18","13.07.2022 9:29:20"
"IMOS002","61880_2","13.07.2022 9:32:19","13.07.2022 9:32:21"
"IMOS002","61880_2","13.07.2022 9:38:18","13.07.2022 9:38:20"
"IMOS002","61880_2","13.07.2022 9:40:21","13.07.2022 9:40:23"
"VSHAP001","61880_1","19.07.2022 7:02:40","19.07.2022 7:02:42"
"VSHAP001","61880_1","19.07.2022 7:12:55","19.07.2022 7:12:57"
"VSHAP001","61880_1","19.07.2022 7:13:06","19.07.2022 7:13:08"
"SBUR012","61880_2","19.07.2022 7:41:06","19.07.2022 7:41:07"
"VSHAP001","61880_12","13.07.2022 20:42:34","13.07.2022 20:42:41"
"VSHAP001","61880_17_new","20.07.2022 17:04:38","20.07.2022 17:04:41"
"VSHAP001","61880_17_new","20.07.2022 17:05:07","20.07.2022 17:05:11"
"VSHAP001","61880_17_new","20.07.2022 17:05:35","20.07.2022 17:05:38"
"IMOS002","61880_2","22.07.2022 14:11:58","22.07.2022 14:12:00"
"IMOS002","61880_2","22.07.2022 14:12:55","22.07.2022 14:12:57"
"IMOS002","61880_2","22.07.2022 14:37:19","22.07.2022 14:37:20"
"YUDOR001","61759_1","22.07.2022 14:41:01","22.07.2022 14:41:02"
"SBUR012","61880_17_new","20.07.2022 17:17:16","20.07.2022 17:17:19"
"SBUR012","61880_17_new","20.07.2022 17:18:38","20.07.2022 17:18:41"
"SBUR012","61880_17_new","20.07.2022 17:19:15","20.07.2022 17:19:18"
"SBUR012","61880_2","19.07.2022 8:23:26","19.07.2022 8:23:27"
"SBUR012","61880_2","19.07.2022 11:01:09","19.07.2022 11:01:10"
"SBUR012","61880_10","19.07.2022 11:04:12","19.07.2022 11:04:13"
"SBUR012","61880_10","19.07.2022 11:07:09","19.07.2022 11:07:09"
"SBUR012","61880_10","19.07.2022 11:07:58","19.07.2022 11:07:58"
"SBUR012","61880_8","19.07.2022 11:15:33","19.07.2022 11:15:35"
"SBUR012","61880_19","19.07.2022 11:17:37","19.07.2022 11:17:39"
"VSHAP001","61880_17_new","20.07.2022 17:06:03","20.07.2022 17:06:06"
"VSHAP001","61880_2","20.07.2022 17:23:10","20.07.2022 17:23:11"
"VSHAP001","462359_rep_year","20.07.2022 17:31:06","20.07.2022 17:33:54"
"VSHAP001","63051","20.07.2022 17:38:57","20.07.2022 17:41:11"
"VSHAP001","61880-9-all","20.07.2022 17:42:57","20.07.2022 17:43:02"
"VSHAP001","61880_1","20.07.2022 17:49:20","20.07.2022 17:49:23"
"VSHAP001","61880_10","20.07.2022 17:50:52","20.07.2022 17:50:53"
"VSHAP001","61880_10","20.07.2022 17:51:41","20.07.2022 17:51:42"
"VSHAP001","61880_10","20.07.2022 17:54:01","20.07.2022 17:54:02"
"VSHAP001","61880_10","20.07.2022 17:56:25","20.07.2022 17:56:26"
"VSHAP001","61880_10","20.07.2022 17:57:19","20.07.2022 17:57:20"
"VSHAP001","61880_10","20.07.2022 18:02:46","20.07.2022 18:02:48"
"VSHAP001","61880_10","20.07.2022 18:03:15","20.07.2022 18:03:16"
"VSHAP001","61880_10","20.07.2022 18:06:22","20.07.2022 18:06:24"
"VSHAP001","61880_10","20.07.2022 18:06:50","20.07.2022 18:06:51"
"VSHAP001","61880_10","20.07.2022 18:08:35","20.07.2022 18:08:36"
"VSHAP001","61880_10","20.07.2022 18:09:22","20.07.2022 18:09:23"
"VSHAP001","61880_10","20.07.2022 18:10:04","20.07.2022 18:10:06"
"VSHAP001","61880_10","20.07.2022 18:11:28","20.07.2022 18:11:29"
"VSHAP001","61880_10","20.07.2022 18:12:10","20.07.2022 18:12:11"
"ASUSE","61880_1","19.07.2022 15:14:03","19.07.2022 15:14:05"
"SBUR012","61880_1","19.07.2022 15:46:28","19.07.2022 15:46:30"
"YUDOR001","61880_2","22.07.2022 15:54:50","22.07.2022 15:54:52"
"VSHAP001","61759_1","22.07.2022 16:11:04","22.07.2022 16:11:04"
"YUDOR001","61880_20","22.07.2022 16:12:12","22.07.2022 16:12:13"
"SBUR012","61880_17_new","20.07.2022 17:19:54","20.07.2022 17:19:57"
"SBUR012","61880_17_new","20.07.2022 17:20:36","20.07.2022 17:20:39"
"SBUR012","61880_17_new","20.07.2022 17:21:12","20.07.2022 17:21:15"
"SBUR012","61880_1","19.07.2022 11:21:18","19.07.2022 11:21:21"
"SBUR012","61880_1","19.07.2022 11:22:31","19.07.2022 11:22:33"
"SBUR012","61880_1","19.07.2022 11:30:00","19.07.2022 11:30:03"
"SBUR012","61880_1","19.07.2022 11:30:47","19.07.2022 11:30:49"
"VSHAP001","61880_8","20.07.2022 18:15:52","20.07.2022 18:15:54"
"YUDOR001","61880_17_new","21.07.2022 17:28:29","21.07.2022 17:28:32"
"YUDOR001","61880_17_new","21.07.2022 17:28:57","21.07.2022 17:29:00"
"YUDOR001","61880_17_new","21.07.2022 17:30:46","21.07.2022 17:30:49"
"AKAN671","61880_17_new","19.07.2022 12:52:52","19.07.2022 12:52:55"
"AKAN671","61880_2","19.07.2022 12:55:26","19.07.2022 12:55:28"
"AKAN671","61880_7","19.07.2022 12:58:38","19.07.2022 12:58:38"
"AKAN671","61880_7","19.07.2022 13:05:50","19.07.2022 13:05:50"
"SBUR012","61880_2","20.07.2022 6:34:15","20.07.2022 6:34:16"
"SBUR012","61880_10","20.07.2022 6:43:57","20.07.2022 6:43:58"
"SBUR012","61880_10","20.07.2022 6:50:40","20.07.2022 6:50:41"
"SBUR012","61880_10","20.07.2022 6:51:36","20.07.2022 6:51:37"
"SBUR012","61880_10","20.07.2022 6:52:25","20.07.2022 6:52:26"
"SBUR012","61880_10","20.07.2022 6:53:10","20.07.2022 6:53:10"
"SBUR012","61880_10","20.07.2022 6:54:51","20.07.2022 6:54:52"
"SBUR012","61880_10","20.07.2022 6:55:32","20.07.2022 6:55:32"
"SBUR012","61880_10","20.07.2022 6:56:15","20.07.2022 6:56:16"
"SBUR012","61880_10","20.07.2022 6:56:57","20.07.2022 6:56:58"
"SBUR012","61880_8","20.07.2022 7:13:01","20.07.2022 7:13:03"
"SBUR012","61880_2","20.07.2022 8:24:17","20.07.2022 8:24:19"
"SBUR012","61880_2","20.07.2022 8:42:33","20.07.2022 8:42:35"
"SBUR012","61880_2","19.07.2022 9:00:25","19.07.2022 9:00:27"
"SBUR012","61759_1","19.07.2022 10:15:53","19.07.2022 10:15:54"
"SBUR012","61880_2","19.07.2022 10:30:52","19.07.2022 10:30:54"
"SBUR012","61759_1","19.07.2022 14:32:13","19.07.2022 14:32:14"
"SBUR012","61880_2","15.07.2022 11:02:17","15.07.2022 11:02:19"
"YUDOR001","61880_2","21.07.2022 13:50:23","21.07.2022 13:50:24"
"YUDOR001","61880_17_new","21.07.2022 17:31:17","21.07.2022 17:31:20"
"AKAN671","61880_7","19.07.2022 13:06:30","19.07.2022 13:06:30"
"ASUSE","61880_17","21.07.2022 12:12:58","21.07.2022 12:13:03"
"ASUSE","61880_17_new","21.07.2022 12:13:17","21.07.2022 12:13:20"
"ASUSE","61880_19","21.07.2022 13:38:36","21.07.2022 13:38:38"
"SBUR012","61880_2","20.07.2022 9:21:16","20.07.2022 9:21:18"
"SBUR012","61880_2","20.07.2022 9:32:31","20.07.2022 9:32:33"
"SBUR012","61880-9-all","20.07.2022 9:53:39","20.07.2022 9:53:40"
"SBUR012","61880_17","20.07.2022 9:58:04","20.07.2022 9:58:09"
"SBUR012","61880_17_new","20.07.2022 9:58:32","20.07.2022 9:58:35"
"SBUR012","61880_10","20.07.2022 9:59:53","20.07.2022 9:59:54"
"SBUR012","61880_2","19.07.2022 15:05:09","19.07.2022 15:05:11"
"SBUR012","61880_2","19.07.2022 15:15:51","19.07.2022 15:15:52"
"SBUR012","61880_1","19.07.2022 15:36:45","19.07.2022 15:36:47"
"SBUR012","61759_1","19.07.2022 15:40:38","19.07.2022 15:40:38"
"GBOL056","61880-9-IÀ","19.07.2022 9:24:49","19.07.2022 9:24:52"
"GBOL056","61880-9-IÀ","19.07.2022 9:42:02","19.07.2022 9:42:04"
"GBOL056","61880-9-IÁ","19.07.2022 9:44:59","19.07.2022 9:45:00"
"GBOL056","61880-9-Â","19.07.2022 9:45:51","19.07.2022 9:45:52"
"GBOL056","61880-9-IIÀ","19.07.2022 9:46:15","19.07.2022 9:46:17"
"GBOL056","61880-9-IIÁ","19.07.2022 9:46:40","19.07.2022 9:46:42"
"GBOL056","61880-9-III","19.07.2022 9:47:03","19.07.2022 9:47:04"
"GBOL056","61880-9-IÀ","19.07.2022 9:51:05","19.07.2022 9:51:07"
"GBOL056","61880-9-IÁ","19.07.2022 9:52:50","19.07.2022 9:52:52"
"GBOL056","61880-9-Â","19.07.2022 9:54:25","19.07.2022 9:54:26"
"GBOL056","61880-9-IIÀ","19.07.2022 9:56:32","19.07.2022 9:56:33"
"GBOL056","61880-9-IIÁ","19.07.2022 9:56:47","19.07.2022 9:56:48"
"GBOL056","61880-9-III","19.07.2022 9:57:03","19.07.2022 9:57:04"
"GBOL056","61880_17","19.07.2022 11:44:23","19.07.2022 11:44:28"
"GBOL056","61880_17","19.07.2022 11:45:18","19.07.2022 11:45:23"
"GBOL056","61880_17_new","19.07.2022 11:46:44","19.07.2022 11:46:48"
"GBOL056","61880_17_new","19.07.2022 11:47:34","19.07.2022 11:47:37"
"YUDOR001","61880_17_new","21.07.2022 17:31:48","21.07.2022 17:31:51"
"YUDOR001","61880_17_new","21.07.2022 17:32:22","21.07.2022 17:32:25"
"ASUSE","61880_17","21.07.2022 14:06:07","21.07.2022 14:06:13"
"ASUSE","61880_17_new","21.07.2022 14:06:29","21.07.2022 14:06:32"
"ASUSE","61880_2","21.07.2022 14:53:40","21.07.2022 14:53:41"
"ASUSE","61880_17_new","21.07.2022 16:20:05","21.07.2022 16:20:08"
"SBUR012","61880_2","20.07.2022 10:09:16","20.07.2022 10:09:17"
"SBUR012","61880_2","20.07.2022 10:35:36","20.07.2022 10:35:38"
"SBUR012","61880-9-IÀ","20.07.2022 11:26:11","20.07.2022 11:26:13"
"SBUR012","61880-9-IÁ","20.07.2022 11:27:20","20.07.2022 11:27:22"
"SBUR012","61880-9-Â","20.07.2022 11:27:52","20.07.2022 11:27:52"
"SBUR012","61880-9-Â","20.07.2022 11:27:57","20.07.2022 11:27:57"
"SBUR012","61880-9-IÁ","20.07.2022 11:29:02","20.07.2022 11:29:04"
"SBUR012","61880-9-Â","20.07.2022 11:30:02","20.07.2022 11:30:03"
"SBUR012","61880-9-Â","20.07.2022 11:30:04","20.07.2022 11:30:05"
"SBUR012","61880-9-IIÀ","20.07.2022 11:30:17","20.07.2022 11:30:19"
"SBUR012","61880-9-IIÁ","20.07.2022 11:30:35","20.07.2022 11:30:36"
"SBUR012","61880-9-IIÁ","20.07.2022 11:30:36","20.07.2022 11:30:37"
"SBUR012","61880-9-III","20.07.2022 11:30:50","20.07.2022 11:30:50"
"SBUR012","61880-9-IÀ","20.07.2022 11:31:38","20.07.2022 11:31:40"
"SBUR012","61880-9-Â","20.07.2022 11:32:12","20.07.2022 11:32:13"
"SBUR012","61880-9-IÀ","20.07.2022 11:32:39","20.07.2022 11:32:42"
"SBUR012","61880-9-IÁ","20.07.2022 11:33:33","20.07.2022 11:33:34"
"SBUR012","61880-9-Â","20.07.2022 11:34:10","20.07.2022 11:34:10"
"SBUR012","61880-9-IIÀ","20.07.2022 11:34:53","20.07.2022 11:34:54"
"SBUR012","61880-9-IIÁ","20.07.2022 11:35:03","20.07.2022 11:35:04"
"SBUR012","61880-9-III","20.07.2022 11:35:12","20.07.2022 11:35:12"
"SBUR012","61880_17","20.07.2022 11:42:15","20.07.2022 11:42:20"
"SBUR012","61880_17","20.07.2022 11:43:01","20.07.2022 11:43:05"
"SBUR012","61880_17","20.07.2022 11:43:44","20.07.2022 11:43:49"
"SBUR012","61880_2","20.07.2022 12:07:00","20.07.2022 12:07:01"
"SBUR012","61880_10","20.07.2022 12:14:15","20.07.2022 12:14:16"
"SBUR012","61880_10","20.07.2022 12:16:13","20.07.2022 12:16:14"
"SBUR012","61880_10","20.07.2022 12:17:06","20.07.2022 12:17:07"
"SBUR012","61880_10","20.07.2022 12:17:39","20.07.2022 12:17:40"
"SBUR012","61880_10","20.07.2022 12:18:14","20.07.2022 12:18:15"
"SBUR012","61880_10","20.07.2022 12:19:05","20.07.2022 12:19:06"
"SBUR012","61880_10","20.07.2022 12:19:39","20.07.2022 12:19:40"
"SBUR012","61880_10","20.07.2022 12:20:22","20.07.2022 12:20:23"
"SBUR012","61880_10","20.07.2022 12:20:57","20.07.2022 12:20:58"
"SBUR012","61880_1","19.07.2022 15:42:14","19.07.2022 15:42:17"
"SBUR012","61880_20","19.07.2022 15:44:56","19.07.2022 15:44:57"
"SBUR012","61880-9-IIÀ","20.07.2022 18:13:10","20.07.2022 18:13:12"
"SBUR012","61880-9-IIÁ","20.07.2022 18:13:18","20.07.2022 18:13:20"
"SBUR012","61880-9-III","20.07.2022 18:13:26","20.07.2022 18:13:26"
"SBUR012","61880-9-IÀ","20.07.2022 18:14:03","20.07.2022 18:14:06"
"SBUR012","61880-9-IÁ","20.07.2022 18:14:57","20.07.2022 18:14:59"
"SBUR012","61880-9-Â","20.07.2022 18:15:33","20.07.2022 18:15:33"
"SBUR012","61880-9-IIÀ","20.07.2022 18:15:39","20.07.2022 18:15:40"
"SBUR012","61880-9-IIÁ","20.07.2022 18:15:46","20.07.2022 18:15:47"
"SBUR012","61880-9-III","20.07.2022 18:15:52","20.07.2022 18:15:53"
"SBUR012","61880-9-IÀ","20.07.2022 18:16:29","20.07.2022 18:16:32"
"SBUR012","61880-9-IÁ","20.07.2022 18:17:16","20.07.2022 18:17:18"
"SBUR012","61880-9-Â","20.07.2022 18:17:52","20.07.2022 18:17:52"
"SBUR012","61880-9-IIÀ","20.07.2022 18:17:58","20.07.2022 18:17:59"
"SBUR012","61880-9-IIÁ","20.07.2022 18:18:04","20.07.2022 18:18:06"
"SBUR012","61880-9-III","20.07.2022 18:18:13","20.07.2022 18:18:13"
"SBUR012","61880-9-IÀ","20.07.2022 18:18:45","20.07.2022 18:19:16"
"SBUR012","61880-9-IÁ","20.07.2022 18:20:05","20.07.2022 18:20:06"
"SBUR012","61880-9-IÁ","20.07.2022 18:20:11","20.07.2022 18:20:12"
"SBUR012","61880-9-Â","20.07.2022 18:20:48","20.07.2022 18:20:48"
"SBUR012","61880-9-IIÀ","20.07.2022 18:20:59","20.07.2022 18:21:00"
"SBUR012","61880-9-IIÁ","20.07.2022 18:21:05","20.07.2022 18:21:07"
"SBUR012","61880-9-III","20.07.2022 18:21:13","20.07.2022 18:21:14"
"SBUR012","61880-9-IÀ","20.07.2022 18:21:45","20.07.2022 18:21:48"
"SBUR012","61880-9-IÁ","20.07.2022 18:22:36","20.07.2022 18:22:39"
"SBUR012","61880-9-Â","20.07.2022 18:23:12","20.07.2022 18:23:12"
"SBUR012","61880-9-IIÀ","20.07.2022 18:23:19","20.07.2022 18:23:20"
"SBUR012","61880-9-IIÁ","20.07.2022 18:23:27","20.07.2022 18:23:28"
"SBUR012","61880-9-III","20.07.2022 18:23:36","20.07.2022 18:23:36"
"ASUSE","462353","20.07.2022 20:19:13","20.07.2022 20:19:14"
"ASUSE","462353","20.07.2022 20:19:27","20.07.2022 20:19:31"
"ASUSE","462353","20.07.2022 20:21:04","20.07.2022 20:21:08"
"ASUSE","462353","20.07.2022 20:21:30","20.07.2022 20:21:34"
"ASUSE","61759_1","20.07.2022 21:06:52","20.07.2022 21:06:53"
"EKAR014","61880_17","21.07.2022 10:02:18","21.07.2022 10:02:23"
"EKAR014","61880_17","21.07.2022 10:09:51","21.07.2022 10:09:55"
"EKAR014","61880_14","21.07.2022 11:59:51","21.07.2022 11:59:53"
"SBUR012","61880_2","18.07.2022 14:06:12","18.07.2022 14:06:14"
"SBUR012","61880_10","18.07.2022 14:08:00","18.07.2022 14:08:01"
"SBUR012","61880_8","18.07.2022 14:25:22","18.07.2022 14:25:25"
"SBUR012","61880_19","18.07.2022 14:29:09","18.07.2022 14:29:10"
"SBUR012","61880_1","18.07.2022 14:33:28","18.07.2022 14:33:31"
"NYAK001","61880_14","23.07.2022 11:47:34","23.07.2022 11:47:36"
"NYAK001","61880_14","23.07.2022 12:02:19","23.07.2022 12:02:22"
"NYAK001","61880_14","23.07.2022 12:03:50","23.07.2022 12:03:52"
"VSHAP001","61880_10","15.07.2022 11:52:10","15.07.2022 11:52:11"
"VSHAP001","61880_8","15.07.2022 11:58:29","15.07.2022 11:58:30"
"NCHER","61880_2","19.07.2022 8:59:26","19.07.2022 8:59:28"
"SBUR012","61880_8","20.07.2022 12:37:27","20.07.2022 12:37:29"
"SBUR012","61880_17_new","20.07.2022 17:21:52","20.07.2022 17:21:55"
"SBUR012","63051","20.07.2022 17:26:29","20.07.2022 17:27:07"
"DSTR056","61880_2","13.07.2022 12:20:02","13.07.2022 12:20:04"
"ASUSE","462359_rep_year","21.07.2022 14:45:44","21.07.2022 14:48:31"
"ASUSE","462359_rep_year","21.07.2022 14:48:47","21.07.2022 14:51:36"
"NYAK001","61880-9-all","21.07.2022 14:52:19","21.07.2022 14:52:20"
"NYAK001","61880-9-III","21.07.2022 14:53:16","21.07.2022 14:53:16"
"NYAK001","61880-9-Â","21.07.2022 14:53:48","21.07.2022 14:53:49"
"NYAK001","61880-9-Â","21.07.2022 14:53:52","21.07.2022 14:53:52"
"NYAK001","61880_14","21.07.2022 14:54:20","21.07.2022 14:54:22"
"ASUSE","462359_rep_year","21.07.2022 15:00:51","21.07.2022 15:03:25"
"ASUSE","462359_rep_year","21.07.2022 15:04:44","21.07.2022 15:07:22"
"ASUSE","462359_rep_year","21.07.2022 15:13:24","21.07.2022 15:16:07"
"ASUSE","462359_rep_year","21.07.2022 15:16:45","21.07.2022 15:19:35"
"ASUSE","462359_rep_year","21.07.2022 15:29:14","21.07.2022 15:32:00"
"ASUSE","462359_rep_year","21.07.2022 16:13:24","21.07.2022 16:16:20"
"ASUSE","462359_rep_year","21.07.2022 16:22:41","21.07.2022 16:25:21"
"ASUSE","462359_rep_year","21.07.2022 16:26:16","21.07.2022 16:29:15"
"ASUSE","462359_rep_year","21.07.2022 16:30:44","21.07.2022 16:33:24"
"ASUSE","462359_rep_year","21.07.2022 16:35:13","21.07.2022 16:37:54"
"ASUSE","462359_rep_year","21.07.2022 16:45:07","21.07.2022 16:47:44"
"ASUSE","462359_rep_year","21.07.2022 16:48:30","21.07.2022 16:51:13"
"ASUSE","61880-9-NEW","21.07.2022 21:25:42","21.07.2022 21:25:43"
"ASUSE","61880-9-NEW","21.07.2022 21:26:59","21.07.2022 21:28:24"
"SBUR012","61880_2","22.07.2022 8:45:35","22.07.2022 8:45:37"
"SBUR012","61880_2","18.07.2022 15:14:25","18.07.2022 15:14:27"
"VSHAP001","61880_1","19.07.2022 15:43:39","19.07.2022 15:43:41"
"VSHAP001","61880_2","21.07.2022 6:24:30","21.07.2022 6:24:33"
"VSHAP001","61880_17","21.07.2022 10:36:58","21.07.2022 10:37:03"
"NYAK001","61880_14","23.07.2022 12:06:03","23.07.2022 12:06:06"
"VSHAP001","61880_19","25.07.2022 6:27:39","25.07.2022 6:27:41"
"VSHAP001","63051","25.07.2022 6:58:16","25.07.2022 7:00:19"
"SBUR012","61880-9-all","25.07.2022 7:13:29","25.07.2022 7:13:32"
"SBUR012","61880_17_new","25.07.2022 7:21:29","25.07.2022 7:21:32"
"SBUR012","61880_2","25.07.2022 7:38:17","25.07.2022 7:38:19"
"DSTR056","61880_2","14.07.2022 10:18:15","14.07.2022 10:18:17"
"SBUR012","61880_14","20.07.2022 17:27:53","20.07.2022 17:27:55"
"SBUR012","61880_2","20.07.2022 17:38:50","20.07.2022 17:38:51"
"SBUR012","61880_10","20.07.2022 17:40:12","20.07.2022 17:40:13"
"SBUR012","61880_10","20.07.2022 17:42:40","20.07.2022 17:42:41"
"SBUR012","61880_10","20.07.2022 17:43:28","20.07.2022 17:43:29"
"SBUR012","61880_10","20.07.2022 17:44:09","20.07.2022 17:44:10"
"SBUR012","61880_10","20.07.2022 17:44:42","20.07.2022 17:44:43"
"SBUR012","61880_10","20.07.2022 17:45:30","20.07.2022 17:45:31"
"SBUR012","61880_10","20.07.2022 17:46:04","20.07.2022 17:46:05"
"SBUR012","61880_10","20.07.2022 17:46:41","20.07.2022 17:46:42"
"SBUR012","61880_2","22.07.2022 10:27:13","22.07.2022 10:27:15"
"SBUR012","61880_2","22.07.2022 10:39:35","22.07.2022 10:39:36"
"SBUR012","61880_10","22.07.2022 10:42:32","22.07.2022 10:42:33"
"SBUR012","61880_10","22.07.2022 10:47:25","22.07.2022 10:47:26"
"SBUR012","61880_10","22.07.2022 10:48:49","22.07.2022 10:48:50"
"SBUR012","61880_10","22.07.2022 10:49:26","22.07.2022 10:49:27"
"SBUR012","61880_10","22.07.2022 10:50:04","22.07.2022 10:50:05"
"SBUR012","61880_10","22.07.2022 10:50:37","22.07.2022 10:50:38"
"SBUR012","61880_10","22.07.2022 10:51:13","22.07.2022 10:51:14"
"SBUR012","61880_10","22.07.2022 10:51:46","22.07.2022 10:51:47"
"SBUR012","61880_10","22.07.2022 10:52:21","22.07.2022 10:52:22"
"SBUR012","61880_10","22.07.2022 10:52:54","22.07.2022 10:52:55"
"SBUR012","61880_10","22.07.2022 10:53:27","22.07.2022 10:53:28"
"SBUR012","61880_10","22.07.2022 10:54:00","22.07.2022 10:54:02"
"SBUR012","61880_10","22.07.2022 10:54:31","22.07.2022 10:54:32"
"SBUR012","61880_10","22.07.2022 10:55:05","22.07.2022 10:55:06"
"SBUR012","61880_10","22.07.2022 10:55:39","22.07.2022 10:55:40"
"SBUR012","61880_10","22.07.2022 10:56:09","22.07.2022 10:56:10"
"SBUR012","61880_10","22.07.2022 10:56:46","22.07.2022 10:56:47"
"SBUR012","61880_10","22.07.2022 10:57:17","22.07.2022 10:57:18"
"SBUR012","61880_10","22.07.2022 10:57:48","22.07.2022 10:57:49"
"SBUR012","61880_10","22.07.2022 10:58:33","22.07.2022 10:58:34"
"SBUR012","61880_10","22.07.2022 10:59:03","22.07.2022 10:59:04"
"SBUR012","61880_10","22.07.2022 10:59:36","22.07.2022 10:59:37"
"SBUR012","61880_8","22.07.2022 11:01:06","22.07.2022 11:01:08"
"VSHAP001","61880_17_new","21.07.2022 12:56:05","21.07.2022 12:56:09"
"VSHAP001","61880_17_new","21.07.2022 13:01:15","21.07.2022 13:01:18"
"YUDOR001","61759_1","21.07.2022 19:16:06","21.07.2022 19:16:07"
"YUDOR001","61880_19","21.07.2022 23:37:15","21.07.2022 23:37:17"
"YUDOR001","61880_20","21.07.2022 23:38:23","21.07.2022 23:38:24"
"SBUR012","61880_2","25.07.2022 7:40:38","25.07.2022 7:40:39"
"SBUR012","61880_2","25.07.2022 7:43:41","25.07.2022 7:43:42"
"SBUR012","61880_2","25.07.2022 7:45:30","25.07.2022 7:45:32"
"NCHER","61880_2","25.07.2022 8:26:33","25.07.2022 8:26:34"
"NCHER","61880_2","14.07.2022 9:04:20","14.07.2022 9:04:22"
"IMOS002","61880_2","19.07.2022 15:40:25","19.07.2022 15:40:27"
"SBUR012","61880_8","20.07.2022 17:50:37","20.07.2022 17:50:39"
"SBUR012","61880_1","20.07.2022 17:52:11","20.07.2022 17:52:13"
"SBUR012","61880-9-all","20.07.2022 17:55:40","20.07.2022 17:55:45"
"SBUR012","61880-9-IÀ","20.07.2022 17:56:42","20.07.2022 17:56:45"
"SBUR012","61880-9-IÁ","20.07.2022 17:57:25","20.07.2022 17:57:26"
"SBUR012","61880-9-Â","20.07.2022 17:58:08","20.07.2022 17:58:08"
"SBUR012","61880-9-IIÀ","20.07.2022 17:58:19","20.07.2022 17:58:21"
"SBUR012","61880-9-IIÁ","20.07.2022 17:58:31","20.07.2022 17:58:32"
"SBUR012","61880-9-III","20.07.2022 17:58:40","20.07.2022 17:58:40"
"SBUR012","61880-9-III","20.07.2022 17:58:55","20.07.2022 17:58:55"
"SBUR012","61880-9-IÀ","20.07.2022 17:59:29","20.07.2022 17:59:32"
"SBUR012","61880-9-IÁ","20.07.2022 18:00:09","20.07.2022 18:00:11"
"SBUR012","61880-9-Â","20.07.2022 18:00:41","20.07.2022 18:00:41"
"SBUR012","61880-9-IIÀ","20.07.2022 18:00:47","20.07.2022 18:00:49"
"SBUR012","61880-9-IIÁ","20.07.2022 18:00:54","20.07.2022 18:00:55"
"SBUR012","61880-9-III","20.07.2022 18:01:00","20.07.2022 18:01:01"
"SBUR012","61880-9-IÀ","20.07.2022 18:01:46","20.07.2022 18:01:49"
"SBUR012","61880-9-IÁ","20.07.2022 18:02:32","20.07.2022 18:02:33"
"SBUR012","61880-9-Â","20.07.2022 18:03:10","20.07.2022 18:03:10"
"SBUR012","61880-9-IIÀ","20.07.2022 18:03:18","20.07.2022 18:03:19"
"SBUR012","61880-9-IIÁ","20.07.2022 18:03:25","20.07.2022 18:03:27"
"SBUR012","61880-9-III","20.07.2022 18:03:33","20.07.2022 18:03:33"
"SBUR012","61880-9-IÀ","20.07.2022 18:04:05","20.07.2022 18:04:09"
"SBUR012","61880-9-IÁ","20.07.2022 18:04:49","20.07.2022 18:04:51"
"SBUR012","61880-9-Â","20.07.2022 18:05:23","20.07.2022 18:05:23"
"SBUR012","61880-9-IIÀ","20.07.2022 18:05:28","20.07.2022 18:05:30"
"SBUR012","61880-9-IIÁ","20.07.2022 18:05:36","20.07.2022 18:05:38"
"SBUR012","61880-9-III","20.07.2022 18:05:44","20.07.2022 18:05:44"
"SBUR012","61880-9-IÀ","20.07.2022 18:06:17","20.07.2022 18:06:21"
"SBUR012","61880-9-IÁ","20.07.2022 18:07:09","20.07.2022 18:07:11"
"SBUR012","61880-9-Â","20.07.2022 18:07:44","20.07.2022 18:07:44"
"SBUR012","61880-9-IIÀ","20.07.2022 18:07:50","20.07.2022 18:07:52"
"SBUR012","61880-9-IIÁ","20.07.2022 18:07:58","20.07.2022 18:07:59"
"SBUR012","61880-9-III","20.07.2022 18:08:05","20.07.2022 18:08:05"
"SBUR012","61880-9-IÀ","20.07.2022 18:08:40","20.07.2022 18:08:51"
"SBUR012","61880-9-IÁ","20.07.2022 18:09:30","20.07.2022 18:09:32"
"SBUR012","61880-9-Â","20.07.2022 18:10:07","20.07.2022 18:10:07"
"SBUR012","61880-9-IIÀ","20.07.2022 18:10:13","20.07.2022 18:10:14"
"SBUR012","61880-9-IIÁ","20.07.2022 18:10:21","20.07.2022 18:10:23"
"SBUR012","61880-9-III","20.07.2022 18:10:29","20.07.2022 18:10:30"
"SBUR012","61880-9-IÀ","20.07.2022 18:11:05","20.07.2022 18:11:08"
"SBUR012","61880-9-IÁ","20.07.2022 18:11:53","20.07.2022 18:11:55"
"SBUR012","61880-9-Â","20.07.2022 18:13:03","20.07.2022 18:13:04"
"VSHAP001","61880_17","25.07.2022 11:22:22","25.07.2022 11:22:28"
"VSHAP001","61880_17","25.07.2022 12:00:34","25.07.2022 12:00:39"
"VSHAP001","61880-9-NEW","25.07.2022 14:13:17","25.07.2022 14:13:18"
"VSHAP001","61880-9-all","25.07.2022 14:15:02","25.07.2022 14:15:04"
"VSHAP001","61880-9-IÀ","25.07.2022 14:21:33","25.07.2022 14:21:35"
"VSHAP001","61880-9-IÁ","25.07.2022 14:22:12","25.07.2022 14:22:13"
"VSHAP001","61880-9-Â","25.07.2022 14:22:51","25.07.2022 14:22:51"
"VSHAP001","61880-9-IIÀ","25.07.2022 14:23:05","25.07.2022 14:23:06"
"VSHAP001","61880-9-IIÁ","25.07.2022 14:23:17","25.07.2022 14:23:18"
"VSHAP001","61880-9-III","25.07.2022 14:23:27","25.07.2022 14:23:27"
"VSHAP001","61880-9-III","25.07.2022 14:23:28","25.07.2022 14:23:29"
"VSHAP001","61880-9-IÀ","25.07.2022 14:41:41","25.07.2022 14:41:47"
"VSHAP001","61880-9-IÁ","25.07.2022 14:43:35","25.07.2022 14:43:37"
"VSHAP001","61880-9-IIÀ","25.07.2022 14:44:22","25.07.2022 14:44:24"
"VSHAP001","61880-9-IIÁ","25.07.2022 14:44:31","25.07.2022 14:44:32"
"VSHAP001","61880-9-III","25.07.2022 14:44:39","25.07.2022 14:44:39"
"VSHAP001","61880-9-IÀ","25.07.2022 15:09:23","25.07.2022 15:09:30"
"VSHAP001","61880-9-IÀ","25.07.2022 15:25:12","25.07.2022 15:25:17"
"VSHAP001","61880-9-IÁ","25.07.2022 15:27:21","25.07.2022 15:27:23"
"VSHAP001","61880-9-IIÀ","25.07.2022 15:28:21","25.07.2022 15:28:22"
"VSHAP001","61880-9-IIÁ","25.07.2022 15:28:39","25.07.2022 15:28:40"
"VSHAP001","61880-9-III","25.07.2022 15:28:50","25.07.2022 15:28:50"
"VSHAP001","61880-9-III","25.07.2022 15:34:02","25.07.2022 15:34:02"
"NYAK001","61880_14","26.07.2022 8:23:59","26.07.2022 8:24:01"
"ASUSE","61880-9-all","25.07.2022 12:52:59","25.07.2022 12:53:02"
"ASUSE","61880_17_new","25.07.2022 13:32:10","25.07.2022 13:32:13"
"ASUSE","61880_17","25.07.2022 13:33:27","25.07.2022 13:33:32"
"ASUSE","61880-9-NEW","25.07.2022 18:30:26","25.07.2022 18:30:27"
"VSHAP001","61880_2","01.08.2022 13:27:45","01.08.2022 13:27:46"
"VSHAP001","61880_2","01.08.2022 14:05:38","01.08.2022 14:05:40"
"VSHAP001","61880-9-IÁ","01.08.2022 14:54:49","01.08.2022 14:54:50"
"VSHAP001","61880_2","05.08.2022 7:34:26","05.08.2022 7:34:28"
"VSHAP001","61880_2","05.08.2022 8:11:46","05.08.2022 8:11:47"
"VSHAP001","61880_19","05.08.2022 11:56:01","05.08.2022 11:56:03"
"VSHAP001","61880_17_new","05.08.2022 12:28:17","05.08.2022 12:28:28"
"NCHER","61880_2","27.07.2022 17:18:28","27.07.2022 17:18:30"
"SBUR012","61880_2","29.07.2022 7:31:48","29.07.2022 7:31:49"
"SBUR012","61880_2","29.07.2022 7:47:46","29.07.2022 7:47:48"
"SBUR012","61880_2","29.07.2022 7:51:43","29.07.2022 7:51:44"
"ASUSE","63051","05.08.2022 9:58:55","05.08.2022 10:00:19"
"ASUSE","63051","05.08.2022 10:02:57","05.08.2022 10:04:16"
"ASUSE","63051","05.08.2022 10:05:19","05.08.2022 10:06:40"
"SBUR012","61880_2","08.08.2022 6:37:28","08.08.2022 6:37:30"
"SBUR012","61880_2","08.08.2022 7:38:55","08.08.2022 7:38:57"
"SBUR012","61880_2","08.08.2022 7:58:20","08.08.2022 7:58:22"
"GBOL056","61880_17","25.07.2022 14:27:06","25.07.2022 14:27:12"
"GBOL056","61880_17_new","25.07.2022 14:29:27","25.07.2022 14:29:30"
"SBUR012","61880_2","28.07.2022 7:55:39","28.07.2022 7:55:40"
"SBUR012","61880_2","28.07.2022 8:37:05","28.07.2022 8:37:07"
"SBUR012","61880_2","28.07.2022 9:07:44","28.07.2022 9:07:45"
"VSHAP001","61880_2","27.07.2022 13:27:37","27.07.2022 13:27:38"
"VSHAP001","61880_2","27.07.2022 15:12:47","27.07.2022 15:12:49"
"EKAR014","61880-9-NEW","05.08.2022 10:44:48","05.08.2022 10:44:53"
"EKAR014","61880-9-NEW","05.08.2022 10:58:43","05.08.2022 10:58:48"
"EKAR014","61880-9-NEW","05.08.2022 11:07:53","05.08.2022 11:07:59"
"VSHAP001","61880_17_new","05.08.2022 13:02:45","05.08.2022 13:02:48"
"VSHAP001","61880-9-all","05.08.2022 13:04:45","05.08.2022 13:04:46"
"NSYS002","61880_8","27.07.2022 9:46:27","27.07.2022 9:46:29"
"NSYS002","61880_8","27.07.2022 11:59:56","27.07.2022 11:59:57"
"SBUR012","61880_2","29.07.2022 7:56:14","29.07.2022 7:56:16"
"SBUR012","61880_2","29.07.2022 8:21:03","29.07.2022 8:21:05"
"SBUR012","61880_2","08.08.2022 8:23:21","08.08.2022 8:23:23"
"SBUR012","61880_2","08.08.2022 9:04:45","08.08.2022 9:04:47"
"VSHAP001","61880_2","11.08.2022 10:02:21","11.08.2022 10:02:23"
"SBUR012","63051","11.08.2022 11:41:54","11.08.2022 11:42:43"
"SBUR012","61880_2","27.07.2022 7:27:14","27.07.2022 7:27:15"
"SBUR012","61880_2","27.07.2022 9:33:54","27.07.2022 9:33:55"
"SBUR012","61880_2","27.07.2022 9:57:59","27.07.2022 9:58:00"
"SBUR012","61880_2","27.07.2022 9:58:27","27.07.2022 9:58:28"
"SBUR012","61880_2","29.07.2022 9:33:25","29.07.2022 9:33:27"
"SBUR012","61880_2","29.07.2022 9:44:26","29.07.2022 9:44:27"
"SBUR012","61880_2","29.07.2022 10:27:46","29.07.2022 10:27:48"
"SBUR012","61880_2","29.07.2022 11:31:51","29.07.2022 11:31:53"
"SBUR012","61880_2","29.07.2022 9:00:56","29.07.2022 9:00:57"
"SBUR012","61880_2","29.07.2022 13:05:39","29.07.2022 13:05:40"
"SBUR012","61880_2","01.08.2022 6:33:53","01.08.2022 6:33:55"
"SBUR012","61880_2","01.08.2022 6:42:21","01.08.2022 6:42:22"
"NCHER","61880_2","11.08.2022 13:50:13","11.08.2022 13:50:15"
"VSHAP001","61880_17","11.08.2022 14:28:29","11.08.2022 14:28:35"
"GBOL056","61880_17","12.08.2022 7:18:41","12.08.2022 7:18:47"
"GBOL056","61880_17_new","12.08.2022 7:20:56","12.08.2022 7:20:59"
"SBUR012","61880_2","27.07.2022 10:06:58","27.07.2022 10:07:00"
"SBUR012","61880_2","27.07.2022 12:16:03","27.07.2022 12:16:04"
"IMOS002","61880_2","27.07.2022 12:48:34","27.07.2022 12:48:35"
"IMOS002","61880_2","27.07.2022 13:00:08","27.07.2022 13:00:10"
"SBUR012","61880_2","29.07.2022 12:34:39","29.07.2022 12:34:40"
"SBUR012","61880_2","29.07.2022 12:38:16","29.07.2022 12:38:18"
"SBUR012","61880_2","29.07.2022 12:54:18","29.07.2022 12:54:19"
"AKAN671","61880-9-NEW","04.08.2022 9:32:48","04.08.2022 9:32:50"
"VSHAP001","61880_14","05.08.2022 13:06:26","05.08.2022 13:06:26"
"IMOS002","61880_2","29.07.2022 15:47:56","29.07.2022 15:47:57"
"SBUR012","61880_2","01.08.2022 6:44:28","01.08.2022 6:44:29"
"SBUR012","61880_2","01.08.2022 7:49:54","01.08.2022 7:49:55"
"SBUR012","61880_2","01.08.2022 7:55:25","01.08.2022 7:55:26"
"IGRI056","61880_2","01.08.2022 12:35:02","01.08.2022 12:35:03"
"SBUR012","61880_2","12.08.2022 7:38:11","12.08.2022 7:38:14"
"VSHAP001","61880_2","12.08.2022 9:56:47","12.08.2022 9:56:49"
"IMOS002","61880_2","27.07.2022 13:11:42","27.07.2022 13:11:44"
"IMOS002","61880_2","27.07.2022 13:33:57","27.07.2022 13:33:59"
"SBUR012","61880_2","27.07.2022 13:45:17","27.07.2022 13:45:19"
"SBUR012","61880_2","27.07.2022 14:31:55","27.07.2022 14:31:57"
"YUDOR001","61880-9-NEW","04.08.2022 6:34:51","04.08.2022 6:34:55"
"VSHAP001","61880_17_new","05.08.2022 13:12:29","05.08.2022 13:12:40"
"VSHAP001","61880_2","05.08.2022 13:59:19","05.08.2022 13:59:21"
"YUDOR001","462359_rep_year","09.08.2022 11:45:09","09.08.2022 11:48:05"
"ASUSE","61880_19","09.08.2022 15:32:07","09.08.2022 15:32:09"
"ASUSE","61880_19","09.08.2022 15:33:01","09.08.2022 15:33:03"
"SBUR012","61880_2","01.08.2022 7:57:26","01.08.2022 7:57:27"
"SBUR012","61880_2","01.08.2022 7:58:23","01.08.2022 7:58:25"
"SBUR012","61880_2","01.08.2022 7:59:11","01.08.2022 7:59:13"
"SBUR012","61880_2","01.08.2022 8:15:19","01.08.2022 8:15:20"
"VSHAP001","61880_17","12.08.2022 10:42:25","12.08.2022 10:42:30"
"VSHAP001","61880_17","12.08.2022 10:43:08","12.08.2022 10:43:13"
"VSHAP001","61880_17","12.08.2022 10:44:39","12.08.2022 10:44:44"
"SBUR012","61880-9-all","12.08.2022 10:45:17","12.08.2022 10:45:18"
"VSHAP001","61880_17","12.08.2022 10:54:04","12.08.2022 10:54:09"
"VSHAP001","61880_17","12.08.2022 10:59:25","12.08.2022 10:59:30"
"VSHAP001","61880_17","12.08.2022 11:16:29","12.08.2022 11:16:34"
"SBUR012","61880_2","12.08.2022 12:08:53","12.08.2022 12:08:54"
"VSHAP001","61880_17_new","12.08.2022 12:09:35","12.08.2022 12:09:38"
"IMOS002","61880_2","27.07.2022 14:37:03","27.07.2022 14:37:05"
"SBUR012","61880_2","27.07.2022 14:51:23","27.07.2022 14:51:25"
"SBUR012","61880_2","27.07.2022 14:51:54","27.07.2022 14:51:56"
"IMOS002","61880_2","27.07.2022 15:26:51","27.07.2022 15:26:52"
"VSHAP001","61880_2","10.08.2022 7:47:31","10.08.2022 7:47:33"
"VSHAP001","61880_2","10.08.2022 7:59:09","10.08.2022 7:59:10"
"SBUR012","61880_2","10.08.2022 7:59:48","10.08.2022 7:59:50"
"SBUR012","61880_2","01.08.2022 8:24:41","01.08.2022 8:24:43"
"SBUR012","61880_2","01.08.2022 8:52:25","01.08.2022 8:52:27"
"SBUR012","61880_2","01.08.2022 10:11:35","01.08.2022 10:11:37"
"SBUR012","61880_2","01.08.2022 12:41:44","01.08.2022 12:41:45"
"ASUSE","61880-9-III","01.08.2022 13:20:20","01.08.2022 13:20:20"
"ASUSE","61880-9-III","01.08.2022 13:20:47","01.08.2022 13:20:47"
"ASUSE","61880-9-III","01.08.2022 13:21:46","01.08.2022 13:21:46"
"ASUSE","61880-9-all","01.08.2022 13:22:23","01.08.2022 13:22:24"
"SBUR012","61880_2","03.08.2022 7:41:54","03.08.2022 7:41:56"
"SBUR012","61880_2","03.08.2022 9:25:36","03.08.2022 9:25:37"
"SBUR012","61880_2","03.08.2022 9:33:10","03.08.2022 9:33:12"
"YUDOR001","61880_2","27.07.2022 12:57:16","27.07.2022 12:57:17"
"IMOS002","61880_2","27.07.2022 15:41:24","27.07.2022 15:41:26"
"IMOS002","61880_2","27.07.2022 16:14:43","27.07.2022 16:14:45"
"SBUR012","61880_2","28.07.2022 9:11:41","28.07.2022 9:11:42"
"OKOK006","462359_rep_year","08.08.2022 16:18:03","08.08.2022 16:21:14"
"VSHAP001","61880_2","10.08.2022 8:19:45","10.08.2022 8:19:47"
"SBUR012","61880_2","10.08.2022 8:33:53","10.08.2022 8:33:54"
"VSHAP001","61880_2","10.08.2022 8:35:15","10.08.2022 8:35:17"
"SBUR012","61880_2","01.08.2022 12:42:22","01.08.2022 12:42:23"
"SBUR012","61880_2","01.08.2022 13:45:32","01.08.2022 13:45:34"
"SBUR012","61880_2","01.08.2022 14:00:42","01.08.2022 14:00:43"
"SBUR012","61880_2","01.08.2022 14:29:51","01.08.2022 14:29:53"
"IMOS002","61880_2","03.08.2022 9:47:45","03.08.2022 9:47:47"
"SBUR012","61880_2","03.08.2022 9:55:59","03.08.2022 9:56:01"
"SBUR012","61880_2","03.08.2022 10:28:59","03.08.2022 10:29:01"
"SBUR012","61880_2","28.07.2022 9:42:15","28.07.2022 9:42:17"
"SBUR012","61880_2","28.07.2022 10:03:45","28.07.2022 10:03:46"
"SBUR012","61880-9-IÀ","28.07.2022 10:27:04","28.07.2022 10:27:05"
"SBUR012","61880-9-IÀ","28.07.2022 10:27:44","28.07.2022 10:27:46"
"SBUR012","61880-9-IÁ","28.07.2022 10:28:42","28.07.2022 10:28:43"
"SBUR012","61880-9-IÁ","28.07.2022 10:29:14","28.07.2022 10:29:15"
"SBUR012","61880-9-Â","28.07.2022 10:29:53","28.07.2022 10:29:54"
"SBUR012","61880-9-Â","28.07.2022 10:30:27","28.07.2022 10:30:27"
"SBUR012","61880-9-IIÀ","28.07.2022 10:30:44","28.07.2022 10:30:45"
"SBUR012","61880-9-IIÀ","28.07.2022 10:30:51","28.07.2022 10:30:53"
"SBUR012","61880-9-IIÁ","28.07.2022 10:31:02","28.07.2022 10:31:03"
"SBUR012","61880-9-IIÁ","28.07.2022 10:31:07","28.07.2022 10:31:08"
"SBUR012","61880-9-III","28.07.2022 10:31:22","28.07.2022 10:31:22"
"SBUR012","61880-9-III","28.07.2022 10:31:54","28.07.2022 10:31:54"
"SBUR012","61880-9-III","28.07.2022 10:31:56","28.07.2022 10:31:56"
"SBUR012","61880-9-IÀ","28.07.2022 10:33:45","28.07.2022 10:33:46"
"SBUR012","61880-9-IÀ","28.07.2022 10:34:23","28.07.2022 10:34:25"
"SBUR012","61880-9-IÀ","28.07.2022 10:34:56","28.07.2022 10:34:58"
"SBUR012","61880-9-IÀ","28.07.2022 10:35:34","28.07.2022 10:35:36"
"SBUR012","61880-9-IÀ","28.07.2022 10:36:10","28.07.2022 10:36:16"
"SBUR012","61880_2","28.07.2022 11:03:38","28.07.2022 11:03:40"
"SBUR012","61880_17","28.07.2022 11:20:23","28.07.2022 11:20:28"
"SBUR012","61880_17","28.07.2022 11:21:02","28.07.2022 11:21:07"
"SBUR012","61880-9-IÀ","28.07.2022 11:23:06","28.07.2022 11:23:07"
"SBUR012","61880-9-IÀ","28.07.2022 11:23:42","28.07.2022 11:23:45"
"SBUR012","61880-9-IÀ","28.07.2022 11:24:33","28.07.2022 11:24:35"
"SBUR012","61880-9-IÁ","28.07.2022 11:25:54","28.07.2022 11:25:55"
"SBUR012","61880-9-IÁ","28.07.2022 11:26:29","28.07.2022 11:26:31"
"SBUR012","61880-9-IÁ","28.07.2022 11:27:01","28.07.2022 11:27:03"
"SBUR012","61880-9-IÁ","28.07.2022 11:27:39","28.07.2022 11:27:40"
"SBUR012","61880-9-IÁ","28.07.2022 11:28:15","28.07.2022 11:28:17"
"SBUR012","61880-9-IÁ","28.07.2022 11:28:48","28.07.2022 11:28:49"
"SBUR012","61880-9-IÁ","28.07.2022 11:29:22","28.07.2022 11:29:24"
"SBUR012","61880-9-IÁ","28.07.2022 11:30:43","28.07.2022 11:30:44"
"SBUR012","61880-9-Â","28.07.2022 11:31:24","28.07.2022 11:31:25"
"SBUR012","61880-9-Â","28.07.2022 11:31:31","28.07.2022 11:31:31"
"SBUR012","61880-9-Â","28.07.2022 11:31:35","28.07.2022 11:31:36"
"SBUR012","61880-9-Â","28.07.2022 11:31:42","28.07.2022 11:31:42"
"SBUR012","61880-9-Â","28.07.2022 11:32:43","28.07.2022 11:32:43"
"VSHAP001","61880_2","10.08.2022 8:36:49","10.08.2022 8:36:51"
"SBUR012","61880_2","10.08.2022 8:47:08","10.08.2022 8:47:10"
"VSHAP001","61880_2","10.08.2022 8:48:55","10.08.2022 8:48:57"
"ASUSE","61880-9-NEW","01.08.2022 13:37:06","01.08.2022 13:37:07"
"IMOS002","61880_2","02.08.2022 10:37:18","02.08.2022 10:37:20"
"IMOS002","61880_2","02.08.2022 10:49:32","02.08.2022 10:49:34"
"IMOS002","61880_2","02.08.2022 11:13:04","02.08.2022 11:13:05"
"IMOS002","61880_2","02.08.2022 11:14:24","02.08.2022 11:14:25"
"SBUR012","61880_2","03.08.2022 13:19:31","03.08.2022 13:19:33"
"VSHAP001","61880_2","04.08.2022 8:46:38","04.08.2022 8:46:40"
"VSHAP001","61880_2","04.08.2022 9:36:48","04.08.2022 9:36:49"
"ASUSE","462353","09.08.2022 15:53:39","09.08.2022 15:53:43"
"SBUR012","61880-9-Â","28.07.2022 11:32:47","28.07.2022 11:32:48"
"SBUR012","61880-9-Â","28.07.2022 11:33:20","28.07.2022 11:33:20"
"SBUR012","61880-9-Â","28.07.2022 11:33:26","28.07.2022 11:33:26"
"SBUR012","61880-9-Â","28.07.2022 11:33:32","28.07.2022 11:33:32"
"SBUR012","61880-9-IIÀ","28.07.2022 11:33:46","28.07.2022 11:33:47"
"SBUR012","61880-9-IIÀ","28.07.2022 11:33:52","28.07.2022 11:33:53"
"SBUR012","61880-9-IIÀ","28.07.2022 11:34:02","28.07.2022 11:34:04"
"SBUR012","61880-9-IIÀ","28.07.2022 11:34:08","28.07.2022 11:34:09"
"SBUR012","61880-9-IIÀ","28.07.2022 11:34:13","28.07.2022 11:34:14"
"SBUR012","61880-9-IIÀ","28.07.2022 11:34:19","28.07.2022 11:34:21"
"SBUR012","61880-9-IIÀ","28.07.2022 11:34:26","28.07.2022 11:34:27"
"SBUR012","61880-9-IIÀ","28.07.2022 11:34:32","28.07.2022 11:34:33"
"SBUR012","61880-9-IIÁ","28.07.2022 11:34:46","28.07.2022 11:34:48"
"SBUR012","61880-9-IIÁ","28.07.2022 11:34:54","28.07.2022 11:34:55"
"SBUR012","61880-9-IIÁ","28.07.2022 11:34:59","28.07.2022 11:35:01"
"SBUR012","61880-9-IIÁ","28.07.2022 11:35:05","28.07.2022 11:35:06"
"SBUR012","61880-9-IIÁ","28.07.2022 11:35:11","28.07.2022 11:35:13"
"SBUR012","61880-9-IIÁ","28.07.2022 11:35:18","28.07.2022 11:35:19"
"SBUR012","61880-9-IIÁ","28.07.2022 11:35:28","28.07.2022 11:35:29"
"SBUR012","61880-9-IIÁ","28.07.2022 11:35:34","28.07.2022 11:35:36"
"SBUR012","61880-9-III","28.07.2022 11:35:46","28.07.2022 11:35:47"
"SBUR012","61880-9-III","28.07.2022 11:36:20","28.07.2022 11:36:21"
"SBUR012","61880-9-III","28.07.2022 11:36:29","28.07.2022 11:36:29"
"SBUR012","61880-9-III","28.07.2022 11:36:59","28.07.2022 11:36:59"
"SBUR012","61880-9-III","28.07.2022 11:37:29","28.07.2022 11:37:29"
"SBUR012","61880-9-III","28.07.2022 11:38:01","28.07.2022 11:38:01"
"SBUR012","61880-9-III","28.07.2022 11:38:07","28.07.2022 11:38:07"
"SBUR012","61880-9-III","28.07.2022 11:38:38","28.07.2022 11:38:38"
"SBUR012","61880_17","28.07.2022 11:40:23","28.07.2022 11:40:27"
"SBUR012","61880_17","28.07.2022 11:41:04","28.07.2022 11:41:09"
"SBUR012","61880_17","28.07.2022 11:41:38","28.07.2022 11:41:44"
"SBUR012","61880_17","28.07.2022 11:42:13","28.07.2022 11:42:18"
"SBUR012","61880_17","28.07.2022 11:42:48","28.07.2022 11:42:53"
"SBUR012","61880_17","28.07.2022 11:43:22","28.07.2022 11:43:27"
"SBUR012","61880_17","28.07.2022 11:43:56","28.07.2022 11:44:01"
"SBUR012","61880_17","28.07.2022 11:44:30","28.07.2022 11:44:35"
"SBUR012","61880-9-IÀ","28.07.2022 11:59:56","28.07.2022 11:59:58"
"SBUR012","61880-9-IÀ","28.07.2022 12:00:34","28.07.2022 12:00:36"
"SBUR012","61880-9-IÀ","28.07.2022 12:01:08","28.07.2022 12:01:10"
"SBUR012","61880-9-IÀ","28.07.2022 12:07:11","28.07.2022 12:07:17"
"SBUR012","61880-9-IÀ","28.07.2022 12:12:27","28.07.2022 12:12:28"
"SBUR012","61880-9-IÀ","28.07.2022 12:13:03","28.07.2022 12:13:04"
"SBUR012","61880-9-IÀ","28.07.2022 12:13:35","28.07.2022 12:13:37"
"SBUR012","61880-9-IÀ","28.07.2022 12:14:08","28.07.2022 12:14:14"
"SBUR012","61880-9-IÀ","28.07.2022 12:14:59","28.07.2022 12:15:01"
"SBUR012","61880-9-IÀ","28.07.2022 12:15:46","28.07.2022 12:15:48"
"SBUR012","61880-9-IÀ","28.07.2022 12:16:32","28.07.2022 12:16:33"
"SBUR012","61880-9-IÀ","28.07.2022 12:17:12","28.07.2022 12:17:14"
"SBUR012","61880-9-IÀ","28.07.2022 12:17:51","28.07.2022 12:17:52"
"SBUR012","61880-9-IÀ","28.07.2022 12:18:33","28.07.2022 12:18:35"
"SBUR012","61880-9-IÀ","28.07.2022 12:19:12","28.07.2022 12:19:14"
"SBUR012","61880-9-IÀ","28.07.2022 12:19:45","28.07.2022 12:19:47"
"SBUR012","61880-9-IÀ","28.07.2022 12:20:23","28.07.2022 12:20:25"
"SBUR012","61880-9-IÀ","28.07.2022 12:21:21","28.07.2022 12:21:26"
"SBUR012","61880-9-IÀ","28.07.2022 12:21:34","28.07.2022 12:21:38"
"SBUR012","61880-9-IÀ","28.07.2022 12:22:14","28.07.2022 12:22:15"
"SBUR012","61880-9-IÀ","28.07.2022 12:23:07","28.07.2022 12:23:09"
"SBUR012","61880-9-IÀ","28.07.2022 12:23:57","28.07.2022 12:23:58"
"SBUR012","61880-9-IÀ","28.07.2022 12:24:42","28.07.2022 12:24:44"
"SBUR012","61880-9-IÀ","28.07.2022 12:25:23","28.07.2022 12:25:25"
"SBUR012","61880-9-IÁ","28.07.2022 12:31:38","28.07.2022 12:31:39"
"SBUR012","61880-9-IÁ","28.07.2022 12:31:54","28.07.2022 12:31:55"
"SBUR012","61880-9-IÁ","28.07.2022 12:32:26","28.07.2022 12:32:27"
"SBUR012","61880-9-IÁ","28.07.2022 12:33:01","28.07.2022 12:33:02"
"SBUR012","61880-9-IÁ","28.07.2022 12:33:40","28.07.2022 12:33:42"
"SBUR012","61880-9-IÁ","28.07.2022 12:34:14","28.07.2022 12:34:16"
"SBUR012","61880-9-IÁ","28.07.2022 12:34:48","28.07.2022 12:34:49"
"SBUR012","61880-9-IÁ","28.07.2022 12:35:45","28.07.2022 12:35:47"
"SBUR012","61880-9-IÁ","28.07.2022 12:36:20","28.07.2022 12:36:22"
"SBUR012","61880-9-IÁ","28.07.2022 12:37:08","28.07.2022 12:37:09"
"SBUR012","61880-9-IÁ","28.07.2022 12:37:50","28.07.2022 12:37:51"
"SBUR012","61880-9-IÁ","28.07.2022 12:38:20","28.07.2022 12:38:21"
"SBUR012","61880-9-IÁ","28.07.2022 12:38:53","28.07.2022 12:38:55"
"SBUR012","61880-9-IÁ","28.07.2022 12:39:28","28.07.2022 12:39:30"
"SBUR012","61880-9-IÁ","28.07.2022 12:39:37","28.07.2022 12:39:38"
"SBUR012","61880-9-IÁ","28.07.2022 12:40:09","28.07.2022 12:40:10"
"SBUR012","61880-9-IÁ","28.07.2022 12:40:43","28.07.2022 12:40:45"
"SBUR012","61880-9-IÁ","28.07.2022 12:41:15","28.07.2022 12:41:16"
"SBUR012","61880-9-IÁ","28.07.2022 12:41:57","28.07.2022 12:41:59"
"SBUR012","61880-9-IÁ","28.07.2022 12:42:35","28.07.2022 12:42:36"
"SBUR012","61880-9-IÁ","28.07.2022 12:43:08","28.07.2022 12:43:09"
"SBUR012","61880-9-IÁ","28.07.2022 12:43:46","28.07.2022 12:43:47"
"SBUR012","61880-9-IÁ","28.07.2022 12:44:28","28.07.2022 12:44:29"
"SBUR012","61880-9-Â","28.07.2022 12:45:14","28.07.2022 12:45:14"
"SBUR012","61880-9-Â","28.07.2022 12:45:19","28.07.2022 12:45:20"
"SBUR012","61880-9-Â","28.07.2022 12:45:29","28.07.2022 12:45:29"
"SBUR012","61880-9-Â","28.07.2022 12:45:34","28.07.2022 12:45:34"
"SBUR012","61880-9-Â","28.07.2022 12:45:39","28.07.2022 12:45:40"
"SBUR012","61880-9-Â","28.07.2022 12:45:45","28.07.2022 12:45:45"
"SBUR012","61880-9-Â","28.07.2022 12:45:51","28.07.2022 12:45:51"
"SBUR012","61880-9-Â","28.07.2022 12:45:57","28.07.2022 12:45:57"
"SBUR012","61880-9-Â","28.07.2022 12:46:03","28.07.2022 12:46:03"
"SBUR012","61880-9-Â","28.07.2022 12:46:10","28.07.2022 12:46:10"
"SBUR012","61880-9-Â","28.07.2022 12:46:16","28.07.2022 12:46:17"
"SBUR012","61880-9-Â","28.07.2022 12:46:23","28.07.2022 12:46:24"
"SBUR012","61880-9-Â","28.07.2022 12:46:29","28.07.2022 12:46:29"
"SBUR012","61880-9-Â","28.07.2022 12:46:35","28.07.2022 12:46:35"
"SBUR012","61880-9-Â","28.07.2022 12:46:40","28.07.2022 12:46:41"
"SBUR012","61880-9-Â","28.07.2022 12:46:46","28.07.2022 12:46:47"
"SBUR012","61880-9-Â","28.07.2022 12:47:20","28.07.2022 12:47:20"
"SBUR012","61880-9-Â","28.07.2022 12:47:25","28.07.2022 12:47:26"
"SBUR012","61880-9-Â","28.07.2022 12:47:32","28.07.2022 12:47:32"
"SBUR012","61880-9-Â","28.07.2022 12:47:37","28.07.2022 12:47:37"
"SBUR012","61880-9-Â","28.07.2022 12:47:42","28.07.2022 12:47:43"
"SBUR012","61880-9-IIÀ","28.07.2022 12:47:54","28.07.2022 12:47:55"
"SBUR012","61880-9-IIÀ","28.07.2022 12:48:01","28.07.2022 12:48:02"
"SBUR012","61880-9-IIÀ","28.07.2022 12:48:07","28.07.2022 12:48:08"
"SBUR012","61880-9-IIÀ","28.07.2022 12:48:13","28.07.2022 12:48:14"
"SBUR012","61880-9-IIÀ","28.07.2022 12:48:19","28.07.2022 12:48:20"
"SBUR012","61880-9-IIÀ","28.07.2022 12:48:24","28.07.2022 12:48:26"
"SBUR012","61880-9-IIÀ","28.07.2022 12:48:31","28.07.2022 12:48:32"
"SBUR012","61880-9-IIÀ","28.07.2022 12:48:42","28.07.2022 12:48:43"
"SBUR012","61880-9-IIÀ","28.07.2022 12:48:47","28.07.2022 12:48:49"
"SBUR012","61880-9-IIÀ","28.07.2022 12:48:54","28.07.2022 12:48:55"
"SBUR012","61880-9-IIÀ","28.07.2022 12:49:00","28.07.2022 12:49:01"
"SBUR012","61880-9-IIÀ","28.07.2022 12:49:07","28.07.2022 12:49:08"
"SBUR012","61880-9-IIÀ","28.07.2022 12:49:14","28.07.2022 12:49:15"
"SBUR012","61880-9-IIÀ","28.07.2022 12:49:21","28.07.2022 12:49:22"
"SBUR012","61880-9-IIÀ","28.07.2022 12:49:27","28.07.2022 12:49:28"
"SBUR012","61880-9-IIÀ","28.07.2022 12:49:33","28.07.2022 12:49:34"
"SBUR012","61880-9-IIÀ","28.07.2022 12:49:40","28.07.2022 12:49:41"
"SBUR012","61880-9-IIÀ","28.07.2022 12:49:45","28.07.2022 12:49:47"
"SBUR012","61880-9-IIÀ","28.07.2022 12:49:51","28.07.2022 12:49:53"
"SBUR012","61880-9-IIÀ","28.07.2022 12:49:58","28.07.2022 12:49:59"
"SBUR012","61880-9-IIÀ","28.07.2022 12:50:05","28.07.2022 12:50:06"
"SBUR012","61880-9-IIÁ","28.07.2022 12:50:19","28.07.2022 12:50:20"
"SBUR012","61880-9-IIÁ","28.07.2022 12:50:25","28.07.2022 12:50:26"
"SBUR012","61880-9-IIÁ","28.07.2022 12:50:31","28.07.2022 12:50:32"
"SBUR012","61880-9-IIÁ","28.07.2022 12:50:37","28.07.2022 12:50:38"
"ASUSE","462359_rep_year","09.08.2022 13:03:03","09.08.2022 13:06:12"
"ASUSE","462359_rep_year","09.08.2022 13:06:27","09.08.2022 13:09:31"
"SBUR012","61880_17","10.08.2022 9:12:33","10.08.2022 9:12:38"
"SBUR012","61880_17","10.08.2022 9:13:55","10.08.2022 9:14:00"
"VSHAP001","61880_2","10.08.2022 9:18:31","10.08.2022 9:18:32"
"IMOS002","61880_2","02.08.2022 11:14:32","02.08.2022 11:14:34"
"IMOS002","61880_2","02.08.2022 11:18:06","02.08.2022 11:18:08"
"IMOS002","61880_2","02.08.2022 11:18:42","02.08.2022 11:18:43"
"IMOS002","61880_2","02.08.2022 11:22:07","02.08.2022 11:22:08"
"IMOS002","61880_2","02.08.2022 13:10:15","02.08.2022 13:10:17"
"SBUR012","61880_2","12.08.2022 8:18:45","12.08.2022 8:18:47"
"SBUR012","61880_2","12.08.2022 8:28:36","12.08.2022 8:28:37"
"SBUR012","61880_2","12.08.2022 9:04:17","12.08.2022 9:04:19"
"SBUR012","61880-9-IIÁ","28.07.2022 12:50:42","28.07.2022 12:50:44"
"SBUR012","61880-9-IIÁ","28.07.2022 12:50:48","28.07.2022 12:50:50"
"SBUR012","61880-9-IIÁ","28.07.2022 12:50:55","28.07.2022 12:50:56"
"SBUR012","61880-9-IIÁ","28.07.2022 12:51:01","28.07.2022 12:51:02"
"SBUR012","61880-9-IIÁ","28.07.2022 12:51:07","28.07.2022 12:51:08"
"SBUR012","61880-9-IIÁ","28.07.2022 12:51:12","28.07.2022 12:51:14"
"SBUR012","61880-9-IIÁ","28.07.2022 12:51:18","28.07.2022 12:51:19"
"SBUR012","61880-9-IIÁ","28.07.2022 12:51:23","28.07.2022 12:51:25"
"SBUR012","61880-9-IIÁ","28.07.2022 12:51:29","28.07.2022 12:51:30"
"SBUR012","61880-9-IIÁ","28.07.2022 12:51:35","28.07.2022 12:51:36"
"SBUR012","61880-9-IIÁ","28.07.2022 12:51:41","28.07.2022 12:51:42"
"SBUR012","61880-9-IIÁ","28.07.2022 12:51:46","28.07.2022 12:51:47"
"SBUR012","61880-9-IIÁ","28.07.2022 12:51:51","28.07.2022 12:51:52"
"SBUR012","61880-9-IIÁ","28.07.2022 12:51:56","28.07.2022 12:51:57"
"SBUR012","61880-9-IIÁ","28.07.2022 12:52:02","28.07.2022 12:52:03"
"SBUR012","61880-9-IIÁ","28.07.2022 12:52:07","28.07.2022 12:52:09"
"SBUR012","61880-9-IIÁ","28.07.2022 12:52:13","28.07.2022 12:52:14"
"SBUR012","61880-9-III","28.07.2022 12:52:26","28.07.2022 12:52:27"
"SBUR012","61880-9-III","28.07.2022 12:53:01","28.07.2022 12:53:01"
"SBUR012","61880-9-III","28.07.2022 12:53:35","28.07.2022 12:53:35"
"SBUR012","61880-9-III","28.07.2022 12:54:05","28.07.2022 12:54:05"
"SBUR012","61880-9-III","28.07.2022 12:54:37","28.07.2022 12:54:38"
"SBUR012","61880-9-III","28.07.2022 12:55:07","28.07.2022 12:55:07"
"SBUR012","61880-9-III","28.07.2022 12:55:41","28.07.2022 12:55:41"
"SBUR012","61880-9-III","28.07.2022 12:56:11","28.07.2022 12:56:11"
"SBUR012","61880-9-III","28.07.2022 12:56:56","28.07.2022 12:56:56"
"SBUR012","61880-9-III","28.07.2022 12:56:58","28.07.2022 12:56:58"
"SBUR012","61880-9-III","28.07.2022 12:57:04","28.07.2022 12:57:04"
"SBUR012","61880-9-III","28.07.2022 12:57:09","28.07.2022 12:57:09"
"SBUR012","61880-9-III","28.07.2022 12:58:00","28.07.2022 12:58:00"
"SBUR012","61880-9-III","28.07.2022 12:58:06","28.07.2022 12:58:07"
"SBUR012","61880-9-III","28.07.2022 12:58:38","28.07.2022 12:58:39"
"SBUR012","61880-9-III","28.07.2022 12:59:16","28.07.2022 12:59:16"
"SBUR012","61880-9-III","28.07.2022 12:59:46","28.07.2022 12:59:47"
"SBUR012","61880-9-III","28.07.2022 12:59:52","28.07.2022 12:59:52"
"SBUR012","61880-9-III","28.07.2022 13:00:28","28.07.2022 13:00:29"
"SBUR012","61880-9-III","28.07.2022 13:01:06","28.07.2022 13:01:07"
"SBUR012","61880-9-III","28.07.2022 13:01:55","28.07.2022 13:01:55"
"SBUR012","61880-9-III","28.07.2022 13:02:31","28.07.2022 13:02:31"
"SBUR012","61880-9-III","28.07.2022 13:03:10","28.07.2022 13:03:11"
"SBUR012","61880-9-III","28.07.2022 13:03:47","28.07.2022 13:03:47"
"SBUR012","61880_17","28.07.2022 13:04:52","28.07.2022 13:04:56"
"SBUR012","61880_17","28.07.2022 13:05:32","28.07.2022 13:05:37"
"SBUR012","61880_17","28.07.2022 13:06:24","28.07.2022 13:06:28"
"SBUR012","61880_17","28.07.2022 13:07:14","28.07.2022 13:07:19"
"SBUR012","61880_17","28.07.2022 13:07:55","28.07.2022 13:08:00"
"SBUR012","61880_17","28.07.2022 13:08:32","28.07.2022 13:08:37"
"SBUR012","61880_17","28.07.2022 13:09:18","28.07.2022 13:09:24"
"SBUR012","61880_17","28.07.2022 13:09:59","28.07.2022 13:10:04"
"SBUR012","61880_17","28.07.2022 13:10:53","28.07.2022 13:10:57"
"SBUR012","61880_17","28.07.2022 13:11:30","28.07.2022 13:11:34"
"SBUR012","61880_17","28.07.2022 13:12:10","28.07.2022 13:12:14"
"SBUR012","61880_17","28.07.2022 13:12:46","28.07.2022 13:12:51"
"SBUR012","61880_17","28.07.2022 13:13:19","28.07.2022 13:13:24"
"SBUR012","61880_17","28.07.2022 13:14:11","28.07.2022 13:14:16"
"SBUR012","61880_17","28.07.2022 13:14:47","28.07.2022 13:14:51"
"SBUR012","61880_17","28.07.2022 13:15:25","28.07.2022 13:15:30"
"SBUR012","61880_17","28.07.2022 13:16:19","28.07.2022 13:16:24"
"SBUR012","61880_17","28.07.2022 13:16:57","28.07.2022 13:17:02"
"SBUR012","61880_17","28.07.2022 13:17:46","28.07.2022 13:17:50"
"SBUR012","61880_17","28.07.2022 13:18:21","28.07.2022 13:18:26"
"SBUR012","61880_17","28.07.2022 13:18:56","28.07.2022 13:19:01"
"SBUR012","61880_2","28.07.2022 13:32:00","28.07.2022 13:32:02"
"SBUR012","61880_2","28.07.2022 13:46:18","28.07.2022 13:46:20"
"NYAK001","61880_3","03.08.2022 11:11:16","03.08.2022 11:11:17"
"VSHAP001","61880_2","10.08.2022 9:24:27","10.08.2022 9:24:29"
"VSHAP001","61880_19","10.08.2022 9:58:14","10.08.2022 9:58:16"
"SBUR012","61880_2","10.08.2022 10:32:24","10.08.2022 10:32:25"
"NCHER","61880_2","01.08.2022 14:17:12","01.08.2022 14:17:14"
"IMOS002","61880_2","02.08.2022 13:14:42","02.08.2022 13:14:44"
"IMOS002","61880_2","02.08.2022 13:47:20","02.08.2022 13:47:22"
"IMOS002","61880_2","02.08.2022 13:48:56","02.08.2022 13:48:58"
"DBAKH001","61880-9-NEW","03.08.2022 8:59:27","03.08.2022 8:59:29"
"DBAKH001","61880-9-NEW","03.08.2022 9:02:22","03.08.2022 9:02:27"
"ASUSE","462359_rep_year","03.08.2022 14:48:29","03.08.2022 14:51:12"
"VSHAP001","61880_2","12.08.2022 10:34:04","12.08.2022 10:34:06"
"SBUR012","61880_17","12.08.2022 10:34:35","12.08.2022 10:34:40"
"SBUR012","61880-9-IÀ","12.08.2022 10:35:26","12.08.2022 10:35:27"
"SBUR012","61880-9-IÀ","12.08.2022 10:35:46","12.08.2022 10:35:47"
"SBUR012","61880-9-IÀ","12.08.2022 10:35:52","12.08.2022 10:35:53"
"VSHAP001","61880_17","12.08.2022 10:41:08","12.08.2022 10:41:13"
"SBUR012","61880_17","12.08.2022 10:41:52","12.08.2022 10:41:58"
"NSYS002","61880_8","26.07.2022 14:19:45","26.07.2022 14:19:47"
"SBUR012","61880_2","28.07.2022 13:50:12","28.07.2022 13:50:14"
"SBUR012","61880_2","28.07.2022 13:54:49","28.07.2022 13:54:50"
"ASUSE","61880_19","29.07.2022 17:26:29","29.07.2022 17:26:30"
"ASUSE","61880-9-III","01.08.2022 20:44:03","01.08.2022 20:44:03"
"ASUSE","61880-9-III","01.08.2022 20:44:24","01.08.2022 20:44:24"
"ASUSE","61880-9-III","01.08.2022 20:44:30","01.08.2022 20:44:30"
"ASUSE","61880-9-III","01.08.2022 20:44:49","01.08.2022 20:44:49"
"ASUSE","61880-9-NEW","01.08.2022 20:46:17","01.08.2022 20:46:20"
"ASUSE","61880-9-IÀ","01.08.2022 20:53:14","01.08.2022 20:53:23"
"ASUSE","61880-9-IÁ","01.08.2022 20:53:41","01.08.2022 20:53:42"
"ASUSE","61880-9-IÁ","01.08.2022 20:56:48","01.08.2022 20:56:50"
"ASUSE","61880-9-all","01.08.2022 21:03:22","01.08.2022 21:03:24"
"ASUSE","61880-9-NEW","01.08.2022 21:04:40","01.08.2022 21:04:44"
"ASUSE","61880_17","29.07.2022 14:29:51","29.07.2022 14:29:56"
"ASUSE","61880-9-III","29.07.2022 14:33:19","29.07.2022 14:33:19"
"ASUSE","61880-9-III","29.07.2022 14:33:33","29.07.2022 14:33:33"
"ASUSE","61880-9-III","29.07.2022 14:33:47","29.07.2022 14:33:47"
"ASUSE","61880-9-III","29.07.2022 14:33:49","29.07.2022 14:33:49"
"ASUSE","61880-9-III","29.07.2022 14:34:02","29.07.2022 14:34:03"
"ASUSE","61880-9-all","29.07.2022 14:35:42","29.07.2022 14:35:43"
"SBUR012","61880_2","10.08.2022 10:54:20","10.08.2022 10:54:22"
"SBUR012","61880_2","10.08.2022 11:19:35","10.08.2022 11:19:37"
"SBUR012","61880_2","10.08.2022 11:26:19","10.08.2022 11:26:21"
"OKOK006","61880-9-IÀ","02.08.2022 14:17:00","02.08.2022 14:17:37"
"OKOK006","61880_17_new","02.08.2022 14:38:10","02.08.2022 14:38:14"
"ASUSE","63051","05.08.2022 18:05:17","05.08.2022 18:07:26"
"ASUSE","462359_rep_year","05.08.2022 18:10:28","05.08.2022 18:13:12"
"ASUSE","462359_rep_year","05.08.2022 18:28:48","05.08.2022 18:31:37"
"NCHER","61880_2","09.08.2022 15:37:42","09.08.2022 15:37:44"
"SBUR012","61880_2","11.08.2022 7:09:08","11.08.2022 7:09:10"
"YUDOR001","61880_17","25.07.2022 11:22:23","25.07.2022 11:22:28"
"VSHAP001","61880_19","26.07.2022 7:39:43","26.07.2022 7:39:44"
"VSHAP001","61880-9-all","26.07.2022 9:07:06","26.07.2022 9:07:07"
"VSHAP001","61880_17_new","26.07.2022 9:09:19","26.07.2022 9:09:22"
"ASUSE","61880-9-all","01.08.2022 21:06:40","01.08.2022 21:06:42"
"ASUSE","61880-9-IÀ","01.08.2022 21:07:27","01.08.2022 21:07:35"
"ASUSE","61880-9-all","01.08.2022 21:09:35","01.08.2022 21:09:36"
"SBUR012","61880_2","02.08.2022 7:06:32","02.08.2022 7:06:33"
"SBUR012","61880_2","02.08.2022 8:00:50","02.08.2022 8:00:51"
"SBUR012","61880_2","02.08.2022 8:45:58","02.08.2022 8:46:00"
"SBUR012","61880_2","02.08.2022 9:15:11","02.08.2022 9:15:13"
"SBUR012","61880_17","25.07.2022 12:05:52","25.07.2022 12:05:57"
"SBUR012","61880_17","25.07.2022 12:07:02","25.07.2022 12:07:07"
"SBUR012","61880_17","25.07.2022 12:07:44","25.07.2022 12:07:49"
"SBUR012","61880_17","25.07.2022 12:08:30","25.07.2022 12:08:35"
"SBUR012","61880_17","25.07.2022 12:09:10","25.07.2022 12:09:15"
"SBUR012","61880_17","25.07.2022 12:10:04","25.07.2022 12:10:09"
"SBUR012","61880_17","25.07.2022 12:10:42","25.07.2022 12:10:48"
"SBUR012","61880_17","25.07.2022 12:11:23","25.07.2022 12:11:28"
"SBUR012","61880_17","25.07.2022 12:12:10","25.07.2022 12:12:15"
"SBUR012","61880_17","25.07.2022 12:12:46","25.07.2022 12:12:51"
"SBUR012","61880_17","25.07.2022 12:13:28","25.07.2022 12:13:33"
"SBUR012","61880_17","25.07.2022 12:14:27","25.07.2022 12:14:32"
"SBUR012","61880_17","25.07.2022 12:15:03","25.07.2022 12:15:09"
"SBUR012","61880_17","25.07.2022 12:15:44","25.07.2022 12:15:49"
"SBUR012","61880_17","25.07.2022 12:16:25","25.07.2022 12:16:31"
"SBUR012","61880_17","25.07.2022 12:17:10","25.07.2022 12:17:16"
"SBUR012","61880_17","25.07.2022 12:17:52","25.07.2022 12:17:58"
"SBUR012","61880_17","25.07.2022 12:18:36","25.07.2022 12:18:42"
"SBUR012","61880_17","25.07.2022 12:19:15","25.07.2022 12:19:20"
"SBUR012","61880_17","25.07.2022 12:20:01","25.07.2022 12:20:07"
"SBUR012","61880_17","25.07.2022 12:20:37","25.07.2022 12:20:42"
"SBUR012","61880_17","25.07.2022 12:21:25","25.07.2022 12:21:30"
"SBUR012","61880_2","25.07.2022 14:27:43","25.07.2022 14:27:45"
"SBUR012","61880-9-IÀ","25.07.2022 14:32:59","25.07.2022 14:33:02"
"SBUR012","61880-9-IÀ","25.07.2022 14:33:43","25.07.2022 14:33:46"
"SBUR012","61880_2","25.07.2022 14:37:41","25.07.2022 14:37:42"
"SBUR012","61880-9-IÀ","25.07.2022 14:41:22","25.07.2022 14:41:25"
"SBUR012","61880-9-IÀ","25.07.2022 14:43:03","25.07.2022 14:43:06"
"SBUR012","61880-9-IÀ","25.07.2022 14:48:30","25.07.2022 14:48:32"
"SBUR012","61880-9-IÁ","25.07.2022 14:51:39","25.07.2022 14:51:41"
"SBUR012","61880-9-IÁ","25.07.2022 14:52:14","25.07.2022 14:52:15"
"SBUR012","61880-9-IÁ","25.07.2022 14:52:45","25.07.2022 14:52:47"
"SBUR012","61880-9-IÁ","25.07.2022 14:53:33","25.07.2022 14:53:34"
"SBUR012","61880-9-IÁ","25.07.2022 14:54:07","25.07.2022 14:54:09"
"NSYS002","61880_2","29.07.2022 8:34:26","29.07.2022 8:34:28"
"NCHER","61880_2","01.08.2022 17:56:13","01.08.2022 17:56:15"
"GBOL056","61880_17_new","02.08.2022 12:45:30","02.08.2022 12:45:34"
"SBUR012","61880_2","04.08.2022 7:49:45","04.08.2022 7:49:46"
"SBUR012","61880_2","26.07.2022 7:38:53","26.07.2022 7:38:55"
"SBUR012","61880_2","26.07.2022 8:39:21","26.07.2022 8:39:22"
"VSHAP001","61880_17","26.07.2022 9:10:53","26.07.2022 9:10:59"
"SBUR012","61880_2","26.07.2022 10:28:05","26.07.2022 10:28:06"
"SBUR012","61880_2","02.08.2022 11:19:06","02.08.2022 11:19:07"
"SBUR012","61880_2","02.08.2022 12:01:52","02.08.2022 12:01:54"
"SBUR012","61880_2","02.08.2022 12:48:46","02.08.2022 12:48:48"
"SBUR012","61880_2","02.08.2022 13:11:25","02.08.2022 13:11:27"
"SBUR012","61880_2","25.07.2022 14:59:47","25.07.2022 14:59:49"
"SBUR012","61880-9-IÁ","25.07.2022 15:08:08","25.07.2022 15:08:10"
"SBUR012","61880-9-IÁ","25.07.2022 15:08:42","25.07.2022 15:08:43"
"SBUR012","61880-9-IÁ","25.07.2022 15:09:19","25.07.2022 15:09:22"
"SBUR012","61880-9-IÁ","25.07.2022 15:09:54","25.07.2022 15:09:56"
"SBUR012","61880-9-IÁ","25.07.2022 15:10:28","25.07.2022 15:10:30"
"SBUR012","61880-9-IÁ","25.07.2022 15:11:00","25.07.2022 15:11:02"
"SBUR012","61880-9-IÁ","25.07.2022 15:11:33","25.07.2022 15:11:34"
"SBUR012","61880-9-IÁ","25.07.2022 15:12:06","25.07.2022 15:12:07"
"SBUR012","61880-9-IÁ","25.07.2022 15:12:37","25.07.2022 15:12:39"
"SBUR012","61880-9-IÁ","25.07.2022 15:13:10","25.07.2022 15:13:12"
"SBUR012","61880-9-IÁ","25.07.2022 15:13:41","25.07.2022 15:13:43"
"SBUR012","61880-9-IÁ","25.07.2022 15:14:16","25.07.2022 15:14:17"
"SBUR012","61880-9-IÁ","25.07.2022 15:14:49","25.07.2022 15:14:50"
"SBUR012","61880-9-Â","25.07.2022 15:15:30","25.07.2022 15:15:30"
"SBUR012","61880-9-Â","25.07.2022 15:15:39","25.07.2022 15:15:40"
"SBUR012","61880-9-Â","25.07.2022 15:15:45","25.07.2022 15:15:46"
"SBUR012","61880-9-Â","25.07.2022 15:15:58","25.07.2022 15:15:59"
"SBUR012","61880-9-Â","25.07.2022 15:16:04","25.07.2022 15:16:04"
"SBUR012","61880-9-Â","25.07.2022 15:16:11","25.07.2022 15:16:11"
"SBUR012","61880-9-Â","25.07.2022 15:16:17","25.07.2022 15:16:17"
"SBUR012","61880-9-Â","25.07.2022 15:16:23","25.07.2022 15:16:23"
"SBUR012","61880-9-Â","25.07.2022 15:16:31","25.07.2022 15:16:31"
"SBUR012","61880-9-Â","25.07.2022 15:16:37","25.07.2022 15:16:37"
"SBUR012","61880-9-Â","25.07.2022 15:16:43","25.07.2022 15:16:43"
"SBUR012","61880-9-Â","25.07.2022 15:16:48","25.07.2022 15:16:49"
"SBUR012","61880-9-Â","25.07.2022 15:16:53","25.07.2022 15:16:53"
"SBUR012","61880-9-Â","25.07.2022 15:16:58","25.07.2022 15:16:58"
"SBUR012","61880-9-Â","25.07.2022 15:17:04","25.07.2022 15:17:05"
"SBUR012","61880-9-Â","25.07.2022 15:17:10","25.07.2022 15:17:11"
"SBUR012","61880-9-Â","25.07.2022 15:17:16","25.07.2022 15:17:16"
"SBUR012","61880-9-Â","25.07.2022 15:17:21","25.07.2022 15:17:22"
"SBUR012","61880-9-IIÀ","25.07.2022 15:17:38","25.07.2022 15:17:39"
"SBUR012","61880-9-IIÀ","25.07.2022 15:17:46","25.07.2022 15:17:47"
"SBUR012","61880-9-IIÀ","25.07.2022 15:17:54","25.07.2022 15:17:55"
"SBUR012","61880-9-IIÀ","25.07.2022 15:17:59","25.07.2022 15:18:00"
"SBUR012","61880-9-IIÀ","25.07.2022 15:18:05","25.07.2022 15:18:07"
"SBUR012","61880-9-IIÀ","25.07.2022 15:18:12","25.07.2022 15:18:14"
"SBUR012","61880-9-IIÀ","25.07.2022 15:18:18","25.07.2022 15:18:19"
"SBUR012","61880-9-IIÀ","25.07.2022 15:18:27","25.07.2022 15:18:28"
"SBUR012","61880-9-IIÀ","25.07.2022 15:18:33","25.07.2022 15:18:35"
"SBUR012","61880-9-IIÀ","25.07.2022 15:18:39","25.07.2022 15:18:40"
"SBUR012","61880-9-IIÀ","25.07.2022 15:18:46","25.07.2022 15:18:47"
"SBUR012","61880-9-IIÀ","25.07.2022 15:18:52","25.07.2022 15:18:53"
"SBUR012","61880-9-IIÀ","25.07.2022 15:18:57","25.07.2022 15:18:58"
"SBUR012","61880-9-IIÀ","25.07.2022 15:19:02","25.07.2022 15:19:03"
"SBUR012","61880-9-IIÀ","25.07.2022 15:19:08","25.07.2022 15:19:09"
"SBUR012","61880-9-IIÀ","25.07.2022 15:19:16","25.07.2022 15:19:17"
"SBUR012","61880-9-IIÀ","25.07.2022 15:19:23","25.07.2022 15:19:24"
"SBUR012","61880-9-IIÀ","25.07.2022 15:19:29","25.07.2022 15:19:30"
"SBUR012","61880-9-IIÁ","25.07.2022 15:19:40","25.07.2022 15:19:42"
"SBUR012","61880-9-IIÁ","25.07.2022 15:19:47","25.07.2022 15:19:49"
"SBUR012","61880-9-IIÁ","25.07.2022 15:19:54","25.07.2022 15:19:55"
"SBUR012","61880-9-IIÁ","25.07.2022 15:19:59","25.07.2022 15:20:00"
"SBUR012","61880-9-IIÁ","25.07.2022 15:20:05","25.07.2022 15:20:06"
"SBUR012","61880-9-IIÁ","25.07.2022 15:20:11","25.07.2022 15:20:12"
"SBUR012","61880-9-IIÁ","25.07.2022 15:20:17","25.07.2022 15:20:18"
"SBUR012","61880-9-IIÁ","25.07.2022 15:20:22","25.07.2022 15:20:23"
"SBUR012","61880-9-IIÁ","25.07.2022 15:20:28","25.07.2022 15:20:30"
"SBUR012","61880-9-IIÁ","25.07.2022 15:20:33","25.07.2022 15:20:35"
"SBUR012","61880-9-IIÁ","25.07.2022 15:20:40","25.07.2022 15:20:41"
"SBUR012","61880-9-IIÁ","25.07.2022 15:20:45","25.07.2022 15:20:46"
"SBUR012","61880-9-IIÁ","25.07.2022 15:20:50","25.07.2022 15:20:52"
"SBUR012","61880-9-IIÁ","25.07.2022 15:20:56","25.07.2022 15:20:57"
"SBUR012","61880-9-IIÁ","25.07.2022 15:21:02","25.07.2022 15:21:04"
"SBUR012","61880-9-IIÁ","25.07.2022 15:21:10","25.07.2022 15:21:11"
"SBUR012","61880-9-IIÁ","25.07.2022 15:21:15","25.07.2022 15:21:16"
"SBUR012","61880-9-IIÁ","25.07.2022 15:21:20","25.07.2022 15:21:21"
"SBUR012","61880-9-III","25.07.2022 15:21:36","25.07.2022 15:21:36"
"SBUR012","61880-9-III","25.07.2022 15:22:07","25.07.2022 15:22:08"
"SBUR012","61880-9-III","25.07.2022 15:22:38","25.07.2022 15:22:38"
"SBUR012","61880-9-III","25.07.2022 15:23:07","25.07.2022 15:23:08"
"SBUR012","61880-9-III","25.07.2022 15:23:37","25.07.2022 15:23:37"
"SBUR012","61880-9-III","25.07.2022 15:24:07","25.07.2022 15:24:07"
"SBUR012","61880-9-III","25.07.2022 15:24:36","25.07.2022 15:24:36"
"SBUR012","61880-9-III","25.07.2022 15:25:05","25.07.2022 15:25:06"
"SBUR012","61880-9-III","25.07.2022 15:25:36","25.07.2022 15:25:36"
"SBUR012","61880-9-III","25.07.2022 15:26:04","25.07.2022 15:26:04"
"SBUR012","61880-9-III","25.07.2022 15:26:11","25.07.2022 15:26:11"
"SBUR012","61880-9-III","25.07.2022 15:26:17","25.07.2022 15:26:17"
"SBUR012","61880-9-III","25.07.2022 15:26:49","25.07.2022 15:26:49"
"SBUR012","61880-9-III","25.07.2022 15:27:17","25.07.2022 15:27:17"
"SBUR012","61880-9-III","25.07.2022 15:27:47","25.07.2022 15:27:47"
"SBUR012","61880-9-III","25.07.2022 15:27:53","25.07.2022 15:27:54"
"SBUR012","61880-9-III","25.07.2022 15:28:26","25.07.2022 15:28:26"
"SBUR012","61880-9-III","25.07.2022 15:28:58","25.07.2022 15:28:59"
"SBUR012","61880-9-III","25.07.2022 15:29:27","25.07.2022 15:29:28"
"SBUR012","61880-9-III","25.07.2022 15:29:56","25.07.2022 15:29:56"
"SBUR012","61880_2","04.08.2022 10:18:28","04.08.2022 10:18:30"
"SBUR012","61880_2","04.08.2022 11:45:44","04.08.2022 11:45:45"
"SBUR012","61880_2","11.08.2022 9:02:49","11.08.2022 9:02:52"
"SBUR012","61880_2","26.07.2022 12:01:18","26.07.2022 12:01:20"
"SBUR012","61880_2","26.07.2022 12:17:07","26.07.2022 12:17:09"
"SBUR012","61880_2","26.07.2022 15:16:02","26.07.2022 15:16:04"
"IGRI056","61880_2","28.07.2022 10:53:25","28.07.2022 10:53:27"
"ASUSE","61880_17_new","01.08.2022 15:11:49","01.08.2022 15:11:53"
"VSHAP001","61880_2","03.08.2022 7:58:08","03.08.2022 7:58:09"
"YUDOR001","61880-9-NEW","03.08.2022 8:11:09","03.08.2022 8:11:12"
"VSHAP001","61880_2","03.08.2022 9:29:07","03.08.2022 9:29:09"
"AGAB003","61880-9-NEW","03.08.2022 12:12:11","03.08.2022 12:12:19"
"ASUSE","63051","03.08.2022 12:26:50","03.08.2022 12:27:33"
"DBAKH001","61880-9-NEW","04.08.2022 6:00:16","04.08.2022 6:00:21"
"DBAKH001","61880-9-NEW","04.08.2022 6:02:26","04.08.2022 6:02:28"
"DBAKH001","61880-9-NEW","04.08.2022 6:03:04","04.08.2022 6:03:07"
"ASUSE","63051","04.08.2022 11:39:30","04.08.2022 11:39:31"
"ASUSE","63051","04.08.2022 11:39:47","04.08.2022 11:40:10"
"ASUSE","63051","04.08.2022 11:41:34","04.08.2022 11:47:09"
"ASUSE","63051","04.08.2022 13:24:53","04.08.2022 13:25:33"
"ASUSE","63051","04.08.2022 14:17:38","04.08.2022 14:18:17"
"VSHAP001","61880_2","02.08.2022 7:04:15","02.08.2022 7:04:16"
"VSHAP001","61880_2","02.08.2022 8:40:26","02.08.2022 8:40:28"
"VSHAP001","61880_2","02.08.2022 8:42:21","02.08.2022 8:42:23"
"VSHAP001","61880_2","02.08.2022 9:08:41","02.08.2022 9:08:42"
"VSHAP001","61880-9-IÀ","02.08.2022 10:51:38","02.08.2022 10:51:41"
"VSHAP001","61880-9-IÁ","02.08.2022 10:54:55","02.08.2022 10:54:56"
"VSHAP001","61880-9-IÀ","02.08.2022 10:58:24","02.08.2022 10:58:26"
"VSHAP001","61880-9-IÀ","02.08.2022 10:59:11","02.08.2022 10:59:14"
"VSHAP001","61880-9-IÀ","02.08.2022 11:00:17","02.08.2022 11:00:19"
"NYAK001","61880_14","26.07.2022 15:58:05","26.07.2022 15:58:07"
"SBUR012","61880_2","09.08.2022 6:44:08","09.08.2022 6:44:10"
"SBUR012","61880_2","09.08.2022 7:35:33","09.08.2022 7:35:35"
"IGRI056","61880_2","28.07.2022 10:53:44","28.07.2022 10:53:45"
"VSHAP001","61759_1","01.08.2022 7:17:24","01.08.2022 7:17:25"
"VSHAP001","61880_2","01.08.2022 8:04:33","01.08.2022 8:04:34"
"SBUR012","61880_2","05.08.2022 7:51:59","05.08.2022 7:52:01"
"SBUR012","61880_2","05.08.2022 8:51:55","05.08.2022 8:51:56"
"ASUSE","63051","05.08.2022 9:10:09","05.08.2022 9:12:19"
"ASUSE","63051","05.08.2022 9:30:22","05.08.2022 9:32:13"
"ASUSE","63051","05.08.2022 9:34:15","05.08.2022 9:35:43"
"YUDOR001","61880_8","08.08.2022 14:07:18","08.08.2022 14:07:21"
"YUDOR001","61880_1","08.08.2022 14:08:42","08.08.2022 14:08:45"
"YUDOR001","61880_15","02.08.2022 14:04:59","02.08.2022 14:04:59"
"YUDOR001","61880_17_new","02.08.2022 14:38:10","02.08.2022 14:38:14"
"YUDOR001","61880_2","02.08.2022 15:20:29","02.08.2022 15:20:30"
"YUDOR001","61880_10","02.08.2022 15:53:27","02.08.2022 15:53:28"
"ASUSE","63051","05.08.2022 8:46:00","05.08.2022 8:46:40"
"ASUSE","63051","05.08.2022 8:58:02","05.08.2022 8:58:40"
"ASUSE","63051","05.08.2022 8:59:10","05.08.2022 8:59:51"
"ASUSE","462359_rep_year","09.08.2022 12:35:14","09.08.2022 12:38:12"
"SBUR012","61880_2","10.08.2022 12:59:30","10.08.2022 12:59:31"
"SBUR012","61880_2","09.08.2022 7:49:22","09.08.2022 7:49:24"
"SBUR012","61880_2","11.08.2022 9:30:20","11.08.2022 9:30:22"
"VSHAP001","61880_2","11.08.2022 9:37:47","11.08.2022 9:37:49"
"VSHAP001","61880_17","01.08.2022 9:47:37","01.08.2022 9:47:43"
"VSHAP001","61880_17","01.08.2022 9:48:55","01.08.2022 9:49:00"
"VSHAP001","61880_17_new","01.08.2022 9:49:47","01.08.2022 9:49:51"
"YUDOR001","61880_19","08.08.2022 14:09:53","08.08.2022 14:09:54"
"ASUSE","61880_14","09.08.2022 0:48:25","09.08.2022 0:48:26"
"ASUSE","61880_14","09.08.2022 0:49:29","09.08.2022 0:49:30"
"OKOK006","462361","09.08.2022 18:22:24","09.08.2022 18:22:24"
"OKOK006","462361","09.08.2022 18:23:40","09.08.2022 18:23:40"
"OKOK006","462361","09.08.2022 18:35:15","09.08.2022 18:35:15"
"NCHER","61880_2","10.08.2022 20:51:45","10.08.2022 20:51:48"
"NCHER","462359_rep","10.08.2022 20:54:07","10.08.2022 20:57:11"
"NCHER","61880_2","10.08.2022 21:54:19","10.08.2022 21:54:21"
"SBUR012","61880_2","11.08.2022 7:01:05","11.08.2022 7:01:07"
"SBUR012","61880_2","15.08.2022 6:43:13","15.08.2022 6:43:15"
"SBUR012","61880_2","15.08.2022 8:04:53","15.08.2022 8:04:55"
"SBUR012","61880_2","15.08.2022 8:11:37","15.08.2022 8:11:39"
"SBUR012","61880_2","16.08.2022 6:38:25","16.08.2022 6:38:27"
"SBUR012","61880_2","16.08.2022 7:12:17","16.08.2022 7:12:19"
"SBUR012","61880_2","16.08.2022 8:09:46","16.08.2022 8:09:47"
"SBUR012","61880_2","16.08.2022 9:35:01","16.08.2022 9:35:02"
"SBUR012","61880_2","15.08.2022 10:22:39","15.08.2022 10:22:41"
"SBUR012","61880_2","15.08.2022 10:31:14","15.08.2022 10:31:16"
"SBUR012","61880_2","15.08.2022 10:49:08","15.08.2022 10:49:10"
"ASUSE","61880_17_new","17.08.2022 23:30:57","17.08.2022 23:31:03"
"ASUSE","61880_17_new","17.08.2022 23:31:43","17.08.2022 23:31:48"
"ASUSE","61880_14","17.08.2022 23:33:09","17.08.2022 23:33:10"
"SBUR012","61880_2","15.08.2022 10:16:28","15.08.2022 10:16:30"
"YUDOR001","61880_2","18.08.2022 12:52:58","18.08.2022 12:53:00"
"SBUR012","61880_2","18.08.2022 14:31:07","18.08.2022 14:31:09"
"SBUR012","61759_1","18.08.2022 14:34:47","18.08.2022 14:34:48"
"SBUR012","61880_2","16.08.2022 10:10:51","16.08.2022 10:10:52"
"SBUR012","61880_2","16.08.2022 10:13:57","16.08.2022 10:13:58"
"SBUR012","61880_2","16.08.2022 13:48:19","16.08.2022 13:48:21"
"SBUR012","61880_2","16.08.2022 14:01:25","16.08.2022 14:01:27"
"SBUR012","61880_2","15.08.2022 10:56:33","15.08.2022 10:56:34"
"SBUR012","61880_2","15.08.2022 12:10:17","15.08.2022 12:10:18"
"SBUR012","61880_2","15.08.2022 13:31:34","15.08.2022 13:31:36"
"VSHAP001","61880_8","16.08.2022 7:58:16","16.08.2022 7:58:18"
"OKOK006","61880_2","17.08.2022 16:42:32","17.08.2022 16:42:34"
"ASUSE","61880_14","17.08.2022 23:34:18","17.08.2022 23:34:19"
"SBUR012","61880_2","18.08.2022 9:41:41","18.08.2022 9:41:43"
"SBUR012","61880_2","18.08.2022 9:47:21","18.08.2022 9:47:22"
"SBUR012","61759_1","18.08.2022 14:36:36","18.08.2022 14:36:36"
"SBUR012","61759_1","18.08.2022 14:58:18","18.08.2022 14:58:18"
"SBUR012","61880_2","19.08.2022 14:33:43","19.08.2022 14:33:45"
"SBUR012","61880_10","19.08.2022 14:36:47","19.08.2022 14:36:47"
"SBUR012","61880_8","19.08.2022 14:41:30","19.08.2022 14:41:32"
"SBUR012","61880_2","19.08.2022 14:28:08","19.08.2022 14:28:10"
"SBUR012","61759_1","22.08.2022 10:51:09","22.08.2022 10:51:09"
"SBUR012","61880_2","22.08.2022 10:55:34","22.08.2022 10:55:36"
"SBUR012","61880_2","22.08.2022 10:57:01","22.08.2022 10:57:03"
"VSHAP001","61880_8","16.08.2022 7:59:10","16.08.2022 7:59:12"
"VSHAP001","61880_19","16.08.2022 8:01:12","16.08.2022 8:01:14"
"VSHAP001","61880_19","16.08.2022 8:09:54","16.08.2022 8:09:55"
"VSHAP001","61880_8","16.08.2022 8:15:08","16.08.2022 8:15:09"
"SBUR012","61880_2","18.08.2022 9:49:08","18.08.2022 9:49:10"
"SBUR012","61880_2","18.08.2022 10:04:46","18.08.2022 10:04:48"
"SBUR012","61880_2","18.08.2022 10:58:09","18.08.2022 10:58:11"
"SBUR012","61880_10","18.08.2022 11:02:40","18.08.2022 11:02:41"
"SBUR012","61880_2","18.08.2022 11:42:29","18.08.2022 11:42:31"
"ASUSE","61880-9-NEW","15.08.2022 14:26:47","15.08.2022 14:27:03"
"SBUR012","61880_19","19.08.2022 14:43:19","19.08.2022 14:43:20"
"SBUR012","61880_2","20.08.2022 14:19:09","20.08.2022 14:19:11"
"SBUR012","61880_10","20.08.2022 14:21:06","20.08.2022 14:21:07"
"SBUR012","61880_10","20.08.2022 14:22:57","20.08.2022 14:22:58"
"SBUR012","61880_10","20.08.2022 14:23:29","20.08.2022 14:23:30"
"SBUR012","61880_10","20.08.2022 14:24:02","20.08.2022 14:24:03"
"SBUR012","61880_10","20.08.2022 14:24:32","20.08.2022 14:24:33"
"SBUR012","61880_10","20.08.2022 14:25:02","20.08.2022 14:25:04"
"SBUR012","61880_10","20.08.2022 14:25:38","20.08.2022 14:25:39"
"SBUR012","61880_10","20.08.2022 14:26:10","20.08.2022 14:26:12"
"SBUR012","61880_10","20.08.2022 14:26:50","20.08.2022 14:26:51"
"SBUR012","61880_10","20.08.2022 14:27:57","20.08.2022 14:27:59"
"SBUR012","61880_10","20.08.2022 14:28:29","20.08.2022 14:28:31"
"SBUR012","61880_10","20.08.2022 14:29:23","20.08.2022 14:29:24"
"SBUR012","61880_8","20.08.2022 14:31:33","20.08.2022 14:31:35"
"NYAK001","61880_14","19.08.2022 11:29:35","19.08.2022 11:29:35"
"NYAK001","61880_14","19.08.2022 11:47:19","19.08.2022 11:47:22"
"NYAK001","61880_14","19.08.2022 11:57:38","19.08.2022 11:57:38"
"SBUR012","61880_1","19.08.2022 14:46:01","19.08.2022 14:46:03"
"VSHAP001","61880_8","16.08.2022 8:17:54","16.08.2022 8:17:55"
"VSHAP001","61880_8","16.08.2022 8:19:38","16.08.2022 8:19:39"
"VSHAP001","61880_2","16.08.2022 8:41:46","16.08.2022 8:41:47"
"VSHAP001","61880_2","16.08.2022 8:46:48","16.08.2022 8:46:49"
"SBUR012","61880_2","18.08.2022 11:43:13","18.08.2022 11:43:14"
"SBUR012","61880_2","18.08.2022 11:43:41","18.08.2022 11:43:43"
"SBUR012","61880_2","18.08.2022 11:44:27","18.08.2022 11:44:29"
"SBUR012","61880_2","18.08.2022 11:45:17","18.08.2022 11:45:19"
"SBUR012","61880_19","20.08.2022 14:32:40","20.08.2022 14:32:42"
"SBUR012","61880_1","20.08.2022 14:34:00","20.08.2022 14:34:03"
"YUDOR001","61880_2","22.08.2022 8:06:10","22.08.2022 8:06:12"
"IGRI056","61880_2","22.08.2022 8:59:33","22.08.2022 8:59:35"
"SBUR012","61759_1","19.08.2022 15:31:59","19.08.2022 15:32:00"
"SBUR012","61880_2","22.08.2022 10:58:31","22.08.2022 10:58:32"
"VSHAP001","61759_1","22.08.2022 11:22:26","22.08.2022 11:22:27"
"SBUR012","61880_2","22.08.2022 11:22:43","22.08.2022 11:22:45"
"VSHAP001","61880_2","16.08.2022 8:54:05","16.08.2022 8:54:07"
"VSHAP001","61880_17_new","16.08.2022 13:07:08","16.08.2022 13:07:22"
"VSHAP001","61880_2","16.08.2022 13:24:36","16.08.2022 13:24:38"
"VSHAP001","61880_1","16.08.2022 13:58:51","16.08.2022 13:58:54"
"SBUR012","61880_2","18.08.2022 11:45:51","18.08.2022 11:45:53"
"SBUR012","61880_2","18.08.2022 11:46:26","18.08.2022 11:46:28"
"SBUR012","61880_2","18.08.2022 11:47:04","18.08.2022 11:47:06"
"SBUR012","61880_2","18.08.2022 11:47:43","18.08.2022 11:47:45"
"IGRI056","61880_2","22.08.2022 9:48:28","22.08.2022 9:48:30"
"SBUR012","61880_2","22.08.2022 11:24:39","22.08.2022 11:24:41"
"SBUR012","61880_2","22.08.2022 11:26:10","22.08.2022 11:26:12"
"SBUR012","61880_2","22.08.2022 11:27:15","22.08.2022 11:27:17"
"ASUSE","61880_17","15.08.2022 16:25:26","15.08.2022 16:25:31"
"ASUSE","61880_17","15.08.2022 16:33:58","15.08.2022 16:34:04"
"ASUSE","61880_17_new","15.08.2022 16:35:42","15.08.2022 16:35:54"
"VSHAP001","61880_1","16.08.2022 14:00:09","16.08.2022 14:00:11"
"VSHAP001","61880_1","16.08.2022 14:02:39","16.08.2022 14:02:41"
"SBUR012","61759_1","19.08.2022 12:34:02","19.08.2022 12:34:03"
"SBUR012","61759_1","19.08.2022 12:38:50","19.08.2022 12:38:50"
"NYAK001","61880_14","18.08.2022 11:22:03","18.08.2022 11:22:03"
"NYAK001","61880_14","18.08.2022 11:23:10","18.08.2022 11:23:11"
"NYAK001","61880_14","18.08.2022 11:24:35","18.08.2022 11:24:36"
"OKOK006","61880_13","22.08.2022 11:46:59","22.08.2022 11:47:00"
"OKOK006","61880_20","22.08.2022 11:47:42","22.08.2022 11:47:43"
"OKOK006","61880_20","22.08.2022 11:48:26","22.08.2022 11:48:27"
"SBUR012","61880_2","22.08.2022 12:03:04","22.08.2022 12:03:05"
"NCHER","61880_7","22.08.2022 12:07:37","22.08.2022 12:07:38"
"ASUSE","61880_17_new","15.08.2022 16:36:01","15.08.2022 16:36:14"
"ASUSE","61880_1","18.08.2022 10:21:12","18.08.2022 10:21:15"
"ASUSE","61880_1","18.08.2022 10:29:16","18.08.2022 10:29:18"
"ASUSE","61880_1","18.08.2022 10:47:48","18.08.2022 10:47:51"
"NCHER","61880_2","15.08.2022 10:07:35","15.08.2022 10:07:37"
"SBUR012","61880_2","19.08.2022 13:33:59","19.08.2022 13:34:00"
"ASUSE","63051","19.08.2022 18:43:23","19.08.2022 18:43:24"
"ASUSE","63051","19.08.2022 18:43:37","19.08.2022 18:43:49"
"ASUSE","63051","19.08.2022 18:44:10","19.08.2022 18:44:56"
"ASUSE","63051","19.08.2022 18:45:34","19.08.2022 18:45:37"
"ASUSE","63051","19.08.2022 18:45:49","19.08.2022 18:47:26"
"ASUSE","63051","19.08.2022 18:47:45","19.08.2022 18:50:57"
"ASUSE","63051","19.08.2022 18:52:20","19.08.2022 18:54:47"
"SBUR012","61759_1","20.08.2022 7:08:28","20.08.2022 7:08:29"
"NYAK001","61880_14","18.08.2022 11:28:10","18.08.2022 11:28:11"
"NYAK001","61880_14","18.08.2022 11:37:56","18.08.2022 11:37:56"
"NYAK001","61880_14","18.08.2022 11:41:47","18.08.2022 11:41:47"
"SBUR012","61880_2","22.08.2022 11:00:25","22.08.2022 11:00:27"
"SBUR012","61880_2","22.08.2022 11:01:18","22.08.2022 11:01:20"
"SBUR012","61880_2","22.08.2022 11:02:16","22.08.2022 11:02:17"
"SBUR012","61880_2","22.08.2022 11:03:08","22.08.2022 11:03:10"
"VSHAP001","61880_2","15.08.2022 7:54:19","15.08.2022 7:54:21"
"VSHAP001","61880_2","15.08.2022 8:50:40","15.08.2022 8:50:42"
"SBUR012","61880_2","22.08.2022 11:28:13","22.08.2022 11:28:15"
"SBUR012","61759_1","20.08.2022 7:17:50","20.08.2022 7:17:51"
"SBUR012","61880_2","20.08.2022 7:48:57","20.08.2022 7:48:59"
"SBUR012","61880_10","20.08.2022 7:53:31","20.08.2022 7:53:32"
"SBUR012","61880_10","20.08.2022 7:55:48","20.08.2022 7:55:49"
"SBUR012","61880_10","20.08.2022 7:56:29","20.08.2022 7:56:30"
"SBUR012","61880_10","20.08.2022 7:57:22","20.08.2022 7:57:23"
"SBUR012","61880_10","20.08.2022 7:57:58","20.08.2022 7:57:58"
"SBUR012","61880_10","20.08.2022 7:58:33","20.08.2022 7:58:34"
"SBUR012","61880_10","20.08.2022 8:05:33","20.08.2022 8:05:34"
"SBUR012","61880_10","20.08.2022 8:06:12","20.08.2022 8:06:13"
"SBUR012","61880_8","20.08.2022 8:10:24","20.08.2022 8:10:25"
"VSHAP001","61880_8","15.08.2022 11:05:57","15.08.2022 11:05:59"
"NYAK001","61880_14","18.08.2022 11:43:09","18.08.2022 11:43:12"
"NYAK001","61880_3","18.08.2022 11:44:53","18.08.2022 11:44:54"
"SBUR012","61880_2","18.08.2022 11:48:18","18.08.2022 11:48:20"
"SBUR012","61880_2","18.08.2022 11:49:00","18.08.2022 11:49:02"
"AKAN671","61880_17_new","22.08.2022 11:34:44","22.08.2022 11:34:49"
"SBUR012","61880_2","22.08.2022 11:36:54","22.08.2022 11:36:56"
"AKAN671","61880_2","22.08.2022 11:37:05","22.08.2022 11:37:07"
"SBUR012","61880_2","22.08.2022 11:38:08","22.08.2022 11:38:10"
"OKOK006","61880-9-NEW","12.08.2022 14:09:17","12.08.2022 14:09:19"
"SBUR012","61880_2","22.08.2022 12:10:59","22.08.2022 12:11:01"
"SBUR012","61880_2","22.08.2022 12:16:27","22.08.2022 12:16:29"
"VSHAP001","61880_2","22.08.2022 12:30:50","22.08.2022 12:30:52"
"SBUR012","61880_2","22.08.2022 12:32:48","22.08.2022 12:32:50"
"NCHER","61880_1","19.08.2022 10:01:01","19.08.2022 10:01:04"
"SBUR012","61880_19","20.08.2022 8:12:50","20.08.2022 8:12:52"
"SBUR012","61880_1","20.08.2022 8:17:11","20.08.2022 8:17:13"
"SBUR012","61759_1","20.08.2022 8:25:33","20.08.2022 8:25:34"
"SBUR012","61880_2","18.08.2022 11:49:38","18.08.2022 11:49:40"
"NYAK001","61880_14","18.08.2022 11:50:07","18.08.2022 11:50:08"
"NYAK001","61880_14","18.08.2022 12:18:36","18.08.2022 12:18:37"
"SBUR012","61880_2","22.08.2022 12:12:29","22.08.2022 12:12:31"
"SBUR012","61880_2","22.08.2022 12:13:14","22.08.2022 12:13:15"
"SBUR012","61880_2","22.08.2022 12:14:03","22.08.2022 12:14:05"
"SBUR012","61880_2","22.08.2022 12:14:44","22.08.2022 12:14:46"
"DBAKH001","61880-9-NEW","16.08.2022 11:51:23","16.08.2022 11:51:30"
"DBAKH001","61880-9-NEW","16.08.2022 11:55:26","16.08.2022 11:55:32"
"DBAKH001","61880-9-NEW","16.08.2022 11:56:01","16.08.2022 11:56:08"
"DBAKH001","61880-9-NEW","16.08.2022 11:57:46","16.08.2022 11:57:53"
"DBAKH001","61880-9-NEW","16.08.2022 12:01:40","16.08.2022 12:01:47"
"DBAKH001","61880-9-NEW","16.08.2022 12:05:32","16.08.2022 12:05:39"
"SBUR012","61880_2","22.08.2022 11:12:59","22.08.2022 11:13:01"
"SBUR012","61880_2","22.08.2022 11:14:38","22.08.2022 11:14:39"
"SBUR012","61880_2","22.08.2022 11:16:24","22.08.2022 11:16:25"
"DBAKH001","61880-9-NEW","16.08.2022 14:48:33","16.08.2022 14:48:40"
"SBUR012","61880_8","20.08.2022 10:00:14","20.08.2022 10:00:16"
"SBUR012","61759_1","20.08.2022 12:14:59","20.08.2022 12:15:00"
"SBUR012","61759_1","20.08.2022 13:37:55","20.08.2022 13:37:56"
"SBUR012","61759_1","20.08.2022 13:49:38","20.08.2022 13:49:38"
"NYAK001","61880_14","18.08.2022 12:30:15","18.08.2022 12:30:16"
"NYAK001","61880_14","18.08.2022 12:30:54","18.08.2022 12:30:55"
"NYAK001","61880_14","18.08.2022 12:31:55","18.08.2022 12:31:56"
"SBUR012","61880_2","22.08.2022 11:17:14","22.08.2022 11:17:15"
"SBUR012","61880_2","22.08.2022 11:19:20","22.08.2022 11:19:22"
"SBUR012","61880_2","22.08.2022 11:20:17","22.08.2022 11:20:19"
"SBUR012","61880_2","22.08.2022 11:21:12","22.08.2022 11:21:14"
"GBOL056","61880_17","19.08.2022 14:11:43","19.08.2022 14:11:49"
"GBOL056","61880_17","19.08.2022 14:12:54","19.08.2022 14:12:59"
"GBOL056","61880-9-IÀ","19.08.2022 14:14:08","19.08.2022 14:14:10"
"SBUR012","61880_2","22.08.2022 11:39:38","22.08.2022 11:39:40"
"SBUR012","61880_2","22.08.2022 11:41:48","22.08.2022 11:41:50"
"SBUR012","61880_2","22.08.2022 11:43:43","22.08.2022 11:43:45"
"SBUR012","61880_2","22.08.2022 11:45:31","22.08.2022 11:45:33"
"SBUR012","61880_2","20.08.2022 14:05:01","20.08.2022 14:05:03"
"SBUR012","61880_10","20.08.2022 14:07:32","20.08.2022 14:07:33"
"SBUR012","61880_10","20.08.2022 14:09:09","20.08.2022 14:09:10"
"SBUR012","61880_10","20.08.2022 14:09:41","20.08.2022 14:09:42"
"SBUR012","61880_10","20.08.2022 14:10:14","20.08.2022 14:10:15"
"SBUR012","61880_10","20.08.2022 14:10:50","20.08.2022 14:10:51"
"SBUR012","61880_10","20.08.2022 14:11:22","20.08.2022 14:11:23"
"SBUR012","61880_10","20.08.2022 14:11:56","20.08.2022 14:11:57"
"SBUR012","61880_10","20.08.2022 14:12:25","20.08.2022 14:12:26"
"SBUR012","61880_10","20.08.2022 14:13:03","20.08.2022 14:13:04"
"SBUR012","61880_8","20.08.2022 14:15:23","20.08.2022 14:15:25"
"SBUR012","61880_19","20.08.2022 14:16:28","20.08.2022 14:16:29"
"SBUR012","61880_1","20.08.2022 14:17:33","20.08.2022 14:17:36"
"NYAK001","61880_14","18.08.2022 12:32:35","18.08.2022 12:32:36"
"SBUR012","61880_2","18.08.2022 12:32:59","18.08.2022 12:33:00"
"NYAK001","61880_14","18.08.2022 12:33:17","18.08.2022 12:33:22"
"SBUR012","61880_2","22.08.2022 11:46:21","22.08.2022 11:46:22"
"SBUR012","61880_2","22.08.2022 11:48:00","22.08.2022 11:48:02"
"SBUR012","61880_2","22.08.2022 11:48:45","22.08.2022 11:48:47"
"SBUR012","61880_2","22.08.2022 11:49:58","22.08.2022 11:49:59"
"DSTR056","61880_2","18.08.2022 7:07:07","18.08.2022 7:07:09"
"SBUR012","61880_2","22.08.2022 11:29:13","22.08.2022 11:29:14"
"SBUR012","61880_2","22.08.2022 11:30:30","22.08.2022 11:30:32"
"SBUR012","61880_2","22.08.2022 11:31:21","22.08.2022 11:31:23"
"SBUR012","61880_2","18.08.2022 7:27:47","18.08.2022 7:27:49"
"SBUR012","61880_2","18.08.2022 8:15:48","18.08.2022 8:15:50"
"SBUR012","61759_1","18.08.2022 9:06:37","18.08.2022 9:06:38"
"SBUR012","61880_2","18.08.2022 9:36:06","18.08.2022 9:36:07"
"ODZY001","61880_7","16.08.2022 22:37:20","16.08.2022 22:37:20"
"ODZY001","61880_20","16.08.2022 22:53:03","16.08.2022 22:53:03"
"ODZY001","61880_18","16.08.2022 22:55:13","16.08.2022 22:56:19"
"YUDOR001","61880_2","18.08.2022 11:27:41","18.08.2022 11:27:43"
"YUDOR001","61880_2","18.08.2022 11:28:44","18.08.2022 11:28:46"
"YUDOR001","61880_2","18.08.2022 11:36:55","18.08.2022 11:36:57"
"ASUSE","61880-9-NEW","15.08.2022 13:59:12","15.08.2022 13:59:19"
"ASUSE","61880-9-NEW","15.08.2022 13:59:39","15.08.2022 13:59:44"
"ASUSE","61880-9-NEW","15.08.2022 14:00:12","15.08.2022 14:00:19"
"NYAK001","61880_14","18.08.2022 13:03:17","18.08.2022 13:03:17"
"NYAK001","61880_14","18.08.2022 13:09:39","18.08.2022 13:09:40"
"NYAK001","61880_14","18.08.2022 13:12:29","18.08.2022 13:12:30"
"NCHER","61880_1","17.08.2022 12:58:53","17.08.2022 12:58:56"
"NCHER","61880_1","17.08.2022 16:10:03","17.08.2022 16:10:07"
"SBUR012","61880_2","19.08.2022 7:01:08","19.08.2022 7:01:10"
"SBUR012","61880_2","19.08.2022 7:03:45","19.08.2022 7:03:47"
"SBUR012","61880_2","17.08.2022 7:27:00","17.08.2022 7:27:03"
"SBUR012","61880_2","17.08.2022 7:47:37","17.08.2022 7:47:39"
"SBUR012","61880_2","17.08.2022 7:48:10","17.08.2022 7:48:12"
"SBUR012","61880_2","17.08.2022 7:56:59","17.08.2022 7:57:02"
"ASUSE","61880_14","17.08.2022 23:52:39","17.08.2022 23:52:39"
"YUDOR001","61880_2","18.08.2022 12:05:37","18.08.2022 12:05:39"
"YUDOR001","61880_2","18.08.2022 12:09:17","18.08.2022 12:09:18"
"YUDOR001","61880_2","18.08.2022 12:23:09","18.08.2022 12:23:11"
"NCHER","61880_1","16.08.2022 6:23:09","16.08.2022 6:23:13"
"YUDOR001","462359_rep_year","17.08.2022 19:27:51","17.08.2022 19:30:38"
"YUDOR001","462359_rep_year","17.08.2022 19:39:29","17.08.2022 19:42:30"
"YUDOR001","61880_2","18.08.2022 15:45:42","18.08.2022 15:45:43"
"YUDOR001","61880_2","18.08.2022 15:47:32","18.08.2022 15:47:33"
"YUDOR001","61880_2","18.08.2022 15:49:46","18.08.2022 15:49:47"
"AKAN671","61880_7","17.08.2022 16:29:29","17.08.2022 16:29:29"
"SBUR012","61880_2","19.08.2022 7:09:10","19.08.2022 7:09:12"
"SBUR012","61880_2","19.08.2022 7:36:42","19.08.2022 7:36:44"
"SBUR012","61880_10","19.08.2022 7:40:00","19.08.2022 7:40:00"
"SBUR012","61880_10","19.08.2022 7:49:21","19.08.2022 7:49:22"
"SBUR012","61880_10","19.08.2022 7:50:03","19.08.2022 7:50:03"
"SBUR012","61880_2","19.08.2022 8:13:49","19.08.2022 8:13:51"
"VSHAP001","61880_17_new","12.08.2022 12:11:53","12.08.2022 12:11:57"
"VSHAP001","61880_17","12.08.2022 12:31:05","12.08.2022 12:31:09"
"VSHAP001","61880_17","12.08.2022 12:32:10","12.08.2022 12:32:15"
"VSHAP001","61880_17","12.08.2022 12:33:00","12.08.2022 12:33:05"
"SBUR012","61880_2","17.08.2022 8:25:33","17.08.2022 8:25:35"
"YUDOR001","61880_2","18.08.2022 12:31:14","18.08.2022 12:31:16"
"YUDOR001","61880_2","18.08.2022 12:33:24","18.08.2022 12:33:25"
"YUDOR001","61880_2","18.08.2022 12:37:54","18.08.2022 12:37:56"
"YUDOR001","61880_2","18.08.2022 12:38:31","18.08.2022 12:38:33"
"YUDOR001","61880_2","18.08.2022 15:50:19","18.08.2022 15:50:20"
"YUDOR001","61880_2","18.08.2022 15:50:41","18.08.2022 15:50:42"
"YUDOR001","61880_2","18.08.2022 15:51:24","18.08.2022 15:51:26"
"ASUSE","61880_10","19.08.2022 14:22:44","19.08.2022 14:22:45"
"ASUSE","61880_2","19.08.2022 14:23:10","19.08.2022 14:23:11"
"ASUSE","61880_10","19.08.2022 14:25:05","19.08.2022 14:25:06"
"ASUSE","61880_10","19.08.2022 14:26:00","19.08.2022 14:26:01"
"ASUSE","61880_10","19.08.2022 14:27:10","19.08.2022 14:27:12"
"SBUR012","61880_2","19.08.2022 8:38:09","19.08.2022 8:38:11"
"SBUR012","61880_8","19.08.2022 8:51:02","19.08.2022 8:51:03"
"SBUR012","61880_19","19.08.2022 8:53:14","19.08.2022 8:53:16"
"SBUR012","61880_1","19.08.2022 8:55:15","19.08.2022 8:55:17"
"SBUR012","61880_2","17.08.2022 9:12:58","17.08.2022 9:13:00"
"SBUR012","61880_2","17.08.2022 14:17:57","17.08.2022 14:18:00"
"SBUR012","61880_2","17.08.2022 14:36:26","17.08.2022 14:36:28"
"ASUSE","61880_17","17.08.2022 21:49:11","17.08.2022 21:49:16"
"ASUSE","61880_17","17.08.2022 21:50:50","17.08.2022 21:50:55"
"YUDOR001","61880_2","18.08.2022 12:38:56","18.08.2022 12:38:58"
"NYAK001","61880_14","18.08.2022 12:47:23","18.08.2022 12:47:23"
"YUDOR001","61880_2","18.08.2022 12:49:00","18.08.2022 12:49:02"
"YUDOR001","61880_2","18.08.2022 12:51:16","18.08.2022 12:51:17"
"AKAN671","61880-9-NEW","22.08.2022 11:11:46","22.08.2022 11:11:52"
"SBUR012","61880_2","22.08.2022 11:32:39","22.08.2022 11:32:40"
"SBUR012","61880_2","22.08.2022 11:34:25","22.08.2022 11:34:27"
"SBUR012","61880_2","22.08.2022 11:35:21","22.08.2022 11:35:23"
"SBUR012","61880_2","22.08.2022 11:36:05","22.08.2022 11:36:06"
"ASUSE","61880-9-NEW","15.08.2022 13:53:27","15.08.2022 13:53:33"
"ASUSE","61880-9-NEW","15.08.2022 13:54:17","15.08.2022 13:54:24"
"ASUSE","61880-9-NEW","15.08.2022 13:54:58","15.08.2022 13:55:05"
"SBUR012","61880_2","19.08.2022 9:03:55","19.08.2022 9:03:56"
"SBUR012","61880_2","19.08.2022 9:51:57","19.08.2022 9:51:58"
"SBUR012","61880-9-all","19.08.2022 10:00:01","19.08.2022 10:00:09"
"SBUR012","61880_2","19.08.2022 12:17:54","19.08.2022 12:17:56"
"ASUSE","61880_17","17.08.2022 22:16:12","17.08.2022 22:16:17"
"ASUSE","61880_17","17.08.2022 22:23:17","17.08.2022 22:23:22"
"ASUSE","61880_17","17.08.2022 22:23:41","17.08.2022 22:23:46"
"ASUSE","61880_17","17.08.2022 22:24:29","17.08.2022 22:24:34"
"ASUSE","61880_17","17.08.2022 22:25:47","17.08.2022 22:25:51"
"ASUSE","61880_17_new","17.08.2022 22:35:08","17.08.2022 22:35:13"
"ASUSE","61880_17","17.08.2022 23:26:05","17.08.2022 23:26:10"
"ASUSE","61880_17","17.08.2022 23:27:47","17.08.2022 23:27:52"
"YUDOR001","61880_2","23.08.2022 15:30:47","23.08.2022 15:30:48"
"YUDOR001","61880_19","23.08.2022 16:23:42","23.08.2022 16:23:43"
"YUDOR001","61880_2","23.08.2022 16:29:06","23.08.2022 16:29:08"
"YUDOR001","61880_19","23.08.2022 16:29:30","23.08.2022 16:29:31"
"VSHAP001","61880_2","24.08.2022 10:44:22","24.08.2022 10:44:24"
"VSHAP001","61880_2","24.08.2022 10:51:12","24.08.2022 10:51:14"
"VSHAP001","61880_2","24.08.2022 11:19:07","24.08.2022 11:19:09"
"VSHAP001","61880_2","24.08.2022 11:56:49","24.08.2022 11:56:51"
"VSHAP001","61880_2","29.08.2022 8:25:13","29.08.2022 8:25:15"
"VSHAP001","61880_2","29.08.2022 8:51:36","29.08.2022 8:51:38"
"VSHAP001","61880_2","29.08.2022 9:22:15","29.08.2022 9:22:17"
"SBUR012","61880_2","25.08.2022 9:50:44","25.08.2022 9:50:45"
"NSYS002","61880_8","25.08.2022 10:22:31","25.08.2022 10:22:33"
"SBUR012","61880_2","25.08.2022 11:14:58","25.08.2022 11:15:00"
"SBUR012","61880_2","25.08.2022 12:38:48","25.08.2022 12:38:49"
"YUDOR001","61880_2","23.08.2022 16:35:04","23.08.2022 16:35:06"
"EKAR014","61880-9-IÁ","23.08.2022 17:30:41","23.08.2022 17:30:43"
"SBUR012","61880_2","24.08.2022 6:27:07","24.08.2022 6:27:09"
"SBUR012","61880_2","24.08.2022 7:58:42","24.08.2022 7:58:44"
"SBUR012","61880_2","24.08.2022 8:24:34","24.08.2022 8:24:36"
"VSHAP001","61880_2","24.08.2022 12:02:42","24.08.2022 12:02:43"
"DBAKH001","61880_17_new","24.08.2022 12:11:16","24.08.2022 12:11:29"
"DBAKH001","61880_17_new","24.08.2022 12:14:47","24.08.2022 12:14:57"
"SBUR012","61880_2","23.08.2022 10:57:47","23.08.2022 10:57:49"
"SBUR012","61880_2","23.08.2022 11:07:55","23.08.2022 11:07:57"
"SBUR012","61880_2","23.08.2022 11:09:15","23.08.2022 11:09:17"
"SBUR012","61880_2","23.08.2022 11:50:50","23.08.2022 11:50:52"
"SBUR012","61880_2","25.08.2022 13:18:33","25.08.2022 13:18:34"
"NSYS002","61880_2","25.08.2022 14:12:57","25.08.2022 14:12:59"
"SBUR012","61880_2","25.08.2022 14:19:00","25.08.2022 14:19:02"
"SBUR012","61880_2","25.08.2022 14:33:20","25.08.2022 14:33:22"
"ASUSE","462353","25.08.2022 15:00:10","25.08.2022 15:00:15"
"GBOL056","61880_17","23.08.2022 10:11:03","23.08.2022 10:11:09"
"GBOL056","61880_17_new","23.08.2022 10:11:59","23.08.2022 10:12:20"
"GBOL056","61880_17","23.08.2022 10:25:41","23.08.2022 10:25:48"
"GBOL056","61880_17_new","23.08.2022 10:26:14","23.08.2022 10:26:31"
"GBOL056","61880-9-IÀ","23.08.2022 12:41:07","23.08.2022 12:41:18"
"GBOL056","61880-9-IÀ","23.08.2022 12:41:58","23.08.2022 12:42:10"
"GBOL056","61880-9-IÁ","23.08.2022 12:43:44","23.08.2022 12:43:56"
"GBOL056","61880-9-Â","23.08.2022 12:49:01","23.08.2022 12:49:02"
"GBOL056","61880-9-IÁ","23.08.2022 13:52:51","23.08.2022 13:53:02"
"GBOL056","61880-9-IIÀ","23.08.2022 14:02:58","23.08.2022 14:03:02"
"GBOL056","61880-9-IÁ","23.08.2022 14:13:35","23.08.2022 14:13:47"
"GBOL056","61880-9-IÀ","23.08.2022 14:19:29","23.08.2022 14:19:31"
"GBOL056","61880-9-IÀ","23.08.2022 14:29:51","23.08.2022 14:29:58"
"GBOL056","61880-9-IÁ","23.08.2022 14:30:54","23.08.2022 14:31:00"
"GBOL056","61880-9-IÀ","23.08.2022 14:33:35","23.08.2022 14:33:39"
"GBOL056","61880-9-IÁ","23.08.2022 14:34:37","23.08.2022 14:34:42"
"GBOL056","61880_17","23.08.2022 14:40:26","23.08.2022 14:40:33"
"GBOL056","61880_17_new","23.08.2022 14:41:01","23.08.2022 14:41:15"
"GBOL056","61880_17","23.08.2022 14:42:32","23.08.2022 14:42:38"
"DBAKH001","61880_17_new","24.08.2022 12:22:33","24.08.2022 12:22:46"
"DBAKH001","61880_17_new","24.08.2022 12:24:56","24.08.2022 12:25:15"
"DBAKH001","61880_17_new","24.08.2022 12:28:39","24.08.2022 12:28:52"
"GBOL056","61880-9-IÀ","25.08.2022 10:35:54","25.08.2022 10:36:01"
"IGRI056","61880_2","26.08.2022 7:11:42","26.08.2022 7:11:43"
"SBUR012","61880_2","26.08.2022 8:15:09","26.08.2022 8:15:11"
"SBUR012","61880_2","23.08.2022 13:37:53","23.08.2022 13:37:55"
"SBUR012","61880_2","23.08.2022 14:52:32","23.08.2022 14:52:33"
"EKAR014","61880-9-NEW","24.08.2022 8:26:22","24.08.2022 8:26:32"
"EKAR014","61880-9-NEW","24.08.2022 8:29:14","24.08.2022 8:29:23"
"EKAR014","61880-9-NEW","24.08.2022 8:31:47","24.08.2022 8:31:56"
"EKAR014","61880-9-NEW","24.08.2022 8:33:14","24.08.2022 8:33:22"
"EKAR014","61880-9-NEW","24.08.2022 8:34:41","24.08.2022 8:34:50"
"EKAR014","61880-9-NEW","24.08.2022 8:36:05","24.08.2022 8:36:15"
"EKAR014","61880-9-NEW","24.08.2022 8:38:22","24.08.2022 8:38:31"
"EKAR014","61880-9-NEW","24.08.2022 8:42:10","24.08.2022 8:42:19"
"EKAR014","61880_17_new","24.08.2022 8:49:13","24.08.2022 8:49:27"
"EKAR014","61880_17_new","24.08.2022 8:57:14","24.08.2022 8:57:25"
"IGRI056","61880_2","23.08.2022 10:12:38","23.08.2022 10:12:40"
"NSYS002","61880_8","24.08.2022 9:43:04","24.08.2022 9:43:05"
"NYAK001","61880_14","25.08.2022 15:46:54","25.08.2022 15:46:55"
"NYAK001","61880_14","25.08.2022 15:53:56","25.08.2022 15:53:56"
"IGRI056","61880_2","22.08.2022 13:06:13","22.08.2022 13:06:14"
"SBUR012","61880_8","22.08.2022 14:09:39","22.08.2022 14:09:41"
"SBUR012","61880_2","22.08.2022 14:44:21","22.08.2022 14:44:23"
"SBUR012","61880_2","22.08.2022 15:35:10","22.08.2022 15:35:12"
"SBUR012","61880_2","26.08.2022 8:47:46","26.08.2022 8:47:48"
"SBUR012","61880_2","26.08.2022 9:30:45","26.08.2022 9:30:47"
"SBUR012","61880_2","26.08.2022 10:03:03","26.08.2022 10:03:05"
"EKAR014","61880_17_new","24.08.2022 10:00:48","24.08.2022 10:00:58"
"EKAR014","61880_17_new","24.08.2022 10:02:33","24.08.2022 10:02:43"
"EKAR014","61880_17_new","24.08.2022 10:04:14","24.08.2022 10:04:27"
"EKAR014","61880_17_new","23.08.2022 13:55:53","23.08.2022 13:56:08"
"EKAR014","61880_17_new","23.08.2022 14:27:07","23.08.2022 14:27:18"
"EKAR014","61880_17_new","23.08.2022 14:29:27","23.08.2022 14:29:38"
"EKAR014","61880_17_new","23.08.2022 14:54:00","23.08.2022 14:54:12"
"SBUR012","61880_2","24.08.2022 8:39:39","24.08.2022 8:39:40"
"SBUR012","61880_2","24.08.2022 9:14:03","24.08.2022 9:14:05"
"SBUR012","61880_2","24.08.2022 9:44:07","24.08.2022 9:44:08"
"SBUR012","61880_2","24.08.2022 11:40:15","24.08.2022 11:40:17"
"SBUR012","61880_2","26.08.2022 14:08:18","26.08.2022 14:08:19"
"OKOK006","61880_17_new","26.08.2022 14:22:10","26.08.2022 14:22:21"
"APAR006","61880_2","29.08.2022 7:16:17","29.08.2022 7:16:19"
"EKAR014","61880_17_new","24.08.2022 10:06:16","24.08.2022 10:06:26"
"EKAR014","61880_17_new","24.08.2022 10:08:12","24.08.2022 10:08:23"
"GBOL056","61880-9-IÁ","24.08.2022 10:11:42","24.08.2022 10:11:47"
"GBOL056","61880-9-IÀ","24.08.2022 10:55:16","24.08.2022 10:55:23"
"VSHAP001","61880_2","29.08.2022 9:23:29","29.08.2022 9:23:31"
"EKAR014","61880_17_new","23.08.2022 14:58:06","23.08.2022 14:58:17"
"EKAR014","61880_17_new","23.08.2022 14:58:35","23.08.2022 14:58:46"
"EKAR014","61880_17_new","23.08.2022 15:00:34","23.08.2022 15:00:44"
"DBAKH001","61880_17_new","24.08.2022 11:53:26","24.08.2022 11:53:38"
"DBAKH001","61880_17_new","24.08.2022 11:54:49","24.08.2022 11:54:59"
"DBAKH001","61880_17_new","24.08.2022 11:59:07","24.08.2022 11:59:18"
"SBUR012","61880-9-all","24.08.2022 12:01:35","24.08.2022 12:01:38"
"YUDOR001","61880_2","24.08.2022 13:00:44","24.08.2022 13:00:46"
"SBUR012","61880_2","29.08.2022 7:26:43","29.08.2022 7:26:45"
"APAR006","61880_2","29.08.2022 7:41:12","29.08.2022 7:41:13"
"APAR006","61880_2","29.08.2022 9:47:59","29.08.2022 9:48:01"
"OKOK006","61880_7","29.08.2022 12:23:44","29.08.2022 12:23:45"
"OKOK006","61880_7","29.08.2022 12:24:22","29.08.2022 12:24:23"
"EKAR014","61880_17_new","23.08.2022 15:03:09","23.08.2022 15:03:20"
"NYAK001","61880_14","25.08.2022 16:00:23","25.08.2022 16:00:23"
"NYAK001","61880_14","26.08.2022 9:40:11","26.08.2022 9:40:12"
"NYAK001","61880_14","25.08.2022 7:57:17","25.08.2022 7:57:18"
"NYAK001","61880_14","25.08.2022 7:59:20","25.08.2022 7:59:20"
"OKOK006","61880_20","25.08.2022 10:21:34","25.08.2022 10:21:35"
"OKOK006","61880_20","25.08.2022 10:22:24","25.08.2022 10:22:24"
"OKOK006","61880_11_new","25.08.2022 10:23:21","25.08.2022 10:23:25"
"SBUR012","61880_2","29.08.2022 8:25:50","29.08.2022 8:25:52"
"NSYS002","61880_2","29.08.2022 15:31:17","29.08.2022 15:31:19"
"DBAKH001","61880_17_new","30.08.2022 7:05:31","30.08.2022 7:05:40"
"VSHAP001","61880_2","29.08.2022 9:45:32","29.08.2022 9:45:33"
"VSHAP001","61880_2","29.08.2022 9:46:34","29.08.2022 9:46:35"
"SBUR012","61880_2","29.08.2022 11:57:33","29.08.2022 11:57:35"
"NSYS002","61880_2","26.08.2022 11:22:05","26.08.2022 11:22:06"
"NYAK001","61880_14","26.08.2022 12:26:11","26.08.2022 12:26:11"
"YUDOR001","61880_19","26.08.2022 13:36:55","26.08.2022 13:36:56"
"OKOK006","61880_8","25.08.2022 10:24:22","25.08.2022 10:24:24"
"GBOL056","61880-9-NEW","25.08.2022 12:47:22","25.08.2022 12:47:29"
"GBOL056","61880-9-NEW","25.08.2022 13:26:03","25.08.2022 13:26:10"
"APAR006","61880_2","25.08.2022 13:28:38","25.08.2022 13:28:39"
"APAR006","61880_2","25.08.2022 13:29:52","25.08.2022 13:29:54"
"APAR006","61880_2","25.08.2022 13:35:24","25.08.2022 13:35:26"
"SBUR012","61880_2","29.08.2022 14:34:36","29.08.2022 14:34:37"
"DBAKH001","61880_17_new","29.08.2022 14:42:49","29.08.2022 14:42:57"
"YUDOR001","61880_19","29.08.2022 15:52:54","29.08.2022 15:52:55"
"SBUR012","61880_2","29.08.2022 9:54:25","29.08.2022 9:54:27"
"GBOL056","61880_17","29.08.2022 11:56:42","29.08.2022 11:56:48"
"DBAKH001","61880_17_new","29.08.2022 14:48:08","29.08.2022 14:48:17"
"DBAKH001","61880_17_new","29.08.2022 14:51:03","29.08.2022 14:51:11"
"VSHAP001","61880_2","29.08.2022 12:11:33","29.08.2022 12:11:35"
"VSHAP001","61880_2","29.08.2022 14:37:55","29.08.2022 14:37:57"
"VSHAP001","61880_2","29.08.2022 14:40:40","29.08.2022 14:40:42"
"APAR006","61880_18","25.08.2022 13:40:57","25.08.2022 13:42:05"
"APAR006","61880_2","25.08.2022 14:12:50","25.08.2022 14:12:52"
"EKAR014","61880_17_new","25.08.2022 14:17:57","25.08.2022 14:18:05"
"AGAB003","61880-9-NEW","22.08.2022 14:05:26","22.08.2022 14:05:29"
"AGAB003","61880-9-NEW","22.08.2022 14:07:23","22.08.2022 14:07:27"
"AGAB003","61880-9-NEW","22.08.2022 14:14:20","22.08.2022 14:14:24"
"AGAB003","61880-9-NEW","22.08.2022 14:15:51","22.08.2022 14:15:55"
"AGAB003","61880-9-NEW","22.08.2022 14:17:18","22.08.2022 14:17:23"
"VSHAP001","61880_2","22.08.2022 14:55:52","22.08.2022 14:55:53"
"YUDOR001","61759_1","22.08.2022 18:32:53","22.08.2022 18:32:53"
"YUDOR001","61880_17_new","29.08.2022 15:23:09","29.08.2022 15:23:16"
"DBAKH001","61880_17_new","30.08.2022 5:53:14","30.08.2022 5:53:22"
"DBAKH001","61880_17_new","30.08.2022 6:53:23","30.08.2022 6:53:31"
"NYAK001","61880_10","25.08.2022 7:03:03","25.08.2022 7:03:03"
"NYAK001","61880_10","25.08.2022 7:05:16","25.08.2022 7:05:17"
"NYAK001","61880_10","25.08.2022 7:07:13","25.08.2022 7:07:13"
"NYAK001","61880_10","25.08.2022 7:08:45","25.08.2022 7:08:46"
"NYAK001","61880_10","25.08.2022 7:17:45","25.08.2022 7:17:46"
"NYAK001","61880_10","25.08.2022 7:21:00","25.08.2022 7:21:01"
"NYAK001","61880_10","25.08.2022 7:28:06","25.08.2022 7:28:07"
"NYAK001","61880_14","25.08.2022 7:46:58","25.08.2022 7:46:58"
"NYAK001","61880_14","25.08.2022 7:51:53","25.08.2022 7:51:53"
"NYAK001","61880_14","25.08.2022 7:54:32","25.08.2022 7:54:32"
"APAR006","61880_2","25.08.2022 14:41:27","25.08.2022 14:41:29"
"OKOK006","61880_17_new","25.08.2022 15:50:41","25.08.2022 15:50:50"
"OKOK006","61880_10","25.08.2022 15:55:03","25.08.2022 15:55:04"
"NYAK001","61880_14","25.08.2022 16:04:00","25.08.2022 16:04:01"
"DBAKH001","61880_17_new","30.08.2022 6:54:38","30.08.2022 6:54:45"
"DBAKH001","61880_17_new","30.08.2022 6:55:25","30.08.2022 6:55:33"
"DBAKH001","61880_17_new","30.08.2022 6:56:45","30.08.2022 6:56:52"
"YUDOR001","61880_19","29.08.2022 15:53:04","29.08.2022 15:53:05"
"DBAKH001","61880_17_new","30.08.2022 6:57:33","30.08.2022 6:57:40"
"DBAKH001","61880_17_new","30.08.2022 6:59:28","30.08.2022 6:59:36"
"AGAB003","61880_2","22.08.2022 13:18:19","22.08.2022 13:18:21"
"AGAB003","63051","22.08.2022 13:21:14","22.08.2022 13:23:42"
"AGAB003","61880_17_new","22.08.2022 13:27:27","22.08.2022 13:27:33"
"AGAB003","61880_17_new","22.08.2022 13:28:22","22.08.2022 13:28:29"
"NYAK001","61880_14","25.08.2022 16:07:50","25.08.2022 16:07:51"
"NYAK001","61880_14","25.08.2022 16:13:41","25.08.2022 16:13:41"
"NCHER","61880_2","26.08.2022 8:38:33","26.08.2022 8:38:35"
"DBAKH001","61880-9-IÀ","26.08.2022 10:29:48","26.08.2022 10:29:51"
"DBAKH001","61880_17_new","30.08.2022 7:02:33","30.08.2022 7:02:41"
"DBAKH001","61880_17_new","30.08.2022 7:03:23","30.08.2022 7:03:30"
"DBAKH001","61880_17_new","30.08.2022 7:04:14","30.08.2022 7:04:21"
"GBOL056","61880_17","29.08.2022 9:37:02","29.08.2022 9:37:08"
"DBAKH001","61880_17_new","29.08.2022 14:51:45","29.08.2022 14:51:53"
"DBAKH001","61880_17_new","29.08.2022 14:52:46","29.08.2022 14:52:54"
"DBAKH001","61880_17_new","29.08.2022 14:54:14","29.08.2022 14:54:22"
"AGAB003","61880_17_new","22.08.2022 13:30:12","22.08.2022 13:30:18"
"AGAB003","61880_17_new","22.08.2022 13:32:37","22.08.2022 13:32:43"
"AGAB003","61880_17_new","22.08.2022 13:34:03","22.08.2022 13:34:09"
"YUDOR001","61880_2","23.08.2022 11:29:22","23.08.2022 11:29:24"
"SBUR012","61880-9-all","24.08.2022 12:04:02","24.08.2022 12:04:04"
"SBUR012","61880-9-all","24.08.2022 12:04:33","24.08.2022 12:04:35"
"SBUR012","61880-9-IÀ","24.08.2022 12:05:24","24.08.2022 12:05:25"
"SBUR012","61880-9-IÀ","24.08.2022 12:05:42","24.08.2022 12:05:59"
"SBUR012","61880-9-IÀ","24.08.2022 12:10:32","24.08.2022 12:10:38"
"SBUR012","61880-9-all","24.08.2022 12:12:44","24.08.2022 12:12:45"
"SBUR012","61880-9-all","24.08.2022 12:12:45","24.08.2022 12:12:46"
"SBUR012","61880_2","24.08.2022 12:40:17","24.08.2022 12:40:18"
"SBUR012","61880_10","24.08.2022 13:19:07","24.08.2022 13:19:08"
"SBUR012","61880_10","24.08.2022 13:21:28","24.08.2022 13:21:29"
"SBUR012","61880_10","24.08.2022 13:22:04","24.08.2022 13:22:06"
"SBUR012","61880_10","24.08.2022 13:22:45","24.08.2022 13:22:46"
"SBUR012","61880_10","24.08.2022 13:23:23","24.08.2022 13:23:24"
"SBUR012","61880_10","24.08.2022 13:23:58","24.08.2022 13:23:59"
"SBUR012","61880_10","24.08.2022 13:24:39","24.08.2022 13:24:41"
"SBUR012","61880_10","24.08.2022 13:25:16","24.08.2022 13:25:17"
"SBUR012","61880_10","24.08.2022 13:25:53","24.08.2022 13:25:55"
"SBUR012","61880_10","24.08.2022 13:26:28","24.08.2022 13:26:29"
"SBUR012","61880_10","24.08.2022 13:27:01","24.08.2022 13:27:02"
"SBUR012","61880_10","24.08.2022 13:27:32","24.08.2022 13:27:34"
"SBUR012","61880_10","24.08.2022 13:28:10","24.08.2022 13:28:11"
"SBUR012","61880_10","24.08.2022 13:28:49","24.08.2022 13:28:50"
"SBUR012","61880_10","24.08.2022 13:29:25","24.08.2022 13:29:26"
"SBUR012","61880_10","24.08.2022 13:30:00","24.08.2022 13:30:01"
"SBUR012","61880_10","24.08.2022 13:30:43","24.08.2022 13:30:44"
"SBUR012","61880_10","24.08.2022 13:31:16","24.08.2022 13:31:17"
"SBUR012","61880_10","24.08.2022 13:31:54","24.08.2022 13:31:56"
"SBUR012","61880_10","24.08.2022 13:32:26","24.08.2022 13:32:27"
"SBUR012","61880_10","24.08.2022 13:33:00","24.08.2022 13:33:02"
"SBUR012","61880_10","24.08.2022 13:33:34","24.08.2022 13:33:36"
"SBUR012","61880_8","24.08.2022 13:34:46","24.08.2022 13:34:48"
"DBAKH001","61880_17_new","29.08.2022 14:55:28","29.08.2022 14:55:37"
"DBAKH001","61880_17_new","29.08.2022 14:56:45","29.08.2022 14:56:53"
"DBAKH001","61880_17_new","29.08.2022 14:59:22","29.08.2022 14:59:29"
"NSYS002","61880_8","29.08.2022 15:21:15","29.08.2022 15:21:17"
"SBUR012","61880_2","22.08.2022 13:21:18","22.08.2022 13:21:20"
"SBUR012","61880_2","22.08.2022 13:35:02","22.08.2022 13:35:04"
"SBUR012","61880_2","22.08.2022 13:44:55","22.08.2022 13:44:57"
"SBUR012","61880_2","22.08.2022 13:45:37","22.08.2022 13:45:39"
"SBUR012","61880_10","22.08.2022 13:58:21","22.08.2022 13:58:22"
"AGAB003","61880_17_new","22.08.2022 13:35:40","22.08.2022 13:35:46"
"AGAB003","61880_17_new","22.08.2022 13:37:09","22.08.2022 13:37:16"
"AGAB003","61880_17_new","22.08.2022 13:39:02","22.08.2022 13:39:08"
"YUDOR001","61880_19","23.08.2022 16:35:24","23.08.2022 16:35:25"
"YUDOR001","61880_2","23.08.2022 16:48:02","23.08.2022 16:48:04"
"YUDOR001","61880_19","23.08.2022 16:48:27","23.08.2022 16:48:28"
"YUDOR001","61880_2","23.08.2022 16:51:25","23.08.2022 16:51:26"
"EKAR014","61880_17_new","22.08.2022 18:20:17","22.08.2022 18:20:30"
"EKAR014","61880_17_new","22.08.2022 18:21:53","22.08.2022 18:22:03"
"EKAR014","61880_17_new","22.08.2022 18:25:48","22.08.2022 18:26:00"
"EKAR014","61880_17","22.08.2022 18:40:54","22.08.2022 18:41:01"
"EKAR014","61880_17","22.08.2022 18:48:20","22.08.2022 18:48:25"
"EKAR014","61880_14","22.08.2022 18:49:29","22.08.2022 18:49:32"
"ASUSE","61880_17","22.08.2022 20:12:16","22.08.2022 20:12:22"
"ASUSE","61880_17","22.08.2022 20:32:41","22.08.2022 20:32:47"
"SBUR012","61880_2","22.08.2022 14:03:06","22.08.2022 14:03:07"
"SBUR012","61880_2","22.08.2022 14:05:31","22.08.2022 14:05:33"
"ASUSE","61880-9-NEW","23.08.2022 16:10:26","23.08.2022 16:10:32"
"ASUSE","61880-9-NEW","23.08.2022 16:15:28","23.08.2022 16:15:37"
"ASUSE","61880_2","23.08.2022 16:25:36","23.08.2022 16:25:37"
"AGAB003","61880_17_new","22.08.2022 13:40:29","22.08.2022 13:40:36"
"AGAB003","61880_17_new","22.08.2022 13:42:11","22.08.2022 13:42:17"
"AGAB003","61880_17_new","22.08.2022 13:43:48","22.08.2022 13:43:57"
"SBUR012","61880_19","24.08.2022 13:36:33","24.08.2022 13:36:35"
"SBUR012","61880_2","24.08.2022 13:39:05","24.08.2022 13:39:07"
"SBUR012","61880_1","24.08.2022 13:44:24","24.08.2022 13:44:27"
"ASUSE","61880-9-NEW","24.08.2022 17:16:26","24.08.2022 17:16:35"
"ASUSE","61880_17_new","24.08.2022 17:17:02","24.08.2022 17:17:09"
"ASUSE","61880_17","22.08.2022 21:58:24","22.08.2022 21:58:29"
"AKAN671","61880_17","23.08.2022 10:18:01","23.08.2022 10:18:07"
"EKAR014","61880_17","24.08.2022 12:04:39","24.08.2022 12:04:45"
"VSHAP001","61880_19","29.08.2022 7:11:03","29.08.2022 7:11:05"
"SBUR012","61880_2","22.08.2022 12:47:18","22.08.2022 12:47:20"
"SBUR012","61880_2","22.08.2022 12:53:51","22.08.2022 12:53:53"
"SBUR012","61880_19","23.08.2022 6:31:37","23.08.2022 6:31:39"
"SBUR012","61880_2","23.08.2022 7:37:24","23.08.2022 7:37:26"
"AGAB003","61880_17_new","22.08.2022 13:45:17","22.08.2022 13:45:24"
"AGAB003","61880-9-NEW","22.08.2022 13:47:58","22.08.2022 13:48:02"
"AGAB003","61880-9-NEW","22.08.2022 13:48:45","22.08.2022 13:49:03"
"AGAB003","61880-9-NEW","22.08.2022 13:50:46","22.08.2022 13:51:03"
"AGAB003","61880-9-NEW","22.08.2022 13:53:08","22.08.2022 13:53:23"
"AGAB003","61880-9-NEW","22.08.2022 13:56:20","22.08.2022 13:56:37"
"AGAB003","61880-9-NEW","22.08.2022 13:58:19","22.08.2022 13:58:36"
"AGAB003","61880-9-NEW","22.08.2022 14:00:10","22.08.2022 14:00:28"
"AGAB003","61880-9-NEW","22.08.2022 14:01:55","22.08.2022 14:02:13"
"YUDOR001","61880_19","23.08.2022 12:21:54","23.08.2022 12:21:56"
"YUDOR001","61880_19","23.08.2022 12:26:50","23.08.2022 12:26:51"
"OKOK006","61880-9-NEW","24.08.2022 8:26:14","24.08.2022 8:26:29"
"VSHAP001","61880_2","24.08.2022 9:31:43","24.08.2022 9:31:45"
"VSHAP001","61880_2","24.08.2022 9:33:28","24.08.2022 9:33:29"
"VSHAP001","61880_2","24.08.2022 9:40:20","24.08.2022 9:40:22"
"VSHAP001","61880_2","24.08.2022 9:51:05","24.08.2022 9:51:07"
"VSHAP001","61880_2","24.08.2022 12:42:30","24.08.2022 12:42:32"
"VSHAP001","61880_2","24.08.2022 13:07:15","24.08.2022 13:07:17"
"VSHAP001","61880_2","24.08.2022 13:13:34","24.08.2022 13:13:36"
"VSHAP001","61759_1","24.08.2022 13:36:19","24.08.2022 13:36:20"
"SBUR012","61880_2","23.08.2022 8:37:13","23.08.2022 8:37:14"
"SBUR012","61880_2","23.08.2022 8:52:29","23.08.2022 8:52:31"
"NSYS002","61880_8","23.08.2022 12:30:29","23.08.2022 12:30:31"
"ASUSE","61880_17","23.08.2022 16:28:01","23.08.2022 16:28:07"
"YUDOR001","61880_19","23.08.2022 12:29:19","23.08.2022 12:29:20"
"YUDOR001","61880_19","23.08.2022 12:33:28","23.08.2022 12:33:29"
"YUDOR001","61880_19","23.08.2022 12:34:36","23.08.2022 12:34:37"
"YUDOR001","61880_2","23.08.2022 14:47:20","23.08.2022 14:47:22"
"VSHAP001","61880_10","22.08.2022 12:49:13","22.08.2022 12:49:15"
"VSHAP001","61880_10","22.08.2022 12:56:56","22.08.2022 12:56:57"
"VSHAP001","61880_10","22.08.2022 12:57:30","22.08.2022 12:57:31"
"VSHAP001","61880_10","22.08.2022 12:58:00","22.08.2022 12:58:01"
"VSHAP001","61880_10","22.08.2022 13:00:00","22.08.2022 13:00:01"
"VSHAP001","61880_10","22.08.2022 13:00:28","22.08.2022 13:00:29"
"VSHAP001","61880_10","22.08.2022 13:01:43","22.08.2022 13:01:45"
"VSHAP001","61880_10","22.08.2022 13:02:28","22.08.2022 13:02:29"
"VSHAP001","61880_10","22.08.2022 13:02:59","22.08.2022 13:03:00"
"VSHAP001","61880_8","22.08.2022 13:06:11","22.08.2022 13:06:13"
"EKAR014","61880-9-IIÀ","23.08.2022 8:19:17","23.08.2022 8:19:19"
"EKAR014","61880-9-IÀ","23.08.2022 8:23:13","23.08.2022 8:23:15"
"EKAR014","61880-9-IÁ","23.08.2022 8:36:16","23.08.2022 8:36:18"
"VSHAP001","61880_2","24.08.2022 9:56:18","24.08.2022 9:56:20"
"VSHAP001","61880_2","24.08.2022 10:23:17","24.08.2022 10:23:19"
"NSYS002","61880_8","24.08.2022 15:53:09","24.08.2022 15:53:11"
"NSYS002","61880_8","24.08.2022 15:53:15","24.08.2022 15:53:16"
"VSHAP001","61759_1","29.08.2022 7:37:31","29.08.2022 7:37:32"
"VSHAP001","61880_2","29.08.2022 8:21:37","29.08.2022 8:21:39"
"ASUSE","61880_2","23.08.2022 16:33:50","23.08.2022 16:33:52"
"ASUSE","61880_17_new","23.08.2022 16:34:13","23.08.2022 16:34:24"
"SBUR012","61880_2","25.08.2022 8:28:06","25.08.2022 8:28:08"
"SBUR012","61880_2","25.08.2022 8:38:12","25.08.2022 8:38:14"
"NYAK001","61880_10","30.08.2022 9:12:20","30.08.2022 9:12:21"
"NYAK001","61880_14","30.08.2022 9:15:43","30.08.2022 9:15:44"
"NYAK001","61880_14","30.08.2022 9:16:44","30.08.2022 9:16:45"
"NYAK001","61880_10","30.08.2022 9:25:27","30.08.2022 9:25:27"
"NYAK001","61880_10","30.08.2022 9:27:14","30.08.2022 9:27:15"
"SBUR012","61880_2","05.09.2022 9:14:56","05.09.2022 9:14:58"
"SBUR012","61880_2","01.09.2022 9:45:07","01.09.2022 9:45:09"
"SBUR012","61880_2","01.09.2022 11:17:27","01.09.2022 11:17:29"
"SBUR012","61880_2","01.09.2022 12:34:19","01.09.2022 12:34:20"
"VSHAP001","61759_1","31.08.2022 11:19:36","31.08.2022 11:19:37"
"DBAKH001","61880_17_new","31.08.2022 13:24:17","31.08.2022 13:24:21"
"OKOK006","61880_19","01.09.2022 11:26:01","01.09.2022 11:26:02"
"YUDOR001","61880-9-NEW","30.08.2022 14:35:22","30.08.2022 14:35:36"
"OKOK006","64224","02.09.2022 13:17:44","02.09.2022 13:17:46"
"OKOK006","64224","02.09.2022 14:03:01","02.09.2022 14:03:02"
"OKOK006","64224","02.09.2022 14:03:15","02.09.2022 14:03:17"
"SBUR012","61880_2","05.09.2022 11:21:53","05.09.2022 11:21:55"
"SBUR012","61880_19","05.09.2022 12:52:30","05.09.2022 12:52:32"
"OKOK006","61880_11_new","05.09.2022 15:16:35","05.09.2022 15:16:40"
"OKOK006","61880_19","08.09.2022 11:19:36","08.09.2022 11:19:38"
"OKOK006","61880_3","08.09.2022 14:09:55","08.09.2022 14:09:56"
"SBUR012","61880_2","01.09.2022 14:00:18","01.09.2022 14:00:20"
"NCHER","61880_2","02.09.2022 6:59:15","02.09.2022 6:59:17"
"NCHER","61880_2","02.09.2022 19:52:02","02.09.2022 19:52:04"
"OKOK006","61880_19","01.09.2022 11:31:30","01.09.2022 11:31:31"
"VSHAP001","61880_19","01.09.2022 12:30:27","01.09.2022 12:30:28"
"SBUR012","61880_2","02.09.2022 7:58:15","02.09.2022 7:58:17"
"OKOK006","64224","02.09.2022 14:04:21","02.09.2022 14:04:23"
"OKOK006","64224","02.09.2022 14:08:03","02.09.2022 14:08:04"
"ASUSE","64224","02.09.2022 16:54:26","02.09.2022 16:54:29"
"YUDOR001","61880_2","08.09.2022 17:04:02","08.09.2022 17:04:03"
"OKOK006","61880_7","08.09.2022 17:08:37","08.09.2022 17:08:38"
"SBUR012","61880_2","09.09.2022 8:46:18","09.09.2022 8:46:20"
"GBOL056","61880_17","02.09.2022 7:58:59","02.09.2022 7:59:04"
"GBOL056","61880_17","02.09.2022 8:03:45","02.09.2022 8:03:50"
"GBOL056","61880_15","02.09.2022 11:58:38","02.09.2022 11:58:38"
"IMOS002","61880_2","02.09.2022 13:35:49","02.09.2022 13:35:52"
"IMOS002","61880_2","02.09.2022 13:40:44","02.09.2022 13:40:47"
"SBUR012","61880_2","02.09.2022 8:10:54","02.09.2022 8:10:56"
"SBUR012","61880_2","02.09.2022 8:38:41","02.09.2022 8:38:43"
"SBUR012","61880_2","02.09.2022 10:12:02","02.09.2022 10:12:03"
"ASUSE","64224","02.09.2022 16:56:00","02.09.2022 16:56:08"
"ASUSE","64224","02.09.2022 16:56:24","02.09.2022 16:56:32"
"ASUSE","64224","02.09.2022 16:58:02","02.09.2022 16:58:11"
"NCHER","61880_2","06.09.2022 8:05:49","06.09.2022 8:05:50"
"NCHER","61880_1","06.09.2022 8:09:15","06.09.2022 8:09:18"
"NCHER","61880_1","06.09.2022 8:13:07","06.09.2022 8:13:10"
"VSHAP001","61880_2","09.09.2022 9:16:02","09.09.2022 9:16:04"
"IMOS002","61880_2","02.09.2022 13:41:11","02.09.2022 13:41:12"
"IMOS002","61880_2","02.09.2022 13:41:42","02.09.2022 13:41:44"
"IMOS002","61880_2","02.09.2022 13:42:10","02.09.2022 13:42:12"
"NCHER","61880_1","03.09.2022 13:55:19","03.09.2022 13:55:22"
"NCHER","61880_2","03.09.2022 14:28:44","03.09.2022 14:28:45"
"NCHER","61880_1","03.09.2022 15:23:36","03.09.2022 15:23:39"
"GBOL056","61880-9-NEW","07.09.2022 7:46:12","07.09.2022 7:46:19"
"GBOL056","61880-9-NEW","07.09.2022 7:49:23","07.09.2022 7:49:28"
"GBOL056","61880_17","07.09.2022 8:39:46","07.09.2022 8:39:52"
"GBOL056","61880-9-NEW","07.09.2022 8:41:13","07.09.2022 8:41:18"
"ASUSE","64224","02.09.2022 17:06:22","02.09.2022 17:06:30"
"VSHAP001","61880_2","05.09.2022 7:38:21","05.09.2022 7:38:23"
"VSHAP001","61880_2","05.09.2022 8:10:05","05.09.2022 8:10:06"
"DBAKH001","61880_17_new","06.09.2022 8:24:11","06.09.2022 8:24:20"
"DBAKH001","61880_17_new","06.09.2022 8:35:18","06.09.2022 8:35:26"
"DBAKH001","61880-9-NEW","06.09.2022 9:08:12","06.09.2022 9:08:27"
"SBUR012","61880_2","09.09.2022 9:32:40","09.09.2022 9:32:41"
"IMOS002","61880_2","02.09.2022 13:42:33","02.09.2022 13:42:35"
"NCHER","61880_2","02.09.2022 23:35:57","02.09.2022 23:36:00"
"ASUSE","64224","05.09.2022 10:32:57","05.09.2022 10:33:07"
"ASUSE","63051","05.09.2022 11:48:19","05.09.2022 11:50:31"
"ASUSE","462359_rep_year","05.09.2022 11:50:52","05.09.2022 11:54:00"
"ASUSE","462353","05.09.2022 11:56:35","05.09.2022 11:56:37"
"ASUSE","61880_19","08.09.2022 19:54:20",
"VSHAP001","61880_2","07.09.2022 8:45:16","07.09.2022 8:45:19"
"VSHAP001","61880_2","07.09.2022 9:25:12","07.09.2022 9:25:14"
"OKOK006","61880-9-NEW","07.09.2022 13:45:50","07.09.2022 13:45:54"
"NSYS002","61880_20","07.09.2022 15:45:13","07.09.2022 15:45:14"
"NSYS002","61880_20","07.09.2022 15:45:52",
"NSYS002","61880_11_new","07.09.2022 15:46:07","07.09.2022 15:46:12"
"NSYS002","61880_8","07.09.2022 15:46:39","07.09.2022 15:46:41"
"VSHAP001","61880_2","05.09.2022 8:17:37","05.09.2022 8:17:39"
"VSHAP001","61880_2","05.09.2022 8:35:09","05.09.2022 8:35:10"
"VSHAP001","61880_2","05.09.2022 9:17:00","05.09.2022 9:17:01"
"SBUR012","61880_2","06.09.2022 8:04:50","06.09.2022 8:04:52"
"SBUR012","61880_2","06.09.2022 10:24:13","06.09.2022 10:24:15"
"VSHAP001","61880_2","09.09.2022 10:12:08","09.09.2022 10:12:10"
"ASUSE","61880_19","08.09.2022 19:54:37","08.09.2022 19:54:38"
"ASUSE","61880_19","08.09.2022 19:56:25",
"ASUSE","61880_17_new","08.09.2022 19:57:14","08.09.2022 19:57:23"
"TNIK008","64224","09.09.2022 6:22:22","09.09.2022 6:22:31"
"TNIK008","64224","08.09.2022 10:43:08","08.09.2022 10:43:19"
"TNIK008","64224","08.09.2022 14:54:24","08.09.2022 14:54:37"
"NSYS002","61880_8","09.09.2022 8:26:31","09.09.2022 8:26:33"
"NSYS002","61880_19","09.09.2022 9:23:26","09.09.2022 9:23:28"
"VSHAP001","61880_2","06.09.2022 9:32:00","06.09.2022 9:32:01"
"VSHAP001","61880_2","06.09.2022 10:22:31","06.09.2022 10:22:33"
"SBUR012","61880_2","07.09.2022 10:33:28","07.09.2022 10:33:30"
"VSHAP001","61880_2","08.09.2022 8:26:56","08.09.2022 8:26:58"
"VSHAP001","61880_2","08.09.2022 9:02:28","08.09.2022 9:02:30"
"VSHAP001","61880_2","08.09.2022 9:38:39","08.09.2022 9:38:41"
"VSHAP001","462359_rep_year","08.09.2022 12:07:31","08.09.2022 12:10:56"
"TNIK008","64224","09.09.2022 9:41:28","09.09.2022 9:41:34"
"OKOK006","64224","09.09.2022 14:48:45","09.09.2022 14:49:09"
"ASUSE","462359_rep_year","09.09.2022 16:24:07","09.09.2022 16:27:52"
"YUDOR001","61880_19","12.09.2022 10:25:50","12.09.2022 10:25:51"
"NSYS002","61880_11_new","09.09.2022 10:48:04","09.09.2022 10:48:08"
"IMOS002","61880_19","12.09.2022 9:43:32","12.09.2022 9:43:33"
"YUDOR001","61880_19","12.09.2022 10:30:30","12.09.2022 10:30:32"
"YUDOR001","61880_19","12.09.2022 10:31:47","12.09.2022 10:31:49"
"SBUR012","61880_2","07.09.2022 11:10:20","07.09.2022 11:10:22"
"SBUR012","61880_2","07.09.2022 12:04:42","07.09.2022 12:04:45"
"SBUR012","61880_2","07.09.2022 12:31:17","07.09.2022 12:31:19"
"DBAKH001","61880-9-NEW","07.09.2022 13:03:45","07.09.2022 13:04:01"
"VSHAP001","61759_1","08.09.2022 15:27:23","08.09.2022 15:27:24"
"NSYS002","61880_20","09.09.2022 10:48:44","09.09.2022 10:48:45"
"YUDOR001","61880_19","12.09.2022 10:28:36","12.09.2022 10:28:37"
"YUDOR001","61880_19","12.09.2022 10:37:49","12.09.2022 10:37:50"
"SBUR012","61880_2","12.09.2022 8:16:39","12.09.2022 8:16:41"
"SBUR012","61880_2","12.09.2022 10:11:44","12.09.2022 10:11:46"
"SBUR012","61880_2","12.09.2022 10:24:58","12.09.2022 10:24:59"
"TNIK008","64224","09.09.2022 9:51:22","09.09.2022 9:51:30"
"YUDOR001","61880_2","09.09.2022 10:01:13","09.09.2022 10:01:15"
"YUDOR001","61880_2","09.09.2022 10:01:55","09.09.2022 10:01:57"
"YUDOR001","61880_20","12.09.2022 8:30:24","12.09.2022 8:30:25"
"YUDOR001","462353","12.09.2022 8:36:05","12.09.2022 8:36:11"
"SBUR012","61880_2","07.09.2022 13:10:38","07.09.2022 13:10:40"
"DBAKH001","61880-9-NEW","07.09.2022 13:16:58","07.09.2022 13:17:13"
"YUDOR001","61880_2","07.09.2022 16:35:42","07.09.2022 16:35:43"
"YUDOR001","61880_2","07.09.2022 16:42:33","07.09.2022 16:42:34"
"NCHER","61880_2","05.09.2022 12:57:00","05.09.2022 12:57:01"
"NCHER","61880_1","05.09.2022 14:02:35","05.09.2022 14:02:38"
"ASUSE","61880_2","08.09.2022 14:03:25","08.09.2022 14:03:27"
"ASUSE","64224","09.09.2022 12:19:29","09.09.2022 12:22:20"
"VSHAP001","61880_2","31.08.2022 8:14:18","31.08.2022 8:14:19"
"VSHAP001","61880_2","31.08.2022 8:25:38","31.08.2022 8:25:40"
"VSHAP001","61759_1","31.08.2022 9:07:07","31.08.2022 9:07:08"
"NSYS002","61880_19","08.09.2022 11:21:33","08.09.2022 11:21:34"
"YUDOR001","61880_19","12.09.2022 10:38:41","12.09.2022 10:38:43"
"YUDOR001","61880_19","12.09.2022 10:39:32","12.09.2022 10:39:34"
"YUDOR001","61880_19","12.09.2022 10:42:16","12.09.2022 10:42:17"
"SBUR012","61880_2","08.09.2022 8:09:47","08.09.2022 8:09:49"
"SBUR012","61880_2","08.09.2022 9:27:57","08.09.2022 9:27:59"
"SBUR012","61880_2","08.09.2022 11:22:51","08.09.2022 11:22:53"
"DBAKH001","61880-9-NEW","05.09.2022 12:11:25","05.09.2022 12:11:39"
"VSHAP001","61880_2","12.09.2022 8:18:15","12.09.2022 8:18:16"
"YUDOR001","61880_11_new","12.09.2022 8:48:46","12.09.2022 8:48:51"
"YUDOR001","61880_13","12.09.2022 8:52:10","12.09.2022 8:52:11"
"YUDOR001","61880_12","12.09.2022 9:02:38","12.09.2022 9:02:46"
"VSHAP001","61759_1","31.08.2022 9:11:40","31.08.2022 9:11:40"
"VSHAP001","61759_1","31.08.2022 9:21:25","31.08.2022 9:21:26"
"VSHAP001","61759_1","31.08.2022 9:29:53","31.08.2022 9:29:54"
"ASUSE","64224","09.09.2022 12:23:14","09.09.2022 12:26:23"
"YUDOR001","61880_19","12.09.2022 10:37:04","12.09.2022 10:37:05"
"YUDOR001","61880_19","12.09.2022 10:43:37","12.09.2022 10:43:38"
"YUDOR001","61880_19","12.09.2022 10:45:39","12.09.2022 10:45:40"
"NCHER","61880_2","08.09.2022 14:45:18","08.09.2022 14:45:20"
"OKOK006","61880_2","08.09.2022 15:24:36","08.09.2022 15:24:38"
"OKOK006","61880_19","08.09.2022 15:26:39","08.09.2022 15:26:40"
"VSHAP001","61759_1","09.09.2022 13:25:49","09.09.2022 13:25:50"
"VSHAP001","61880_2","09.09.2022 14:28:44","09.09.2022 14:28:46"
"YUDOR001","61880_19","12.09.2022 10:46:28","12.09.2022 10:46:29"
"DBAKH001","61880_17_new","31.08.2022 6:38:52","31.08.2022 6:38:56"
"DBAKH001","61880_17_new","31.08.2022 7:33:44","31.08.2022 7:33:47"
"DBAKH001","61880_17_new","31.08.2022 8:00:05","31.08.2022 8:00:09"
"YUDOR001","61880_19","12.09.2022 9:45:28","12.09.2022 9:45:29"
"VSHAP001","61880_2","12.09.2022 9:48:44","12.09.2022 9:48:46"
"YUDOR001","61880_19","12.09.2022 10:23:36","12.09.2022 10:23:37"
"YUDOR001","61880_19","08.09.2022 16:41:37","08.09.2022 16:41:38"
"YUDOR001","61880_2","08.09.2022 16:52:58","08.09.2022 16:53:00"
"YUDOR001","61880_2","08.09.2022 17:01:54","08.09.2022 17:01:56"
"DBAKH001","61880_17_new","30.08.2022 7:09:48","30.08.2022 7:09:55"
"DBAKH001","61880_17_new","30.08.2022 7:10:33","30.08.2022 7:10:40"
"DBAKH001","61880_17_new","30.08.2022 7:11:09","30.08.2022 7:11:19"
"VSHAP001","61880_19","30.08.2022 7:11:12","30.08.2022 7:11:13"
"VSHAP001","61880_19","30.08.2022 7:14:02","30.08.2022 7:14:03"
"VSHAP001","61880_2","30.08.2022 7:50:30","30.08.2022 7:50:31"
"SBUR012","61880_2","31.08.2022 8:08:14","31.08.2022 8:08:15"
"SBUR012","61880_2","31.08.2022 8:17:35","31.08.2022 8:17:37"
"SBUR012","61880_2","31.08.2022 9:17:29","31.08.2022 9:17:30"
"SBUR012","61880_2","30.08.2022 7:43:26","30.08.2022 7:43:27"
"SBUR012","61880_2","30.08.2022 8:34:58","30.08.2022 8:34:59"
"SBUR012","61880_2","30.08.2022 9:41:58","30.08.2022 9:42:00"
"DBAKH001","61880_17_new","30.08.2022 7:12:32","30.08.2022 7:12:40"
"DBAKH001","61880_17_new","30.08.2022 7:13:11","30.08.2022 7:13:19"
"DBAKH001","61880_17_new","30.08.2022 7:13:47","30.08.2022 7:13:55"
"VSHAP001","61880_2","30.08.2022 7:55:45","30.08.2022 7:55:47"
"NCHER","61759_1","31.08.2022 6:24:54","31.08.2022 6:24:54"
"NCHER","61759_1","31.08.2022 6:26:01","31.08.2022 6:26:01"
"DBAKH001","61880_17_new","31.08.2022 8:42:17","31.08.2022 8:42:21"
"NSYS002","61880_8","30.08.2022 10:42:50","30.08.2022 10:42:51"
"SBUR012","61880_2","31.08.2022 9:23:25","31.08.2022 9:23:27"
"SBUR012","61880_2","31.08.2022 9:29:07","31.08.2022 9:29:09"
"APAR006","61880_2","01.09.2022 10:34:12","01.09.2022 10:34:14"
"APAR006","61880_2","30.08.2022 7:25:15","30.08.2022 7:25:16"
"SBUR012","61880_2","30.08.2022 10:51:56","30.08.2022 10:51:58"
"SBUR012","61880_2","05.09.2022 7:38:09","05.09.2022 7:38:11"
"DBAKH001","61880_17_new","30.08.2022 7:14:24","30.08.2022 7:14:32"
"DBAKH001","61880_17_new","30.08.2022 7:15:45","30.08.2022 7:15:54"
"DBAKH001","61880_17_new","30.08.2022 7:16:44","30.08.2022 7:16:52"
"DBAKH001","61880_17_new","30.08.2022 7:20:40","30.08.2022 7:20:47"
"DBAKH001","61880_17_new","31.08.2022 9:11:21","31.08.2022 9:11:25"
"DBAKH001","61880_17_new","31.08.2022 9:19:31","31.08.2022 9:19:38"
"DBAKH001","61880_17_new","31.08.2022 9:56:05","31.08.2022 9:56:08"
"APAR006","61880_2","01.09.2022 10:54:15","01.09.2022 10:54:16"
"SBUR012","61880_2","07.09.2022 9:00:52","07.09.2022 9:00:54"
"NCHER","61880_1","07.09.2022 9:19:08","07.09.2022 9:19:11"
"SBUR012","61880_2","05.09.2022 7:59:43","05.09.2022 7:59:44"
"SBUR012","61880_2","05.09.2022 8:08:24","05.09.2022 8:08:26"
"DBAKH001","61880_17_new","30.08.2022 7:21:47","30.08.2022 7:21:54"
"SBUR012","61880_2","01.09.2022 7:26:14","01.09.2022 7:26:16"
"SBUR012","61880_2","01.09.2022 7:44:38","01.09.2022 7:44:40"
"DBAKH001","61880_17_new","31.08.2022 9:56:39","31.08.2022 9:56:43"
"DBAKH001","61880_17_new","31.08.2022 9:57:25","31.08.2022 9:57:29"
"DBAKH001","61880_17_new","31.08.2022 9:58:17","31.08.2022 9:58:22"
"DBAKH001","61880_17_new","31.08.2022 10:51:18","31.08.2022 10:51:23"
"GBOL056","61880-9-NEW","01.09.2022 8:51:14","01.09.2022 8:51:20"
"OKOK006","64224","02.09.2022 12:31:19","02.09.2022 12:31:22"
"OKOK006","64224","02.09.2022 12:31:43","02.09.2022 12:31:45"
"OKOK006","64224","02.09.2022 12:32:09","02.09.2022 12:32:10"
"SBUR012","61880_2","05.09.2022 8:10:59","05.09.2022 8:11:01"
"SBUR012","61880_2","05.09.2022 8:53:07","05.09.2022 8:53:08"
"SBUR012","61880_2","05.09.2022 8:54:27","05.09.2022 8:54:29"
"APAR006","61880_2","30.08.2022 9:09:42","30.08.2022 9:09:44"
"NCHER","61880_2","01.09.2022 7:55:26","01.09.2022 7:55:28"
"SBUR012","61880_2","01.09.2022 8:25:14","01.09.2022 8:25:16"
"NCHER","61880_8","01.09.2022 9:30:40","01.09.2022 9:30:42"
"DBAKH001","61880_17_new","31.08.2022 10:53:55","31.08.2022 10:53:59"
"DBAKH001","61880_17_new","31.08.2022 10:55:46","31.08.2022 10:55:50"
"VSHAP001","61759_1","31.08.2022 11:10:58","31.08.2022 11:10:58"
"OKOK006","64224","02.09.2022 13:14:13","02.09.2022 13:14:16"
"OKOK006","64224","02.09.2022 13:15:07","02.09.2022 13:15:09"
"OKOK006","64224","02.09.2022 13:16:07","02.09.2022 13:16:09"
"YUDOR001","61880_19","12.09.2022 10:48:39","12.09.2022 10:48:40"
"YUDOR001","61880_19","12.09.2022 10:49:37","12.09.2022 10:49:38"
"YUDOR001","61880_19","12.09.2022 10:50:23","12.09.2022 10:50:24"
"YUDOR001","61880_19","12.09.2022 10:51:16","12.09.2022 10:51:17"
"NYAK001","61880_14","16.09.2022 15:11:30","16.09.2022 15:11:30"
"NYAK001","61880_14","16.09.2022 15:13:52","16.09.2022 15:13:52"
"NYAK001","61880_14","16.09.2022 15:15:02","16.09.2022 15:15:03"
"YUDOR001","61880_19","12.09.2022 10:54:16","12.09.2022 10:54:17"
"YUDOR001","61880_19","12.09.2022 10:55:16","12.09.2022 10:55:18"
"YUDOR001","61880_19","12.09.2022 11:03:47","12.09.2022 11:03:48"
"YUDOR001","61880_19","12.09.2022 11:04:38","12.09.2022 11:04:39"
"OKOK006","61880_17_new","19.09.2022 14:02:31","19.09.2022 14:02:47"
"SBUR012","61880_2","20.09.2022 8:51:16","20.09.2022 8:51:18"
"SBUR012","61880_2","20.09.2022 8:51:53","20.09.2022 8:51:55"
"YUDOR001","61880_19","12.09.2022 10:53:30","12.09.2022 10:53:31"
"YUDOR001","61880_8","13.09.2022 9:28:38","13.09.2022 9:28:39"
"YUDOR001","61880-9-NEW","13.09.2022 13:20:00","13.09.2022 13:20:07"
"SBUR012","61759_1","14.09.2022 7:25:03","14.09.2022 7:25:03"
"SBUR012","61880_2","15.09.2022 6:29:17","15.09.2022 6:29:19"
"SBUR012","61880_2","15.09.2022 6:50:34","15.09.2022 6:50:36"
"SBUR012","61880_2","15.09.2022 7:01:04","15.09.2022 7:01:05"
"YUDOR001","61880_19","12.09.2022 11:06:44","12.09.2022 11:06:45"
"YUDOR001","61880_19","12.09.2022 11:07:28","12.09.2022 11:07:29"
"YUDOR001","61880_19","12.09.2022 11:08:52","12.09.2022 11:08:53"
"YUDOR001","61880_19","12.09.2022 11:09:38","12.09.2022 11:09:40"
"DBAKH001","61880-9-NEW","13.09.2022 13:06:16","13.09.2022 13:06:34"
"DBAKH001","61880-9-NEW","13.09.2022 13:09:02","13.09.2022 13:09:18"
"DBAKH001","61880-9-NEW","13.09.2022 13:23:40","13.09.2022 13:23:55"
"DBAKH001","61880-9-NEW","13.09.2022 13:42:45","13.09.2022 13:43:02"
"DBAKH001","61880-9-NEW","13.09.2022 13:56:56","13.09.2022 13:57:13"
"DBAKH001","61880-9-NEW","13.09.2022 13:59:03","13.09.2022 13:59:18"
"DBAKH001","61880-9-NEW","13.09.2022 14:08:51","13.09.2022 14:09:09"
"DBAKH001","61880-9-NEW","13.09.2022 14:15:43","13.09.2022 14:16:00"
"DBAKH001","61880-9-NEW","13.09.2022 14:23:27","13.09.2022 14:23:44"
"DBAKH001","61880-9-NEW","13.09.2022 14:43:30","13.09.2022 14:43:45"
"SBUR012","61880_2","20.09.2022 8:59:42","20.09.2022 8:59:44"
"SBUR012","61880_10","20.09.2022 9:00:03","20.09.2022 9:00:04"
"SBUR012","61880_10","20.09.2022 9:00:34","20.09.2022 9:00:35"
"SBUR012","61880_8","20.09.2022 9:01:42","20.09.2022 9:01:44"
"SBUR012","61880_19","20.09.2022 9:02:32","20.09.2022 9:02:34"
"SBUR012","61759_1","14.09.2022 7:35:14","14.09.2022 7:35:15"
"SBUR012","61759_1","14.09.2022 7:42:23","14.09.2022 7:42:24"
"SBUR012","61759_1","14.09.2022 7:43:13","14.09.2022 7:43:14"
"SBUR012","61880_2","15.09.2022 7:07:33","15.09.2022 7:07:35"
"SBUR012","61880_2","15.09.2022 7:10:58","15.09.2022 7:11:00"
"SBUR012","61880_2","15.09.2022 7:15:26","15.09.2022 7:15:28"
"YUDOR001","61880_19","12.09.2022 11:10:34","12.09.2022 11:10:35"
"YUDOR001","61880_19","12.09.2022 11:12:24","12.09.2022 11:12:25"
"YUDOR001","61880_19","12.09.2022 11:13:07","12.09.2022 11:13:08"
"YUDOR001","61880_19","12.09.2022 11:14:13","12.09.2022 11:14:15"
"SBUR012","61880_1","20.09.2022 9:06:07","20.09.2022 9:06:10"
"SBUR012","61880_10","20.09.2022 9:16:33","20.09.2022 9:16:34"
"SBUR012","61880_10","20.09.2022 9:17:46","20.09.2022 9:17:47"
"NYAK001","64224","20.09.2022 10:39:07","20.09.2022 10:39:32"
"VSHAP001","61880_2","20.09.2022 10:48:09","20.09.2022 10:48:11"
"SBUR012","61759_1","14.09.2022 7:43:49","14.09.2022 7:43:49"
"SBUR012","61759_1","14.09.2022 7:44:56","14.09.2022 7:44:56"
"SBUR012","61759_1","14.09.2022 7:56:51","14.09.2022 7:56:52"
"SBUR012","61880_2","15.09.2022 7:44:02","15.09.2022 7:44:04"
"NCHER","61759_1","15.09.2022 9:22:01","15.09.2022 9:22:02"
"NYAK001","61880_14","16.09.2022 15:17:06","16.09.2022 15:17:06"
"YUDOR001","61880_19","12.09.2022 11:15:02","12.09.2022 11:15:04"
"YUDOR001","61880_19","12.09.2022 11:16:03","12.09.2022 11:16:04"
"YUDOR001","61880_19","12.09.2022 11:17:34","12.09.2022 11:17:35"
"YUDOR001","61880_19","12.09.2022 11:18:32","12.09.2022 11:18:33"
"VSHAP001","61880_2","13.09.2022 7:12:23","13.09.2022 7:12:26"
"VSHAP001","61880_2","13.09.2022 9:35:07","13.09.2022 9:35:09"
"VSHAP001","61880_2","13.09.2022 9:41:17","13.09.2022 9:41:19"
"SBUR012","61759_1","14.09.2022 7:57:52","14.09.2022 7:57:53"
"SBUR012","61759_1","14.09.2022 7:58:32","14.09.2022 7:58:33"
"SBUR012","61759_1","14.09.2022 7:59:09","14.09.2022 7:59:10"
"NYAK001","61880_14","16.09.2022 15:18:10","16.09.2022 15:18:11"
"SBUR012","61880_2","19.09.2022 6:18:33","19.09.2022 6:18:35"
"NCHER","61880_2","19.09.2022 6:42:56","19.09.2022 6:42:58"
"YUDOR001","61880_19","12.09.2022 11:19:31","12.09.2022 11:19:33"
"YUDOR001","61880_19","12.09.2022 11:20:23","12.09.2022 11:20:25"
"YUDOR001","61880_1","12.09.2022 12:21:10","12.09.2022 12:21:13"
"YUDOR001","61880_2","12.09.2022 14:26:39","12.09.2022 14:26:41"
"VSHAP001","61880_2","13.09.2022 9:58:03","13.09.2022 9:58:05"
"VSHAP001","61880_2","15.09.2022 6:50:47","15.09.2022 6:50:49"
"VSHAP001","61880_2","15.09.2022 8:32:10","15.09.2022 8:32:12"
"SBUR012","61880_8","14.09.2022 8:36:54","14.09.2022 8:36:56"
"SBUR012","61880_8","14.09.2022 8:37:53","14.09.2022 8:37:54"
"SBUR012","61880_8","14.09.2022 8:38:34","14.09.2022 8:38:36"
"SBUR012","61880_8","14.09.2022 8:39:18","14.09.2022 8:39:20"
"SBUR012","61880_2","19.09.2022 7:02:44","19.09.2022 7:02:46"
"NYAK001","61880_14","19.09.2022 7:52:28","19.09.2022 7:52:28"
"SBUR012","61759_1","19.09.2022 7:53:00","19.09.2022 7:53:01"
"NCHER","61880_2","14.09.2022 10:40:45","14.09.2022 10:40:47"
"AGAB003","61880_2","19.09.2022 7:01:37","19.09.2022 7:01:39"
"AKAN671","61880-9-NEW","19.09.2022 11:20:45","19.09.2022 11:20:50"
"AKAN671","61880_17_new","19.09.2022 11:23:15","19.09.2022 11:23:28"
"AKAN671","61880_17","19.09.2022 11:24:40","19.09.2022 11:24:46"
"VSHAP001","61880_2","12.09.2022 14:34:38","12.09.2022 14:34:40"
"VSHAP001","61880_2","15.09.2022 8:35:59","15.09.2022 8:36:01"
"VSHAP001","61880_2","15.09.2022 9:11:01","15.09.2022 9:11:03"
"SBUR012","61880_2","14.09.2022 9:40:49","14.09.2022 9:40:51"
"SBUR012","61880_2","14.09.2022 10:46:38","14.09.2022 10:46:40"
"SBUR012","61880_2","14.09.2022 10:48:14","14.09.2022 10:48:16"
"NYAK001","61880_14","19.09.2022 7:59:12","19.09.2022 7:59:13"
"NYAK001","61880_14","19.09.2022 8:01:00","19.09.2022 8:01:01"
"VSHAP001","61759_1","19.09.2022 8:01:02","19.09.2022 8:01:03"
"AKAN671","61880_2","19.09.2022 11:45:03","19.09.2022 11:45:05"
"AKAN671","61880_15","19.09.2022 11:47:09","19.09.2022 11:47:09"
"OKOK006","61759_1","19.09.2022 13:16:32","19.09.2022 13:16:33"
"OKOK006","61880_10","19.09.2022 13:16:46","19.09.2022 13:16:47"
"YVAS004","64224","14.09.2022 10:00:48","14.09.2022 10:01:19"
"IMOS002","61880_2","15.09.2022 11:03:22","15.09.2022 11:03:24"
"NFED156","64224","15.09.2022 16:35:54","15.09.2022 16:35:55"
"SBUR012","61880_2","14.09.2022 10:49:10","14.09.2022 10:49:12"
"SBUR012","61880_2","14.09.2022 10:49:50","14.09.2022 10:49:52"
"AGAB003","61880_2","14.09.2022 11:35:35","14.09.2022 11:35:37"
"NYAK001","61880_14","19.09.2022 8:02:56","19.09.2022 8:02:57"
"NYAK001","61880_14","19.09.2022 8:07:24","19.09.2022 8:07:27"
"SBUR012","61880_2","19.09.2022 8:45:25","19.09.2022 8:45:27"
"OKOK006","61880_2","19.09.2022 13:17:02","19.09.2022 13:17:04"
"OKOK006","61880_7","19.09.2022 13:17:45","19.09.2022 13:17:46"
"OKOK006","61880_7","19.09.2022 13:17:55","19.09.2022 13:17:55"
"OKOK006","462359_rep_year","19.09.2022 13:18:15","19.09.2022 13:22:00"
"OKOK006","63051","19.09.2022 13:48:23","19.09.2022 13:48:23"
"OKOK006","64224","14.09.2022 10:06:05","14.09.2022 10:06:26"
"OKOK006","64224","14.09.2022 10:11:51","14.09.2022 10:12:14"
"SBUR012","61880_2","14.09.2022 12:13:16","14.09.2022 12:13:18"
"NCHER","61880_2","14.09.2022 19:00:31","14.09.2022 19:00:33"
"NCHER","61880_2","14.09.2022 19:04:15","14.09.2022 19:04:16"
"NCHER","61880_1","14.09.2022 19:06:20","14.09.2022 19:06:22"
"NCHER","61880_12","14.09.2022 19:07:41","14.09.2022 19:07:48"
"SBUR012","61880_2","19.09.2022 8:50:23","19.09.2022 8:50:24"
"VSHAP001","61880_2","19.09.2022 9:26:39","19.09.2022 9:26:41"
"SBUR012","61880_2","19.09.2022 9:52:44","19.09.2022 9:52:46"
"OKOK006","61880_13","19.09.2022 13:48:37","19.09.2022 13:48:39"
"SBUR012","61759_1","19.09.2022 13:50:38","19.09.2022 13:50:38"
"OKOK006","61880_14","19.09.2022 13:51:38","19.09.2022 13:51:43"
"OKOK006","61880_18","19.09.2022 13:52:17",
"SBUR012","61880_2","14.09.2022 12:30:28","14.09.2022 12:30:30"
"SBUR012","61759_1","14.09.2022 13:29:55","14.09.2022 13:29:56"
"SBUR012","61759_1","14.09.2022 13:34:51","14.09.2022 13:34:52"
"SBUR012","61759_1","14.09.2022 13:36:14","14.09.2022 13:36:14"
"YUDOR001","61880_2","14.09.2022 12:36:49","14.09.2022 12:36:51"
"YUDOR001","61880_13","14.09.2022 12:43:21","14.09.2022 12:43:29"
"NSYS002","61880_8","15.09.2022 9:11:58","15.09.2022 9:12:00"
"SBUR012","61880_2","15.09.2022 11:26:34","15.09.2022 11:26:36"
"VSHAP001","61880_2","19.09.2022 9:53:37","19.09.2022 9:53:39"
"SBUR012","61759_1","19.09.2022 10:29:58","19.09.2022 10:29:59"
"DBAKH001","61880_17","19.09.2022 11:15:32","19.09.2022 11:15:39"
"DBAKH001","61880_17_new","19.09.2022 11:17:03","19.09.2022 11:17:20"
"NSYS002","61880_8","12.09.2022 14:58:14","12.09.2022 14:58:16"
"OKOK006","61759_1","15.09.2022 14:19:14","15.09.2022 14:19:14"
"OKOK006","64224","15.09.2022 15:53:46","15.09.2022 15:53:46"
"OKOK006","64224","15.09.2022 15:53:56","15.09.2022 15:57:18"
"SBUR012","61759_1","14.09.2022 13:36:49","14.09.2022 13:36:50"
"SBUR012","61759_1","14.09.2022 13:37:26","14.09.2022 13:37:27"
"SBUR012","61880_2","14.09.2022 14:12:59","14.09.2022 14:13:01"
"NCHER","462359_rep","12.09.2022 12:24:55","12.09.2022 12:28:30"
"DBAKH001","61880-9-NEW","14.09.2022 14:17:35","14.09.2022 14:17:52"
"DBAKH001","61880-9-NEW","14.09.2022 14:18:53","14.09.2022 14:19:10"
"DBAKH001","61880-9-NEW","14.09.2022 14:22:52","14.09.2022 14:23:06"
"DBAKH001","61880-9-NEW","14.09.2022 14:27:24","14.09.2022 14:27:39"
"DBAKH001","61880-9-NEW","14.09.2022 14:32:11","14.09.2022 14:32:25"
"DBAKH001","61880-9-NEW","14.09.2022 14:38:25","14.09.2022 14:38:43"
"SBUR012","61880_2","15.09.2022 12:49:21","15.09.2022 12:49:23"
"SBUR012","61880_2","15.09.2022 14:21:24","15.09.2022 14:21:26"
"SBUR012","61759_1","15.09.2022 14:22:36","15.09.2022 14:22:37"
"DBAKH001","61880_17_new","19.09.2022 11:18:50","19.09.2022 11:19:05"
"SBUR012","61759_1","19.09.2022 11:40:18","19.09.2022 11:40:18"
"SBUR012","61880_2","19.09.2022 12:49:10","19.09.2022 12:49:12"
"OKOK006","64224","15.09.2022 18:14:43","15.09.2022 18:14:52"
"OKOK006","61880_18","19.09.2022 13:52:31","19.09.2022 13:53:03"
"OKOK006","61880_19","19.09.2022 13:56:09",
"SBUR012","61880_2","14.09.2022 14:24:18","14.09.2022 14:24:20"
"DBAKH001","61880-9-NEW","15.09.2022 5:50:41","15.09.2022 5:50:54"
"DBAKH001","61880-9-NEW","15.09.2022 5:53:16","15.09.2022 5:53:29"
"DBAKH001","61880-9-NEW","15.09.2022 5:57:45","15.09.2022 5:57:59"
"DBAKH001","61880-9-NEW","15.09.2022 6:02:03","15.09.2022 6:02:17"
"DBAKH001","61880-9-NEW","15.09.2022 6:26:11","15.09.2022 6:26:25"
"DBAKH001","61880-9-NEW","15.09.2022 6:43:52","15.09.2022 6:44:06"
"DBAKH001","61880-9-NEW","15.09.2022 6:50:22","15.09.2022 6:50:37"
"DBAKH001","61880-9-NEW","15.09.2022 6:53:03","15.09.2022 6:53:18"
"DBAKH001","61880-9-NEW","15.09.2022 7:05:15","15.09.2022 7:05:30"
"DBAKH001","61880-9-NEW","15.09.2022 7:17:14","15.09.2022 7:17:29"
"DBAKH001","61880-9-NEW","15.09.2022 7:26:17","15.09.2022 7:26:32"
"DBAKH001","61880-9-NEW","15.09.2022 7:40:25","15.09.2022 7:40:40"
"DBAKH001","61880_17_new","15.09.2022 14:02:06","15.09.2022 14:02:16"
"NFED156","64224","15.09.2022 16:36:32","15.09.2022 16:39:36"
"SBUR012","61880_2","13.09.2022 10:03:37","13.09.2022 10:03:38"
"SBUR012","61880_2","13.09.2022 11:26:36","13.09.2022 11:26:38"
"VSHAP001","61880_2","16.09.2022 7:04:51","16.09.2022 7:04:53"
"DBAKH001","61880-9-NEW","14.09.2022 13:31:34","14.09.2022 13:31:50"
"DBAKH001","61880-9-NEW","14.09.2022 14:04:22","14.09.2022 14:04:38"
"DBAKH001","61880-9-NEW","14.09.2022 14:08:44","14.09.2022 14:09:02"
"DBAKH001","61880-9-NEW","14.09.2022 14:12:35","14.09.2022 14:12:52"
"ASUSE","61880_2","15.09.2022 15:05:18","15.09.2022 15:05:20"
"SBUR012","61880_2","16.09.2022 7:46:07","16.09.2022 7:46:09"
"SBUR012","61880_2","16.09.2022 8:08:14","16.09.2022 8:08:15"
"OKOK006","61880_19","19.09.2022 13:56:13",
"OKOK006","64224","19.09.2022 13:56:27","19.09.2022 13:56:29"
"OKOK006","64224","19.09.2022 14:48:19","19.09.2022 14:48:20"
"SBUR012","61880_2","15.09.2022 8:19:56","15.09.2022 8:19:57"
"SBUR012","61759_1","15.09.2022 8:39:50","15.09.2022 8:39:50"
"SBUR012","61759_1","15.09.2022 8:40:34","15.09.2022 8:40:35"
"OKOK006","61880-9-NEW","12.09.2022 11:45:10","12.09.2022 11:45:14"
"DBAKH001","61880_17_new","12.09.2022 13:26:21","12.09.2022 13:26:41"
"DBAKH001","61880_17_new","12.09.2022 15:00:58","12.09.2022 15:01:18"
"VSHAP001","61880_2","16.09.2022 7:19:56","16.09.2022 7:19:58"
"NCHER","61880_2","13.09.2022 8:44:02","13.09.2022 8:44:04"
"NCHER","61880_2","13.09.2022 11:48:18","13.09.2022 11:48:20"
"NCHER","61880_8","13.09.2022 13:30:20","13.09.2022 13:30:22"
"NCHER","61880_8","13.09.2022 13:40:43","13.09.2022 13:40:44"
"SBUR012","61880_2","19.09.2022 15:34:54","19.09.2022 15:34:55"
"SBUR012","61759_1","19.09.2022 18:49:39","19.09.2022 18:49:39"
"NYAK001","64224","19.09.2022 19:30:20","19.09.2022 19:30:41"
"SBUR012","61759_1","15.09.2022 8:41:09","15.09.2022 8:41:10"
"SBUR012","61759_1","15.09.2022 8:41:54","15.09.2022 8:41:55"
"SBUR012","61759_1","15.09.2022 8:42:54","15.09.2022 8:42:55"
"VSHAP001","61880_2","16.09.2022 7:21:29","16.09.2022 7:21:31"
"VSHAP001","61880_19","16.09.2022 7:36:52","16.09.2022 7:36:53"
"VSHAP001","61880_2","16.09.2022 9:04:22","16.09.2022 9:04:24"
"DBAKH001","61880-9-NEW","16.09.2022 9:15:38","16.09.2022 9:15:47"
"SBUR012","61880_2","16.09.2022 10:12:08","16.09.2022 10:12:10"
"SBUR012","61880_2","16.09.2022 10:25:04","16.09.2022 10:25:06"
"SBUR012","61880_2","16.09.2022 11:13:22","16.09.2022 11:13:24"
"YUDOR001","61880_8","15.09.2022 9:04:58","15.09.2022 9:04:59"
"YUDOR001","61880_2","15.09.2022 9:09:04","15.09.2022 9:09:06"
"YUDOR001","61880_1","15.09.2022 9:13:33","15.09.2022 9:13:36"
"YUDOR001","61880_13","15.09.2022 9:18:07","15.09.2022 9:18:09"
"YUDOR001","61880_20","15.09.2022 9:27:47","15.09.2022 9:27:48"
"SBUR012","61759_1","15.09.2022 9:04:27","15.09.2022 9:04:27"
"SBUR012","61759_1","15.09.2022 9:05:19","15.09.2022 9:05:20"
"SBUR012","61880_2","15.09.2022 11:08:20","15.09.2022 11:08:22"
"NCHER","61880_8","13.09.2022 17:01:45","13.09.2022 17:01:46"
"NCHER","61880_2","13.09.2022 19:28:02","13.09.2022 19:28:04"
"DBAKH001","61880_17_new","16.09.2022 9:18:10","16.09.2022 9:18:34"
"VSHAP001","61880_2","16.09.2022 10:10:31","16.09.2022 10:10:33"
"VSHAP001","61880_2","14.09.2022 7:57:57","14.09.2022 7:57:59"
"VSHAP001","61880_20","14.09.2022 12:00:49","14.09.2022 12:00:49"
"VSHAP001","61880_12","14.09.2022 12:03:02","14.09.2022 12:03:09"
"SBUR012","61880_2","16.09.2022 13:27:39","16.09.2022 13:27:40"
"SBUR012","61880_2","16.09.2022 13:29:18","16.09.2022 13:29:19"
"YUDOR001","61880_11_new","15.09.2022 9:29:57","15.09.2022 9:30:02"
"GBOL056","61880-9-NEW","19.09.2022 14:05:09","19.09.2022 14:05:13"
"GBOL056","61880-9-NEW","19.09.2022 14:26:11","19.09.2022 14:26:18"
"GBOL056","61880_17","19.09.2022 14:26:59","19.09.2022 14:27:05"
"GBOL056","61880_17","19.09.2022 14:27:53","19.09.2022 14:27:59"
"SBUR012","61880_2","20.09.2022 6:18:32","20.09.2022 6:18:34"
"SBUR012","61880_2","20.09.2022 7:02:02","20.09.2022 7:02:04"
"SBUR012","61880_2","14.09.2022 6:13:13","14.09.2022 6:13:15"
"SBUR012","61880_2","14.09.2022 6:17:52","14.09.2022 6:17:53"
"SBUR012","61759_1","14.09.2022 6:54:14","14.09.2022 6:54:15"
"IGRI056","61880_2","16.09.2022 13:20:54","16.09.2022 13:20:56"
"AKAN671","61880_7","16.09.2022 13:44:09","16.09.2022 13:44:10"
"GBOL056","61880-9-NEW","16.09.2022 13:53:26","16.09.2022 13:53:31"
"GBOL056","61880-9-NEW","16.09.2022 13:54:35","16.09.2022 13:54:40"
"GBOL056","61880_17","16.09.2022 13:56:17","16.09.2022 13:56:23"
"GBOL056","61880_17","16.09.2022 13:57:11","16.09.2022 13:57:17"
"NYAK001","61880_14","16.09.2022 15:10:40","16.09.2022 15:10:41"
"SBUR012","61880_2","16.09.2022 13:31:53","16.09.2022 13:31:55"
"VSHAP001","61880_2","19.09.2022 12:49:41","19.09.2022 12:49:42"
"AGAB003","63051","19.09.2022 12:51:41","19.09.2022 12:54:06"
"YVAS004","64224","19.09.2022 13:06:22","19.09.2022 13:06:45"
"VSHAP001","61880_19","20.09.2022 7:13:24","20.09.2022 7:13:26"
"AGAB003","61880_2","20.09.2022 7:37:54","20.09.2022 7:37:56"
"SBUR012","61880_2","20.09.2022 8:12:17","20.09.2022 8:12:18"
"AKAN671","61880-9-NEW","20.09.2022 15:51:32","20.09.2022 15:51:37"
"AKAN671","61880_17","20.09.2022 15:55:11","20.09.2022 15:55:17"
"AKAN671","61880_17_new","20.09.2022 15:56:23","20.09.2022 15:56:31"
"AKAN671","61880_2","20.09.2022 16:11:24","20.09.2022 16:11:25"
"AKAN671","63051","20.09.2022 16:13:16","20.09.2022 16:13:21"
"AKAN671","61880_7","20.09.2022 16:16:48","20.09.2022 16:16:49"
"VSHAP001","61880_2","20.09.2022 17:11:33","20.09.2022 17:11:35"
"VSHAP001","61880_10","20.09.2022 17:13:38","20.09.2022 17:13:39"
"SBUR012","61880_2","21.09.2022 6:49:41","21.09.2022 6:49:43"
"SBUR012","61759_1","21.09.2022 7:43:16","21.09.2022 7:43:16"
"NYAK001","61880_14","22.09.2022 8:20:58","22.09.2022 8:20:58"
"NYAK001","61880_10","22.09.2022 8:21:34","22.09.2022 8:21:35"
"NYAK001","61880_14","22.09.2022 8:41:32","22.09.2022 8:41:33"
"NYAK001","61880_14","22.09.2022 8:44:20","22.09.2022 8:44:20"
"NYAK001","61880_17","22.09.2022 8:58:31","22.09.2022 8:58:37"
"DBAKH001","61880_20","21.09.2022 7:37:27","21.09.2022 7:37:27"
"DBAKH001","61880_7","21.09.2022 7:57:46","21.09.2022 7:57:46"
"DBAKH001","61759_1","21.09.2022 8:00:10","21.09.2022 8:00:11"
"VSHAP001","61880_19","21.09.2022 9:24:29","21.09.2022 9:24:30"
"VSHAP001","61880_2","22.09.2022 12:52:27","22.09.2022 12:52:30"
"VSHAP001","61880_2","22.09.2022 13:37:34","22.09.2022 13:37:37"
"VSHAP001","61880_8","22.09.2022 15:05:46","22.09.2022 15:05:48"
"ASUSE","61880-9-NEW","22.09.2022 22:38:08","22.09.2022 22:38:17"
"ASUSE","61880-9-NEW","22.09.2022 22:38:41","22.09.2022 22:38:51"
"ASUSE","61880-9-NEW","22.09.2022 22:40:08","22.09.2022 22:40:22"
"ASUSE","61880-9-all","22.09.2022 22:41:08","22.09.2022 22:41:09"
"ASUSE","61880-9-all","22.09.2022 23:15:54","22.09.2022 23:15:55"
"ASUSE","61880_17_new","22.09.2022 23:17:06","22.09.2022 23:17:22"
"NYAK001","61880_14","21.09.2022 8:22:20","21.09.2022 8:22:21"
"SBUR012","61880_2","21.09.2022 9:33:24","21.09.2022 9:33:26"
"SBUR012","61880_2","21.09.2022 9:34:35","21.09.2022 9:34:36"
"NYAK001","61880_17_new","22.09.2022 9:00:30","22.09.2022 9:00:46"
"NYAK001","61880_10","22.09.2022 9:03:26","22.09.2022 9:03:27"
"NYAK001","61880_14","22.09.2022 10:11:07","22.09.2022 10:11:08"
"NYAK001","61880_14","22.09.2022 10:22:28","22.09.2022 10:22:28"
"NSYS002","61880_8","20.09.2022 14:57:15","20.09.2022 14:57:17"
"VSHAP001","61880_10","20.09.2022 17:22:31","20.09.2022 17:22:31"
"VSHAP001","61880_10","20.09.2022 17:23:18","20.09.2022 17:23:19"
"VSHAP001","61880_10","20.09.2022 17:23:46","20.09.2022 17:23:47"
"VSHAP001","61880_10","20.09.2022 17:24:14","20.09.2022 17:24:15"
"VSHAP001","61880_10","20.09.2022 17:25:00","20.09.2022 17:25:01"
"VSHAP001","61880_10","20.09.2022 17:25:43","20.09.2022 17:25:44"
"VSHAP001","61880_10","20.09.2022 17:26:13","20.09.2022 17:26:14"
"VSHAP001","61880_10","20.09.2022 17:26:43","20.09.2022 17:26:44"
"VSHAP001","61880_8","20.09.2022 17:28:08","20.09.2022 17:28:09"
"VSHAP001","61759_1","20.09.2022 19:37:29","20.09.2022 19:37:30"
"VSHAP001","61880_19","21.09.2022 9:27:24","21.09.2022 9:27:25"
"ASUSE","61880_17","22.09.2022 23:18:22","22.09.2022 23:18:28"
"ILES001","64224","23.09.2022 12:11:43",
"YUDOR001","61880_19","23.09.2022 14:15:25","23.09.2022 14:15:26"
"YUDOR001","61880_11_new","23.09.2022 15:10:13","23.09.2022 15:10:19"
"SBUR012","61880_2","21.09.2022 9:43:24","21.09.2022 9:43:26"
"NYAK001","61880_10","21.09.2022 9:54:37","21.09.2022 9:54:38"
"NYAK001","61880_14","21.09.2022 9:56:13","21.09.2022 9:56:14"
"SBUR012","61880_2","21.09.2022 10:10:21","21.09.2022 10:10:22"
"IGRI056","61880_2","20.09.2022 13:58:14","20.09.2022 13:58:16"
"YUDOR001","61880_19","21.09.2022 10:59:45","21.09.2022 10:59:46"
"YUDOR001","61880_2","21.09.2022 11:03:48","21.09.2022 11:03:50"
"VSHAP001","61880_19","21.09.2022 9:27:31","21.09.2022 9:27:32"
"ASUSE","61880_17","21.09.2022 13:44:29","21.09.2022 13:44:36"
"ASUSE","61880_17","21.09.2022 13:44:52","21.09.2022 13:44:59"
"ASUSE","61880_17","21.09.2022 13:49:50","21.09.2022 13:49:56"
"DBAKH001","61880-9-NEW","21.09.2022 16:02:22","21.09.2022 16:02:38"
"DBAKH001","61880-9-NEW","21.09.2022 16:08:22","21.09.2022 16:08:37"
"DBAKH001","61880-9-NEW","21.09.2022 16:10:49","21.09.2022 16:11:05"
"AGAB003","61880_2","22.09.2022 7:25:21","22.09.2022 7:25:24"
"AGAB003","462359_rep_year","22.09.2022 7:44:41",
"AGAB003","63051","22.09.2022 7:49:05","22.09.2022 7:49:06"
"AGAB003","63051","22.09.2022 7:49:49","22.09.2022 7:52:30"
"AGAB003","462359_rep_year","22.09.2022 8:42:30",
"GBOL056","61880_17","23.09.2022 5:39:11","23.09.2022 5:39:16"
"GBOL056","61880_17","23.09.2022 5:41:09","23.09.2022 5:41:15"
"GBOL056","61880_17_new","23.09.2022 5:42:31","23.09.2022 5:42:40"
"GBOL056","61880_17","23.09.2022 5:43:42","23.09.2022 5:43:48"
"GBOL056","61880-9-NEW","23.09.2022 5:45:46","23.09.2022 5:45:53"
"GBOL056","61880-9-NEW","23.09.2022 5:47:46","23.09.2022 5:47:53"
"GBOL056","61880-9-NEW","23.09.2022 5:49:38","23.09.2022 5:49:45"
"GBOL056","61880_17","23.09.2022 7:13:44","23.09.2022 7:13:49"
"GBOL056","61880_17","23.09.2022 7:26:06","23.09.2022 7:26:13"
"YUDOR001","61880_2","23.09.2022 15:10:44","23.09.2022 15:10:46"
"VSHAP001","61880_19","23.09.2022 15:36:54","23.09.2022 15:36:56"
"SBUR012","61880_2","26.09.2022 9:43:32","26.09.2022 9:43:34"
"NCHER","61880_2","21.09.2022 9:27:16","21.09.2022 9:27:18"
"SBUR012","61880_2","21.09.2022 10:12:29","21.09.2022 10:12:31"
"SBUR012","61880_10","21.09.2022 10:13:52","21.09.2022 10:13:53"
"NYAK001","61880_14","21.09.2022 10:16:27","21.09.2022 10:16:27"
"YUDOR001","61880_2","21.09.2022 11:11:45","21.09.2022 11:11:47"
"YUDOR001","61880_2","21.09.2022 11:23:26","21.09.2022 11:23:28"
"YUDOR001","61880_2","21.09.2022 22:16:16","21.09.2022 22:16:18"
"NYAK001","64224","20.09.2022 12:45:26","20.09.2022 12:45:54"
"NYAK001","64224","20.09.2022 13:22:19","20.09.2022 13:22:47"
"SBUR012","61880_2","23.09.2022 10:17:35","23.09.2022 10:17:37"
"EKAR014","61880_14","22.09.2022 10:57:21","22.09.2022 10:57:25"
"YUDOR001","61880_8","23.09.2022 15:44:35","23.09.2022 15:44:37"
"YUDOR001","61880_2","23.09.2022 15:52:41","23.09.2022 15:52:43"
"VSHAP001","61880_8","26.09.2022 7:14:40","26.09.2022 7:14:42"
"VSHAP001","61880_19","26.09.2022 7:19:54","26.09.2022 7:19:56"
"VSHAP001","61880_10","26.09.2022 7:58:25","26.09.2022 7:58:26"
"VSHAP001","61880_10","26.09.2022 8:24:21","26.09.2022 8:24:22"
"VSHAP001","61880_10","26.09.2022 8:29:36","26.09.2022 8:29:37"
"VSHAP001","61880_10","26.09.2022 8:30:11","26.09.2022 8:30:12"
"VSHAP001","61880_10","26.09.2022 8:31:42","26.09.2022 8:31:43"
"VSHAP001","61880_10","26.09.2022 8:36:31","26.09.2022 8:36:32"
"VSHAP001","61880_10","26.09.2022 8:37:09","26.09.2022 8:37:10"
"VSHAP001","61880_10","26.09.2022 8:38:55","26.09.2022 8:38:56"
"VSHAP001","61880_10","26.09.2022 8:40:21","26.09.2022 8:40:22"
"VSHAP001","61880_10","26.09.2022 8:41:48","26.09.2022 8:41:49"
"VSHAP001","61880_10","26.09.2022 8:50:08","26.09.2022 8:50:09"
"VSHAP001","61880_10","26.09.2022 8:50:42","26.09.2022 8:50:43"
"VSHAP001","61880_2","21.09.2022 10:25:25","21.09.2022 10:25:27"
"NYAK001","61880_14","21.09.2022 10:25:42","21.09.2022 10:25:45"
"NYAK001","61880_14","21.09.2022 10:27:44","21.09.2022 10:27:47"
"SBUR012","61880_8","21.09.2022 10:27:59","21.09.2022 10:28:01"
"YUDOR001","61880_8","22.09.2022 15:22:47","22.09.2022 15:22:49"
"NYAK001","61880_14","23.09.2022 12:26:48","23.09.2022 12:26:49"
"ILES001","64224","23.09.2022 12:59:08",
"ILES001","64224","23.09.2022 13:00:10",
"SBUR012","61880_2","23.09.2022 10:24:23","23.09.2022 10:24:25"
"SBUR012","61880_2","23.09.2022 11:12:14","23.09.2022 11:12:16"
"VSHAP001","61880_8","23.09.2022 12:36:36","23.09.2022 12:36:38"
"VSHAP001","61880_8","23.09.2022 12:38:35","23.09.2022 12:38:37"
"DBAKH001","61880_17_new","22.09.2022 13:45:10","22.09.2022 13:45:29"
"VSHAP001","61880_10","26.09.2022 8:51:14","26.09.2022 8:51:15"
"VSHAP001","61880_10","26.09.2022 8:51:46","26.09.2022 8:51:48"
"VSHAP001","61880_10","26.09.2022 8:52:34","26.09.2022 8:52:35"
"VSHAP001","61880_10","26.09.2022 8:53:07","26.09.2022 8:53:08"
"VSHAP001","61880_10","26.09.2022 8:53:49","26.09.2022 8:53:50"
"VSHAP001","61880_10","26.09.2022 8:54:33","26.09.2022 8:54:34"
"VSHAP001","61880_10","26.09.2022 8:55:08","26.09.2022 8:55:09"
"VSHAP001","61880_10","26.09.2022 8:56:10","26.09.2022 8:56:12"
"VSHAP001","61880_10","26.09.2022 8:56:46","26.09.2022 8:56:47"
"VSHAP001","61880_10","26.09.2022 8:57:22","26.09.2022 8:57:23"
"VSHAP001","61880_10","26.09.2022 8:57:57","26.09.2022 8:57:58"
"VSHAP001","61880_10","26.09.2022 8:59:03","26.09.2022 8:59:04"
"VSHAP001","61880_10","26.09.2022 9:00:49","26.09.2022 9:00:50"
"VSHAP001","61880_17_new","26.09.2022 9:32:11","26.09.2022 9:32:28"
"VSHAP001","61880-9-all","26.09.2022 9:40:33","26.09.2022 9:40:53"
"DBAKH001","61880_17_new","26.09.2022 9:43:58","26.09.2022 9:44:13"
"SBUR012","61880_19","21.09.2022 10:29:28","21.09.2022 10:29:29"
"SBUR012","61880_1","21.09.2022 10:33:11","21.09.2022 10:33:14"
"SBUR012","61880_10","21.09.2022 10:47:30","21.09.2022 10:47:32"
"SBUR012","61880_10","21.09.2022 10:49:34","21.09.2022 10:49:35"
"SBUR012","61880_10","21.09.2022 10:50:23","21.09.2022 10:50:24"
"SBUR012","61880_10","21.09.2022 10:51:03","21.09.2022 10:51:05"
"SBUR012","61880_10","21.09.2022 10:51:42","21.09.2022 10:51:43"
"SBUR012","61880_10","21.09.2022 10:52:24","21.09.2022 10:52:26"
"SBUR012","61880_10","21.09.2022 10:53:15","21.09.2022 10:53:16"
"SBUR012","61880_10","21.09.2022 10:54:04","21.09.2022 10:54:06"
"SBUR012","61880_10","21.09.2022 10:56:22","21.09.2022 10:56:23"
"SBUR012","61880_10","21.09.2022 10:58:16","21.09.2022 10:58:18"
"SBUR012","61880_10","21.09.2022 10:58:57","21.09.2022 10:58:59"
"NYAK001","61880_10","21.09.2022 11:05:30","21.09.2022 11:05:31"
"VSHAP001","61880_2","21.09.2022 11:29:24","21.09.2022 11:29:26"
"ILES001","64224","23.09.2022 14:04:40",
"ILES001","64224","23.09.2022 14:06:09",
"ILES001","64224","23.09.2022 14:06:28",
"NYAK001","61880_14","23.09.2022 15:46:45","23.09.2022 15:46:46"
"VSHAP001","61880_19","23.09.2022 12:49:13","23.09.2022 12:49:14"
"VSHAP001","61880_10","23.09.2022 13:07:12","23.09.2022 13:07:14"
"VSHAP001","61759_1","23.09.2022 13:14:52","23.09.2022 13:14:53"
"VSHAP001","61880_1","23.09.2022 13:23:52","23.09.2022 13:23:55"
"YUDOR001","61880_19","20.09.2022 11:41:19","20.09.2022 11:41:20"
"YUDOR001","61880-9-IÀ","20.09.2022 12:04:39","20.09.2022 12:04:45"
"YUDOR001","61880-9-IÀ","20.09.2022 12:05:17","20.09.2022 12:05:20"
"YUDOR001","61880-9-NEW","20.09.2022 12:05:58","20.09.2022 12:06:14"
"YUDOR001","61880-9-NEW","20.09.2022 12:07:26","20.09.2022 12:07:43"
"DBAKH001","61880_17_new","26.09.2022 9:45:24","26.09.2022 9:45:39"
"DBAKH001","61880_17_new","26.09.2022 9:48:21","26.09.2022 9:48:37"
"DBAKH001","61880_17_new","26.09.2022 9:51:22","26.09.2022 9:51:38"
"NYAK001","61880_10","21.09.2022 11:33:19","21.09.2022 11:33:20"
"VSHAP001","61880_2","21.09.2022 12:15:26","21.09.2022 12:15:28"
"ASUSE","462359_rep_year","21.09.2022 12:18:11","21.09.2022 12:22:15"
"VSHAP001","61880_2","21.09.2022 12:51:02","21.09.2022 12:51:03"
"NYAK001","61880_10","21.09.2022 12:58:28","21.09.2022 12:58:29"
"NYAK001","61880_10","21.09.2022 13:01:45","21.09.2022 13:01:46"
"NYAK001","61880_10","21.09.2022 13:03:48","21.09.2022 13:03:49"
"NYAK001","61880_10","21.09.2022 13:05:41","21.09.2022 13:05:42"
"NYAK001","61880_10","21.09.2022 13:07:09","21.09.2022 13:07:10"
"NYAK001","61880_10","21.09.2022 13:13:57","21.09.2022 13:13:58"
"NYAK001","61759_1","21.09.2022 15:02:38","21.09.2022 15:02:39"
"NYAK001","61880_14","23.09.2022 15:50:33","23.09.2022 15:50:33"
"DBAKH001","61880-9-NEW","26.09.2022 7:37:22","26.09.2022 7:37:33"
"DBAKH001","61880_17_new","26.09.2022 7:41:14","26.09.2022 7:41:31"
"DBAKH001","61880_17_new","26.09.2022 7:53:09","26.09.2022 7:53:23"
"YUDOR001","61880_2","23.09.2022 14:07:50","23.09.2022 14:07:52"
"YUDOR001","61880_2","23.09.2022 14:10:39","23.09.2022 14:10:41"
"ASUSE","64224","23.09.2022 19:05:37",
"ASUSE","462359_rep_year","23.09.2022 19:37:50","23.09.2022 19:41:45"
"OKOK006","61880_17_new","26.09.2022 8:04:14","26.09.2022 8:04:30"
"YUDOR001","462359_rep","26.09.2022 12:28:42","26.09.2022 12:32:41"
"VSHAP001","61880_2","26.09.2022 13:15:24","26.09.2022 13:15:26"
"ASUSE","64224","26.09.2022 15:34:06",
"ASUSE","64224","26.09.2022 18:01:04",
"ASUSE","61880-9-all","26.09.2022 18:04:16","26.09.2022 18:04:37"
"ASUSE","61880-9-NEW","26.09.2022 18:06:22","26.09.2022 18:06:36"
"ASUSE","64224","26.09.2022 18:15:15",
"ASUSE","64224","26.09.2022 19:08:46","26.09.2022 19:08:50"
"ASUSE","64224","26.09.2022 19:10:55","26.09.2022 19:11:01"
"SBUR012","61880_2","22.09.2022 8:25:42","22.09.2022 8:25:44"
"SBUR012","61880_2","22.09.2022 8:32:42","22.09.2022 8:32:44"
"SBUR012","61880_2","22.09.2022 10:08:41","22.09.2022 10:08:43"
"DBAKH001","61880_17_new","26.09.2022 8:03:38","26.09.2022 8:03:52"
"DBAKH001","61880_17_new","26.09.2022 8:06:07","26.09.2022 8:06:21"
"DBAKH001","61880_17_new","26.09.2022 8:12:22","26.09.2022 8:12:37"
"OKOK006","61880-9-NEW","26.09.2022 8:08:45","26.09.2022 8:08:49"
"OKOK006","61880-9-NEW","26.09.2022 8:10:09","26.09.2022 8:10:21"
"SBUR012","61880_2","26.09.2022 8:36:32","26.09.2022 8:36:34"
"DBAKH001","61880_17_new","26.09.2022 8:41:59","26.09.2022 8:42:13"
"DBAKH001","61880_17_new","26.09.2022 8:50:02","26.09.2022 8:50:15"
"VSHAP001","61880_2","26.09.2022 10:43:46","26.09.2022 10:43:48"
"ASUSE","61880-9-all","26.09.2022 11:41:01","26.09.2022 11:41:21"
"VSHAP001","61880_2","26.09.2022 12:57:05","26.09.2022 12:57:07"
"VSHAP001","61880_2","26.09.2022 13:02:52","26.09.2022 13:02:54"
"SBUR012","61880_2","22.09.2022 10:15:59","22.09.2022 10:16:01"
"SBUR012","61880_2","22.09.2022 14:40:27","22.09.2022 14:40:29"
"VSHAP001","61880_2","23.09.2022 7:39:00","23.09.2022 7:39:02"
"DBAKH001","61880_17_new","26.09.2022 8:15:10","26.09.2022 8:15:24"
"DBAKH001","61880_17_new","26.09.2022 8:16:56","26.09.2022 8:17:09"
"DBAKH001","61880_17_new","26.09.2022 8:18:20","26.09.2022 8:18:36"
"DBAKH001","61880_17_new","26.09.2022 8:20:36","26.09.2022 8:20:50"
"DBAKH001","61880_17_new","26.09.2022 8:52:13","26.09.2022 8:52:27"
"DBAKH001","61880_17_new","26.09.2022 8:55:16","26.09.2022 8:55:30"
"DBAKH001","61880_17_new","26.09.2022 8:58:25","26.09.2022 8:58:39"
"DBAKH001","61880_17_new","26.09.2022 9:52:59","26.09.2022 9:53:15"
"DBAKH001","61880_17_new","26.09.2022 9:55:41","26.09.2022 9:55:56"
"DBAKH001","61880-9-NEW","26.09.2022 10:01:38","26.09.2022 10:02:02"
"DBAKH001","61880-9-NEW","26.09.2022 10:04:45","26.09.2022 10:04:59"
"DBAKH001","61880-9-NEW","26.09.2022 10:10:17","26.09.2022 10:10:41"
"DBAKH001","61880-9-NEW","26.09.2022 10:12:34","26.09.2022 10:12:57"
"DBAKH001","61880_17_new","26.09.2022 10:17:07","26.09.2022 10:17:25"
"DBAKH001","61880-9-NEW","26.09.2022 10:28:02","26.09.2022 10:28:26"
"DBAKH001","61880-9-NEW","26.09.2022 10:31:19","26.09.2022 10:31:42"
"DBAKH001","61880-9-NEW","26.09.2022 10:33:54","26.09.2022 10:34:19"
"DBAKH001","61880-9-NEW","26.09.2022 10:36:41","26.09.2022 10:37:03"
"DBAKH001","61880-9-NEW","26.09.2022 10:40:54","26.09.2022 10:41:18"
"DBAKH001","61880-9-NEW","26.09.2022 10:44:42","26.09.2022 10:45:06"
"DBAKH001","61880-9-NEW","26.09.2022 10:49:24","26.09.2022 10:49:48"
"DBAKH001","61880-9-NEW","26.09.2022 10:54:49","26.09.2022 10:55:14"
"DBAKH001","61880-9-NEW","26.09.2022 10:58:37","26.09.2022 10:59:01"
"DBAKH001","61880-9-NEW","26.09.2022 11:01:35","26.09.2022 11:01:58"
"DBAKH001","61880-9-NEW","26.09.2022 11:04:28","26.09.2022 11:04:51"
"DBAKH001","61880-9-NEW","26.09.2022 11:07:08","26.09.2022 11:07:31"
"DBAKH001","61880-9-NEW","26.09.2022 11:09:41","26.09.2022 11:10:05"
"DBAKH001","61880-9-NEW","26.09.2022 11:11:58","26.09.2022 11:12:21"
"DBAKH001","61880-9-NEW","26.09.2022 11:14:32","26.09.2022 11:14:55"
"DBAKH001","61880-9-NEW","26.09.2022 11:18:40","26.09.2022 11:19:03"
"DBAKH001","61880-9-NEW","26.09.2022 11:22:20","26.09.2022 11:22:45"
"DBAKH001","61880-9-NEW","26.09.2022 11:25:37","26.09.2022 11:26:02"
"DBAKH001","61880-9-NEW","26.09.2022 11:28:10","26.09.2022 11:28:33"
"DBAKH001","61880-9-NEW","26.09.2022 11:31:23","26.09.2022 11:31:46"
"DBAKH001","61880-9-NEW","26.09.2022 11:35:39","26.09.2022 11:36:03"
"DBAKH001","61880-9-NEW","26.09.2022 11:40:51","26.09.2022 11:41:14"
"DBAKH001","61880-9-NEW","26.09.2022 11:43:36","26.09.2022 11:44:01"
"DBAKH001","61880-9-NEW","26.09.2022 11:46:24","26.09.2022 11:46:48"
"DBAKH001","61880-9-NEW","26.09.2022 11:50:14","26.09.2022 11:50:37"
"DBAKH001","61880-9-NEW","26.09.2022 12:55:34","26.09.2022 12:55:57"
"VSHAP001","61880_2","23.09.2022 9:12:54","23.09.2022 9:12:56"
"EKAR014","61880-9-NEW","23.09.2022 9:18:57","23.09.2022 9:19:07"
"VSHAP001","61880_2","23.09.2022 9:51:43","23.09.2022 9:51:45"
"VSHAP001","61880_2","23.09.2022 10:08:14","23.09.2022 10:08:16"
"EKAR014","61880-9-NEW","23.09.2022 10:08:50","23.09.2022 10:08:59"
"ASUSE","61880_2","21.09.2022 14:23:44","21.09.2022 14:23:45"
"ASUSE","61880_10","21.09.2022 14:24:26","21.09.2022 14:24:27"
"ASUSE","61880_10","21.09.2022 14:25:10","21.09.2022 14:25:11"
"DBAKH001","61880_17_new","26.09.2022 8:23:36","26.09.2022 8:23:50"
"DBAKH001","61880_17_new","26.09.2022 8:27:28","26.09.2022 8:27:41"
"DBAKH001","61880_17_new","26.09.2022 9:00:48","26.09.2022 9:01:03"
"DBAKH001","61880_17_new","26.09.2022 9:02:28","26.09.2022 9:02:42"
"DBAKH001","61880_17_new","26.09.2022 9:03:52","26.09.2022 9:04:07"
"OKOK006","64224","26.09.2022 14:07:45",
"OKOK006","61880-9-NEW","26.09.2022 14:29:03","26.09.2022 14:29:15"
"OKOK006","61880_17_new","26.09.2022 14:31:38","26.09.2022 14:31:55"
"OKOK006","61880_17_new","26.09.2022 14:38:20","26.09.2022 14:38:37"
"ASUSE","61880_17_new","26.09.2022 14:41:49","26.09.2022 14:42:08"
"OKOK006","61880-9-NEW","26.09.2022 14:43:24","26.09.2022 14:43:37"
"ASUSE","61880-9-NEW","26.09.2022 15:14:26","26.09.2022 15:14:40"
"SBUR012","61880_2","23.09.2022 12:50:13","23.09.2022 12:50:15"
"IMOS002","61880_2","23.09.2022 13:15:54","23.09.2022 13:15:56"
"IMOS002","61880_2","23.09.2022 13:17:20","23.09.2022 13:17:21"
"SBUR012","61880_2","20.09.2022 11:08:29","20.09.2022 11:08:31"
"SBUR012","61880_2","20.09.2022 11:40:07","20.09.2022 11:40:09"
"SBUR012","61880_2","20.09.2022 12:08:13","20.09.2022 12:08:15"
"DBAKH001","61880_17_new","26.09.2022 9:15:21","26.09.2022 9:15:35"
"DBAKH001","61880_17_new","26.09.2022 9:17:36","26.09.2022 9:17:50"
"SBUR012","61880_2","26.09.2022 9:35:26","26.09.2022 9:35:28"
"SBUR012","61880_2","20.09.2022 14:29:34","20.09.2022 14:29:35"
"SBUR012","61880_10","20.09.2022 14:30:10","20.09.2022 14:30:11"
"SBUR012","61880_8","20.09.2022 14:31:37","20.09.2022 14:31:39"
"SBUR012","61880_19","20.09.2022 14:32:29","20.09.2022 14:32:30"
"SBUR012","61880_1","20.09.2022 14:34:57","20.09.2022 14:35:00"
"IMOS002","61880_2","23.09.2022 13:18:09","23.09.2022 13:18:11"
"IMOS002","61880_2","23.09.2022 13:19:45","23.09.2022 13:19:47"
"IMOS002","61880_2","23.09.2022 13:20:39","23.09.2022 13:20:41"
"SBUR012","61880_2","20.09.2022 12:16:04","20.09.2022 12:16:06"
"OKOK006","61880-9-NEW","21.09.2022 15:22:09","21.09.2022 15:22:27"
"OKOK006","61880-9-NEW","21.09.2022 15:23:14","21.09.2022 15:23:31"
"OKOK006","61880-9-NEW","21.09.2022 16:56:31","21.09.2022 16:56:48"
"DBAKH001","61880_17_new","26.09.2022 8:32:43","26.09.2022 8:32:57"
"DBAKH001","61880_17_new","26.09.2022 8:35:51","26.09.2022 8:36:04"
"DBAKH001","61880_17_new","26.09.2022 9:37:27","26.09.2022 9:37:44"
"DBAKH001","61880_17_new","26.09.2022 9:40:49","26.09.2022 9:41:03"
"DBAKH001","61880_17_new","26.09.2022 9:42:16","26.09.2022 9:42:30"
"SBUR012","61880_2","20.09.2022 15:09:24","20.09.2022 15:09:26"
"SBUR012","61880_10","20.09.2022 15:17:08","20.09.2022 15:17:09"
"SBUR012","61880_10","20.09.2022 15:21:20","20.09.2022 15:21:21"
"SBUR012","61880_10","20.09.2022 15:22:03","20.09.2022 15:22:03"
"SBUR012","61880_10","20.09.2022 15:22:36","20.09.2022 15:22:37"
"SBUR012","61880_10","20.09.2022 15:23:11","20.09.2022 15:23:12"
"SBUR012","61880_10","20.09.2022 15:24:50","20.09.2022 15:24:51"
"SBUR012","61880_10","20.09.2022 15:25:26","20.09.2022 15:25:27"
"SBUR012","61880_10","20.09.2022 15:26:00","20.09.2022 15:26:01"
"SBUR012","61880_8","20.09.2022 15:26:46","20.09.2022 15:26:48"
"SBUR012","61880_1","20.09.2022 15:27:19","20.09.2022 15:27:22"
"ASUSE","61880-9-all","21.09.2022 17:38:08","21.09.2022 17:38:10"
"ASUSE","61880-9-all","21.09.2022 17:39:07","21.09.2022 17:39:10"
"ASUSE","61880-9-all","21.09.2022 17:40:06","21.09.2022 17:40:07"
"ASUSE","61880-9-all","21.09.2022 17:40:30","21.09.2022 17:40:31"
"ASUSE","61880-9-all","21.09.2022 18:07:38","21.09.2022 18:07:46"
"ASUSE","61880-9-all","21.09.2022 18:10:08","21.09.2022 18:10:10"
"IMOS002","61880_2","23.09.2022 13:21:11","23.09.2022 13:21:13"
"IMOS002","61880_2","23.09.2022 13:21:37","23.09.2022 13:21:39"
"IMOS002","61880_2","23.09.2022 13:22:16","23.09.2022 13:22:18"
"SBUR012","61880_2","23.09.2022 7:59:06","23.09.2022 7:59:08"
"SBUR012","61880_2","23.09.2022 8:49:08","23.09.2022 8:49:10"
"SBUR012","61880_2","23.09.2022 9:03:53","23.09.2022 9:03:55"
"ASUSE","61880_17_new","21.09.2022 12:48:24","21.09.2022 12:48:41"
"ASUSE","61880_17_new","21.09.2022 12:49:10","21.09.2022 12:49:23"
"ASUSE","61880_17_new","21.09.2022 12:49:49","21.09.2022 12:50:03"
"SBUR012","61880_19","20.09.2022 15:27:47","20.09.2022 15:27:48"
"AGAB003","61880_2","21.09.2022 10:15:23","21.09.2022 10:15:25"
"AGAB003","61880_2","21.09.2022 10:16:48","21.09.2022 10:16:50"
"GBOL056","61880_17_new","21.09.2022 6:52:34","21.09.2022 6:52:46"
"NCHER","61880_2","21.09.2022 20:47:19","21.09.2022 20:47:21"
"ASUSE","61880-9-all","22.09.2022 23:29:16","22.09.2022 23:29:23"
"OKOK006","64224","23.09.2022 14:07:07",
"EKAR014","61880-9-NEW","23.09.2022 16:08:14","23.09.2022 16:08:24"
"EKAR014","61880-9-NEW","23.09.2022 16:45:45","23.09.2022 16:45:55"
"EKAR014","61880-9-NEW","23.09.2022 17:15:50","23.09.2022 17:15:59"
"ASUSE","61880-9-all","23.09.2022 19:14:15","23.09.2022 19:14:26"
"ASUSE","61880-9-all","23.09.2022 19:15:36","23.09.2022 19:15:38"
"ASUSE","61880-9-NEW","23.09.2022 19:16:55","23.09.2022 19:17:09"
"ASUSE","61880-9-all","23.09.2022 19:17:55","23.09.2022 19:17:56"
"ASUSE","61880-9-NEW","23.09.2022 19:18:15","23.09.2022 19:18:29"
"ASUSE","61880-9-all","23.09.2022 19:51:15","23.09.2022 19:51:24"
"EKAR014","61880_17_new","20.09.2022 19:25:47","20.09.2022 19:25:58"
"EKAR014","61880_17_new","20.09.2022 19:27:16","20.09.2022 19:27:25"
"EKAR014","61880_17_new","20.09.2022 19:28:07","20.09.2022 19:28:15"
"EKAR014","61880_17_new","20.09.2022 19:29:04","20.09.2022 19:29:14"
"ASUSE","61880_17_new","21.09.2022 12:50:24","21.09.2022 12:50:36"
"ASUSE","61880_17_new","21.09.2022 12:50:51","21.09.2022 12:51:03"
"ASUSE","61880_17_new","21.09.2022 12:51:21","21.09.2022 12:51:32"
"ASUSE","61880_17","21.09.2022 12:56:12","21.09.2022 12:56:19"
"ASUSE","61880_17","21.09.2022 12:56:43","21.09.2022 12:56:50"
"ASUSE","61880_17","21.09.2022 13:24:29","21.09.2022 13:24:37"
"AGAB003","61880_2","21.09.2022 10:23:34","21.09.2022 10:23:36"
"AGAB003","63051","21.09.2022 10:47:12","21.09.2022 10:50:11"
"AGAB003","462359_rep_year","21.09.2022 10:53:20",
"AGAB003","462359_rep_year","21.09.2022 10:53:57",
"AGAB003","462359_rep_year","21.09.2022 10:54:11",
"AGAB003","462359_rep_year","21.09.2022 10:54:54",
"DBAKH001","61880_17_new","22.09.2022 6:10:06","22.09.2022 6:10:27"
"DBAKH001","61880_17_new","22.09.2022 6:11:02","22.09.2022 6:11:22"
"DBAKH001","61880-9-NEW","22.09.2022 6:12:14","22.09.2022 6:12:32"
"OKOK006","462359_rep_year","22.09.2022 10:14:23","22.09.2022 10:18:06"
"NCHER","61759_1","22.09.2022 12:35:51","22.09.2022 12:35:52"
"NCHER","61880_2","23.09.2022 21:39:13","23.09.2022 21:39:15"
"EKAR014","61880-9-NEW","24.09.2022 20:02:22","24.09.2022 20:02:30"
"EKAR014","61880-9-NEW","24.09.2022 20:27:16","24.09.2022 20:27:24"
"NYAK001","61880_14","26.09.2022 7:46:21","26.09.2022 7:46:22"
"EKAR014","61880_17_new","20.09.2022 19:29:54","20.09.2022 19:30:04"
"EKAR014","61880_17_new","20.09.2022 19:30:58","20.09.2022 19:31:07"
"EKAR014","61880_17_new","20.09.2022 19:32:18","20.09.2022 19:32:27"
"VSHAP001","61880_2","22.09.2022 7:46:40","22.09.2022 7:46:43"
"VSHAP001","61880_2","22.09.2022 8:47:39","22.09.2022 8:47:41"
"VSHAP001","61759_1","22.09.2022 10:57:26","22.09.2022 10:57:27"
"VSHAP001","61880_2","20.09.2022 12:41:53","20.09.2022 12:41:55"
"VSHAP001","61880_2","20.09.2022 13:22:57","20.09.2022 13:22:59"
"VSHAP001","61880_2","20.09.2022 16:33:40","20.09.2022 16:33:42"
"SBUR012","61880_2","21.09.2022 11:41:16","21.09.2022 11:41:18"
"SBUR012","61880_2","21.09.2022 13:41:24","21.09.2022 13:41:26"
"SBUR012","61880_2","21.09.2022 14:15:57","21.09.2022 14:15:59"
"EKAR014","61880_17_new","20.09.2022 19:33:08","20.09.2022 19:33:17"
"EKAR014","61880-9-NEW","20.09.2022 19:34:06","20.09.2022 19:34:15"
"EKAR014","61880-9-NEW","20.09.2022 19:36:18","20.09.2022 19:36:26"
"EKAR014","61880-9-NEW","20.09.2022 19:37:08","20.09.2022 19:37:17"
"VSHAP001","61880_2","21.09.2022 7:50:41","21.09.2022 7:50:43"
"VSHAP001","61880_2","21.09.2022 9:13:32","21.09.2022 9:13:34"
"YUDOR001","61880_10","27.09.2022 17:32:39","27.09.2022 17:32:41"
"ASUSE","64224","27.09.2022 19:07:53","27.09.2022 19:07:55"
"NYAK001","64224","29.09.2022 8:50:14","29.09.2022 8:50:19"
"SBUR012","61880_2","04.10.2022 9:46:00","04.10.2022 9:46:02"
"SBUR012","61880_2","04.10.2022 10:06:53","04.10.2022 10:06:56"
"YUDOR001","61880_2","27.09.2022 10:43:54","27.09.2022 10:43:56"
"OKASYANOVA","61880_19","12.10.2022 9:15:06","12.10.2022 9:15:08"
"SBUR012","61880_19","13.10.2022 5:12:15","13.10.2022 5:12:16"
"SBUR012","61880_2","13.10.2022 5:21:43","13.10.2022 5:21:44"
"NCHER","61880_2","28.09.2022 7:50:16","28.09.2022 7:50:18"
"OKOK006","61880-9-NEW","30.09.2022 10:29:36","30.09.2022 10:29:40"
"VSHAP001","61880_2","06.10.2022 9:39:30","06.10.2022 9:39:32"
"EKAR014","462359_rep_year","06.10.2022 10:38:01",
"EKAR014","462359_rep","06.10.2022 10:38:19","06.10.2022 10:41:59"
"MMIK001","61880_8","07.10.2022 11:08:16","07.10.2022 11:08:18"
"IPES002","61880_12","27.09.2022 16:17:10","27.09.2022 16:17:17"
"SBUR012","61880_2","29.09.2022 8:31:07","29.09.2022 8:31:09"
"SBUR012","61880_2","29.09.2022 9:14:09","29.09.2022 9:14:11"
"SBUR012","61880_2","29.09.2022 11:04:25","29.09.2022 11:04:27"
"AGAB003","462359_rep_year","29.09.2022 15:46:59","29.09.2022 15:50:54"
"SBUR012","61880_2","05.10.2022 14:19:53","05.10.2022 14:19:55"
"AKAN671","61880-9-IÀ","06.10.2022 9:31:47","06.10.2022 9:31:52"
"AKAN671","61880-9-NEW","06.10.2022 9:32:24","06.10.2022 9:32:30"
"AKAN671","61880-9-IÀ","06.10.2022 9:43:37","06.10.2022 9:43:41"
"EKAR014","462359_rep_year","06.10.2022 10:36:54",
"TNIK008","64224","10.10.2022 6:51:56","10.10.2022 6:52:10"
"SBUR012","61880_2","12.10.2022 10:43:38","12.10.2022 10:43:40"
"TNIK008","64224","05.10.2022 12:18:59","05.10.2022 12:19:02"
"TNIK008","64224","05.10.2022 12:19:56","05.10.2022 12:19:59"
"TNIK008","64224","05.10.2022 14:06:26","05.10.2022 14:06:44"
"VSHAP001","61880_2","12.10.2022 8:41:43","12.10.2022 8:41:44"
"SBUR012","61880_2","27.09.2022 8:22:44","27.09.2022 8:22:46"
"SBUR012","61880_2","27.09.2022 9:15:31","27.09.2022 9:15:34"
"SBUR012","61880_2","27.09.2022 9:25:24","27.09.2022 9:25:26"
"ASUSE","61880-9-NEW","27.09.2022 9:58:08","27.09.2022 9:58:20"
"SBUR012","61880_2","30.09.2022 8:40:29","30.09.2022 8:40:31"
"SBUR012","61880_2","30.09.2022 8:56:36","30.09.2022 8:56:38"
"SBUR012","61880_2","30.09.2022 9:23:56","30.09.2022 9:23:57"
"IGRI056","61880_2","27.09.2022 8:05:25","27.09.2022 8:05:27"
"YUDOR001","61880_2","28.09.2022 15:14:00","28.09.2022 15:14:02"
"YUDOR001","61880_2","28.09.2022 15:21:08","28.09.2022 15:21:10"
"YUDOR001","61880_8","28.09.2022 15:56:39","28.09.2022 15:56:41"
"GBOL056","61880-9-NEW","06.10.2022 9:10:24","06.10.2022 9:10:34"
"SBUR012","61880_2","11.10.2022 8:14:29","11.10.2022 8:14:31"
"SBUR012","61880_2","11.10.2022 10:31:46","11.10.2022 10:31:48"
"VSHAP001","61880_2","12.10.2022 9:09:41","12.10.2022 9:09:42"
"SBUR012","61880_2","27.09.2022 9:55:03","27.09.2022 9:55:05"
"SBUR012","61880_2","27.09.2022 11:29:13","27.09.2022 11:29:15"
"DBAKH001","61880_17_new","28.09.2022 9:32:54","28.09.2022 9:33:08"
"SBUR012","61880_2","30.09.2022 11:30:21","30.09.2022 11:30:22"
"SBUR012","61880_2","30.09.2022 11:57:38","30.09.2022 11:57:40"
"SBUR012","61880_2","30.09.2022 12:14:30","30.09.2022 12:14:32"
"VSHAP001","61880_2","07.10.2022 7:54:41","07.10.2022 7:54:43"
"VSHAP001","61880_2","07.10.2022 8:54:44","07.10.2022 8:54:46"
"VSHAP001","61880_2","12.10.2022 8:33:04","12.10.2022 8:33:06"
"NSYS002","61880_8","29.09.2022 10:32:04","29.09.2022 10:32:06"
"IGRI056","61880_2","05.10.2022 7:05:45","05.10.2022 7:05:47"
"IGRI056","61880_2","05.10.2022 8:28:44","05.10.2022 8:28:46"
"IGRI056","61880_2","05.10.2022 10:09:49","05.10.2022 10:09:50"
"DBAKH001","61880_17_new","28.09.2022 9:33:51","28.09.2022 9:34:04"
"DBAKH001","61880_17_new","28.09.2022 9:34:49","28.09.2022 9:35:02"
"DBAKH001","61880_17_new","28.09.2022 9:35:45","28.09.2022 9:35:58"
"DBAKH001","61880_17_new","28.09.2022 9:36:42","28.09.2022 9:36:56"
"OKOK006","61880_11_new","30.09.2022 14:18:01","30.09.2022 14:18:05"
"OKOK006","61880_11_new","30.09.2022 14:18:20",
"OKOK006","61880_11_new","30.09.2022 14:21:51",
"ASUSE","61880-9-NEW","30.09.2022 20:26:01","30.09.2022 20:26:10"
"IGRI056","61880_2","03.10.2022 6:30:49","03.10.2022 6:30:51"
"ASUSE","64224","26.09.2022 19:48:23","26.09.2022 19:48:25"
"NSYS002","61880_8","27.09.2022 13:24:50","27.09.2022 13:24:52"
"OKOK006","61880-9-NEW","29.09.2022 16:45:33","29.09.2022 16:45:36"
"VSHAP001","61880_2","04.10.2022 7:53:03","04.10.2022 7:53:04"
"VSHAP001","61880_19","12.10.2022 11:21:24","12.10.2022 11:21:25"
"AGAB003","462359_rep_year","27.09.2022 10:49:27",
"AGAB003","61880_17_new","27.09.2022 10:55:25","27.09.2022 10:55:39"
"AGAB003","61880_17_new","27.09.2022 10:59:01","27.09.2022 10:59:16"
"AGAB003","61880_17_new","27.09.2022 11:01:44","27.09.2022 11:01:58"
"DBAKH001","61880_17_new","28.09.2022 9:37:47","28.09.2022 9:38:01"
"DBAKH001","61880_17_new","28.09.2022 9:38:47","28.09.2022 9:39:03"
"YUDOR001","61880_11_new","30.09.2022 14:18:08","30.09.2022 14:18:14"
"VSHAP001","61880_2","04.10.2022 11:18:26","04.10.2022 11:18:28"
"VSHAP001","61880_19","03.10.2022 7:05:26","03.10.2022 7:05:28"
"VSHAP001","61880_2","03.10.2022 7:45:19","03.10.2022 7:45:21"
"VSHAP001","61880_2","03.10.2022 8:30:29","03.10.2022 8:30:30"
"ASUSE","64224","12.10.2022 11:32:19","12.10.2022 11:32:25"
"ASUSE","64224","12.10.2022 11:45:50","12.10.2022 11:45:55"
"MMIK001","61880_20","12.10.2022 11:58:58",
"VSHAP001","61880_19","12.10.2022 12:04:11","12.10.2022 12:04:12"
"AGAB003","462359_rep_year","27.09.2022 9:53:22",
"AGAB003","61880_17_new","27.09.2022 10:02:43","27.09.2022 10:02:59"
"AGAB003","61880_17_new","27.09.2022 10:04:58","27.09.2022 10:05:14"
"AGAB003","61880_17_new","27.09.2022 10:06:49","27.09.2022 10:07:03"
"AGAB003","61880_2","06.10.2022 9:54:12","06.10.2022 9:54:14"
"AGAB003","61880-9-NEW","06.10.2022 10:01:07","06.10.2022 10:01:24"
"VSHAP001","61880_2","10.10.2022 8:36:12","10.10.2022 8:36:14"
"VSHAP001","61880_2","10.10.2022 9:32:06","10.10.2022 9:32:07"
"VSHAP001","61880_2","03.10.2022 8:56:07","03.10.2022 8:56:09"
"VSHAP001","61880_2","03.10.2022 12:02:01","03.10.2022 12:02:02"
"VSHAP001","61880_19","03.10.2022 15:02:32","03.10.2022 15:02:34"
"VSHAP001","61880_2","29.09.2022 9:41:54","29.09.2022 9:41:56"
"ASUSE","61880_17_new","12.10.2022 12:20:18","12.10.2022 12:20:22"
"VSHAP001","61880_2","12.10.2022 13:06:03","12.10.2022 13:06:04"
"AGAB003","61880_17_new","27.09.2022 11:57:33","27.09.2022 11:57:45"
"AGAB003","61880_17_new","27.09.2022 11:59:50","27.09.2022 12:00:03"
"AGAB003","61880_17_new","27.09.2022 12:02:23","27.09.2022 12:02:35"
"SBUR012","61880_2","07.10.2022 8:09:28","07.10.2022 8:09:30"
"SBUR012","61880_2","07.10.2022 10:07:08","07.10.2022 10:07:10"
"SBUR012","61880_2","07.10.2022 10:35:29","07.10.2022 10:35:31"
"SBUR012","61880_2","03.10.2022 8:19:03","03.10.2022 8:19:05"
"SBUR012","61880_2","03.10.2022 8:20:32","03.10.2022 8:20:34"
"SBUR012","61880_2","03.10.2022 9:00:48","03.10.2022 9:00:50"
"NCHER","61880_2","27.09.2022 11:58:29","27.09.2022 11:58:31"
"IMOS002","61880_2","12.10.2022 13:12:56","12.10.2022 13:12:58"
"VSHAP001","61880_2","12.10.2022 13:25:15","12.10.2022 13:25:17"
"AGAB003","61880_17_new","27.09.2022 12:05:06","27.09.2022 12:05:19"
"AGAB003","61880_17_new","27.09.2022 12:07:16","27.09.2022 12:07:30"
"AGAB003","61880_17_new","27.09.2022 12:08:53","27.09.2022 12:09:06"
"SBUR012","61880_2","07.10.2022 12:12:55","07.10.2022 12:12:57"
"NYAK001","64224","10.10.2022 10:22:44","10.10.2022 10:22:51"
"SBUR012","61880_2","10.10.2022 10:32:37","10.10.2022 10:32:39"
"OKOR009","61880_20","10.10.2022 11:24:59","10.10.2022 11:25:00"
"OKOR009","61880_20","10.10.2022 11:25:44","10.10.2022 11:25:44"
"VSHAP001","61880_2","11.10.2022 8:10:08","11.10.2022 8:10:11"
"VSHAP001","61880_2","11.10.2022 8:25:12","11.10.2022 8:25:14"
"VSHAP001","61880_2","11.10.2022 8:32:21","11.10.2022 8:32:22"
"SBUR012","61880_19","12.10.2022 14:07:34","12.10.2022 14:07:36"
"IMOS002","61880_2","12.10.2022 14:21:06","12.10.2022 14:21:08"
"IMOS002","61880_2","12.10.2022 14:23:27","12.10.2022 14:23:29"
"AGAB003","61880_17_new","27.09.2022 12:10:43","27.09.2022 12:10:54"
"AGAB003","61880_17_new","27.09.2022 12:12:32","27.09.2022 12:12:43"
"AGAB003","61880_17_new","27.09.2022 12:14:15","27.09.2022 12:14:28"
"AGAB003","61880-9-NEW","27.09.2022 12:20:04","27.09.2022 12:20:22"
"AGAB003","61880-9-NEW","27.09.2022 12:24:57","27.09.2022 12:25:15"
"AGAB003","61880-9-NEW","27.09.2022 12:35:47","27.09.2022 12:36:02"
"AGAB003","61880-9-NEW","27.09.2022 12:40:46","27.09.2022 12:41:06"
"AGAB003","61880-9-NEW","27.09.2022 12:45:47","27.09.2022 12:46:03"
"AGAB003","61880-9-NEW","27.09.2022 12:47:13","27.09.2022 12:47:29"
"AGAB003","61880-9-NEW","27.09.2022 12:54:01","27.09.2022 12:54:18"
"AGAB003","61880-9-NEW","27.09.2022 12:56:23","27.09.2022 12:56:39"
"AGAB003","61880-9-NEW","27.09.2022 12:58:49","27.09.2022 12:59:05"
"AGAB003","61880-9-NEW","27.09.2022 13:07:57","27.09.2022 13:08:13"
"AGAB003","61880-9-NEW","27.09.2022 13:09:54","27.09.2022 13:10:11"
"OKOR009","61880_2","10.10.2022 11:26:59","10.10.2022 11:27:00"
"SBUR012","61880_2","10.10.2022 11:32:51","10.10.2022 11:32:53"
"YUDOR001","61880_2","11.10.2022 9:29:09","11.10.2022 9:29:11"
"SBUR012","61880_2","12.10.2022 8:20:59","12.10.2022 8:21:01"
"SBUR012","61880_2","12.10.2022 9:12:22","12.10.2022 9:12:24"
"SBUR012","61880_2","12.10.2022 9:27:41","12.10.2022 9:27:43"
"GBOL056","61880-9-NEW","03.10.2022 11:00:03","03.10.2022 11:00:12"
"GBOL056","61880-9-NEW","03.10.2022 12:06:15","03.10.2022 12:06:21"
"OKOK006","61880_17_new","05.10.2022 14:45:12","05.10.2022 14:45:30"
"OKOK006","61880_17_new","06.10.2022 9:15:21","06.10.2022 9:15:25"
"IMOS002","61880_2","12.10.2022 14:26:11","12.10.2022 14:26:13"
"IMOS002","61880_7","29.09.2022 9:30:55","29.09.2022 9:30:55"
"IMOS002","61880_2","29.09.2022 9:31:44","29.09.2022 9:31:46"
"IMOS002","61880_2","29.09.2022 9:42:29","29.09.2022 9:42:31"
"NCHER","61880-9-NEW","03.10.2022 8:18:55","03.10.2022 8:19:02"
"YUDOR001","61880_19","11.10.2022 9:46:58","11.10.2022 9:47:01"
"VSHAP001","61880_2","12.10.2022 9:16:29","12.10.2022 9:16:30"
"VSHAP001","61880_2","12.10.2022 9:22:03","12.10.2022 9:22:05"
"VSHAP001","61880_2","12.10.2022 9:47:49","12.10.2022 9:47:51"
"VSHAP001","61880_2","12.10.2022 9:54:54","12.10.2022 9:54:56"
"YUDOR001","61880_2","12.10.2022 9:58:52","12.10.2022 9:58:54"
"SBUR012","61880_2","06.10.2022 9:13:19","06.10.2022 9:13:22"
"SBUR012","61880_2","06.10.2022 9:25:25","06.10.2022 9:25:27"
"ASUSE","61880_2","12.10.2022 18:24:20","12.10.2022 18:24:22"
"ASUSE","61880_11_new","03.10.2022 11:08:41",
"OKOK006","61880_14","03.10.2022 14:00:27","03.10.2022 14:00:28"
"OKOK006","61880_14","03.10.2022 14:00:54","03.10.2022 14:00:54"
"OKOK006","61880_17_new","03.10.2022 14:01:34","03.10.2022 14:01:38"
"NCHER","61759_1","04.10.2022 13:52:33","04.10.2022 13:52:34"
"EKAR014","61880_15","28.09.2022 16:51:38","28.09.2022 16:51:38"
"YUDOR001","61880_8","30.09.2022 14:08:18","30.09.2022 14:08:20"
"YUDOR001","61880_19","30.09.2022 14:09:23","30.09.2022 14:09:24"
"YUDOR001","61880_12","30.09.2022 14:13:38","30.09.2022 14:13:46"
"DBAKH001","61880-9-NEW","28.09.2022 5:36:21","28.09.2022 5:36:43"
"DBAKH001","61880-9-NEW","28.09.2022 5:37:40","28.09.2022 5:38:02"
"DBAKH001","61880-9-NEW","28.09.2022 5:38:50","28.09.2022 5:39:12"
"DBAKH001","61880-9-NEW","28.09.2022 5:41:13","28.09.2022 5:41:35"
"DBAKH001","61880-9-NEW","28.09.2022 5:42:35","28.09.2022 5:42:57"
"DBAKH001","61880-9-NEW","28.09.2022 5:44:29","28.09.2022 5:44:51"
"DBAKH001","61880-9-NEW","28.09.2022 5:45:50","28.09.2022 5:46:12"
"OKOK006","61880_8","07.10.2022 10:18:42",
"OKOK006","64224","07.10.2022 11:44:32","07.10.2022 11:44:35"
"OKOK006","64224","07.10.2022 12:04:43","07.10.2022 12:04:45"
"ASUSE","61880-9-NEW","10.10.2022 15:38:10","10.10.2022 15:38:23"
"SBUR012","61880_2","12.10.2022 10:19:33","12.10.2022 10:19:35"
"GBOL056","61880-9-NEW","27.09.2022 5:27:19","27.09.2022 5:27:26"
"GBOL056","61880_3","27.09.2022 10:02:20","27.09.2022 10:02:21"
"GBOL056","61880_3","27.09.2022 10:03:21","27.09.2022 10:03:22"
"GBOL056","61880_3","27.09.2022 14:11:30","27.09.2022 14:11:31"
"IMOS002","61880-9-all","28.09.2022 22:58:38","28.09.2022 22:58:39"
"IMOS002","61880_7","28.09.2022 22:59:28","28.09.2022 22:59:29"
"IMOS002","61880_7","28.09.2022 23:03:42","28.09.2022 23:03:43"
"ASUSE","61880_2","12.10.2022 18:29:29","12.10.2022 18:29:30"
"OKOK006","61880_2","04.10.2022 12:23:35","04.10.2022 12:23:36"
"OKOK006","61880_2","04.10.2022 12:23:48","04.10.2022 12:23:50"
"OKOK006","61880_2","04.10.2022 12:24:29","04.10.2022 12:24:31"
"DSTR056","61880_2","05.10.2022 8:22:46","05.10.2022 8:22:48"
"SBUR012","61880_2","05.10.2022 8:33:21","05.10.2022 8:33:23"
"YUDOR001","61880_11_new","30.09.2022 14:15:45",
"YUDOR001","61880_11_new","30.09.2022 14:16:17",
"VSHAP001","61880_2","05.10.2022 8:18:53","05.10.2022 8:18:55"
"VSHAP001","61880_2","05.10.2022 11:15:22","05.10.2022 11:15:23"
"YUDOR001","61880_2","12.10.2022 8:54:37","12.10.2022 8:54:38"
"ASUSE","61880-9-all","26.09.2022 21:13:03","26.09.2022 21:13:22"
"DBAKH001","61880-9-NEW","28.09.2022 5:57:47","28.09.2022 5:58:11"
"DBAKH001","61880-9-NEW","28.09.2022 6:00:09","28.09.2022 6:00:31"
"DBAKH001","61880-9-NEW","28.09.2022 6:01:25","28.09.2022 6:01:46"
"DBAKH001","61880-9-NEW","28.09.2022 6:03:40","28.09.2022 6:04:02"
"DBAKH001","61880-9-NEW","28.09.2022 6:05:51","28.09.2022 6:06:14"
"DBAKH001","61880-9-NEW","28.09.2022 6:08:31","28.09.2022 6:08:53"
"DBAKH001","61880-9-NEW","28.09.2022 6:09:42","28.09.2022 6:10:03"
"DBAKH001","61880-9-NEW","28.09.2022 6:10:57","28.09.2022 6:11:19"
"DBAKH001","61880-9-NEW","28.09.2022 6:11:59","28.09.2022 6:12:24"
"DBAKH001","61880-9-NEW","28.09.2022 6:13:52","28.09.2022 6:14:15"
"DBAKH001","61880-9-NEW","28.09.2022 6:15:21","28.09.2022 6:15:43"
"DBAKH001","61880-9-NEW","28.09.2022 6:16:28","28.09.2022 6:16:49"
"DBAKH001","61880-9-NEW","28.09.2022 6:17:36","28.09.2022 6:17:58"
"DBAKH001","61880-9-NEW","28.09.2022 6:20:02","28.09.2022 6:20:23"
"DBAKH001","61880-9-NEW","28.09.2022 6:34:56","28.09.2022 6:35:18"
"OKOK006","64224","28.09.2022 11:28:10","28.09.2022 11:28:30"
"OKOK006","61880_15","28.09.2022 14:05:52","28.09.2022 14:05:52"
"OKOK006","61880_15","28.09.2022 14:06:57","28.09.2022 14:06:58"
"ASUSE","61880_17_new","28.09.2022 14:29:42","28.09.2022 14:30:01"
"SBUR012","61759_1","04.10.2022 11:45:13","04.10.2022 11:45:14"
"OKOR009","61880_20","11.10.2022 10:35:07","11.10.2022 10:35:08"
"OKOR009","61880_3","11.10.2022 10:35:37","11.10.2022 10:35:38"
"OKOR009","61880_12","11.10.2022 10:35:53","11.10.2022 10:36:00"
"OKOR009","61880_12","11.10.2022 10:36:21","11.10.2022 10:36:28"
"SBUR012","61880_2","28.09.2022 8:26:40","28.09.2022 8:26:42"
"SBUR012","61880_2","28.09.2022 9:42:37","28.09.2022 9:42:39"
"SBUR012","61880_2","28.09.2022 13:06:25","28.09.2022 13:06:27"
"NCHER","61880-9-IÀ","30.09.2022 16:20:32","30.09.2022 16:20:35"
"NCHER","61880-9-IÁ","30.09.2022 19:11:25","30.09.2022 19:11:26"
"NCHER","61880-9-IÁ","30.09.2022 19:11:36","30.09.2022 19:11:37"
"NCHER","61880-9-NEW","30.09.2022 19:17:45","30.09.2022 19:17:49"
"SBUR012","61880_2","10.10.2022 8:08:04","10.10.2022 8:08:06"
"SBUR012","61880_2","10.10.2022 8:14:38","10.10.2022 8:14:39"
"NCHER","61880_2","10.10.2022 9:16:19","10.10.2022 9:16:21"
"OKOK006","61880_15","28.09.2022 14:07:32","28.09.2022 14:07:32"
"VSHAP001","61880_2","29.09.2022 8:26:34","29.09.2022 8:26:36"
"IPES002","61880-9-NEW","29.09.2022 16:50:11","29.09.2022 16:50:21"
"YUDOR001","61880_11_new","30.09.2022 14:17:15",
"YUDOR001","61880_10","30.09.2022 14:19:39","30.09.2022 14:19:40"
"YUDOR001","61880_10","30.09.2022 14:19:55","30.09.2022 14:19:57"
"YUDOR001","61880_1","30.09.2022 14:21:40","30.09.2022 14:21:43"
"ILES001","64224","28.09.2022 6:33:15","28.09.2022 6:33:49"
"ILES001","64224","28.09.2022 6:36:25","28.09.2022 6:37:44"
"DSTR056","64224","29.09.2022 6:27:03","29.09.2022 6:27:06"
"DSTR056","64224","29.09.2022 6:27:47","29.09.2022 6:27:49"
"DSTR056","64224","29.09.2022 6:31:41","29.09.2022 6:31:54"
"AGAB003","61880-9-NEW","03.10.2022 9:58:36","03.10.2022 9:58:52"
"IGRI056","61880_2","05.10.2022 10:10:07","05.10.2022 10:10:09"
"SBUR012","61880_2","05.10.2022 10:27:39","05.10.2022 10:27:41"
"VSHAP001","61880_2","06.10.2022 8:14:47","06.10.2022 8:14:50"
"VSHAP001","61880_2","28.09.2022 9:44:37","28.09.2022 9:44:39"
"VSHAP001","61880_2","28.09.2022 10:18:03","28.09.2022 10:18:05"
"SBUR012","61880_2","30.09.2022 8:21:02","30.09.2022 8:21:05"
"DBAKH001","61880_17_new","27.09.2022 6:56:57","27.09.2022 6:57:13"
"DBAKH001","61880-9-NEW","27.09.2022 9:02:45","27.09.2022 9:02:58"
"DBAKH001","61880-9-NEW","27.09.2022 9:10:39","27.09.2022 9:11:01"
"DBAKH001","61880-9-NEW","27.09.2022 15:11:58","27.09.2022 15:12:20"
"YUDOR001","61880_2","30.09.2022 14:24:37","30.09.2022 14:24:39"
"YUDOR001","61880_2","30.09.2022 14:25:37","30.09.2022 14:25:39"
"YUDOR001","61880_10","30.09.2022 14:38:22","30.09.2022 14:38:24"
"OKOR009","61880_2","11.10.2022 10:36:45","11.10.2022 10:36:47"
"SBUR012","61880_2","13.10.2022 5:04:37","13.10.2022 5:04:39"
"SBUR012","61880_19","13.10.2022 5:10:19","13.10.2022 5:10:21"
"SBUR012","61880_19","13.10.2022 5:11:21","13.10.2022 5:11:22"
"ASUSE","61880-9-all","27.09.2022 10:35:41","27.09.2022 10:36:01"
"ASUSE","61880-9-Â","27.09.2022 10:44:33","27.09.2022 10:44:34"
"VSHAP001","61880_2","30.09.2022 8:08:59","30.09.2022 8:09:01"
"VSHAP001","61880_2","30.09.2022 8:54:56","30.09.2022 8:54:59"
"VSHAP001","61880_2","30.09.2022 12:56:45","30.09.2022 12:56:47"
"VSHAP001","61880_2","27.09.2022 9:36:53","27.09.2022 9:36:55"
"VSHAP001","61880_2","27.09.2022 9:39:30","27.09.2022 9:39:32"
"VSHAP001","61880_2","27.09.2022 10:16:17","27.09.2022 10:16:19"
"YUDOR001","61880_2","30.09.2022 14:39:06","30.09.2022 14:39:08"
"YUDOR001","61880_2","30.09.2022 14:39:13","30.09.2022 14:39:16"
"YUDOR001","61880_10","30.09.2022 14:40:37","30.09.2022 14:40:39"
"ASUSE","61880-9-NEW","30.09.2022 20:42:31","30.09.2022 20:42:40"
"ASUSE","61880-9-all","30.09.2022 20:43:49","30.09.2022 20:44:00"
"ASUSE","61880-9-all","30.09.2022 20:46:48","30.09.2022 20:47:07"
"ASUSE","61880-9-NEW","30.09.2022 20:48:47","30.09.2022 20:49:00"
"SBUR012","61880_2","04.10.2022 7:49:43","04.10.2022 7:49:45"
"AGAB003","462359_rep_year","29.09.2022 6:53:59",
"YUDOR001","61880_8","29.09.2022 8:30:51","29.09.2022 8:30:53"
"YUDOR001","61880_11_new","29.09.2022 16:18:27","29.09.2022 16:18:31"
"OKASYANOVA","61880_11_new","12.10.2022 9:13:19","12.10.2022 9:13:23"
"OKASYANOVA","61880_2","12.10.2022 9:13:41","12.10.2022 9:13:43"
"OKOK006","61880_11_new","27.09.2022 8:56:35","27.09.2022 8:56:38"
"OKOK006","61880_17_new","27.09.2022 14:40:50","27.09.2022 14:41:02"
"ASUSE","61880_3","29.09.2022 14:58:40","29.09.2022 14:58:41"
"ASUSE","61880_3","29.09.2022 14:59:10","29.09.2022 14:59:12"
"VSHAP001","61880_19","30.09.2022 13:20:09","30.09.2022 13:20:11"
"EKAR014","61880_17_new","06.10.2022 9:06:52","06.10.2022 9:06:57"
"EKAR014","61880_17_new","06.10.2022 9:09:07","06.10.2022 9:09:12"
"VSHAP001","61880_2","27.09.2022 10:39:37","27.09.2022 10:39:39"
"IGRI056","61880_2","29.09.2022 7:38:08","29.09.2022 7:38:10"
"IGRI056","61880_2","29.09.2022 7:39:40","29.09.2022 7:39:42"
"SBUR012","61880_2","17.10.2022 8:06:48","17.10.2022 8:06:50"
"SBUR012","61880_2","17.10.2022 9:26:00","17.10.2022 9:26:02"
"SBUR012","61880_2","17.10.2022 9:30:59","17.10.2022 9:31:01"
"AGAB003","61880_2","18.10.2022 6:56:11","18.10.2022 6:56:13"
"SBUR012","61880_2","19.10.2022 10:25:20","19.10.2022 10:25:22"
"SBUR012","61880_2","19.10.2022 10:54:02","19.10.2022 10:54:04"
"SBUR012","61880_2","17.10.2022 9:53:05","17.10.2022 9:53:08"
"SBUR012","61880_2","17.10.2022 10:08:56","17.10.2022 10:08:58"
"SBUR012","61880_2","17.10.2022 10:14:09","17.10.2022 10:14:11"
"TVYA001","61880_2","14.10.2022 7:24:13","14.10.2022 7:24:14"
"SBUR012","61880_2","14.10.2022 8:36:20","14.10.2022 8:36:22"
"SBUR012","61880_2","14.10.2022 9:51:16","14.10.2022 9:51:18"
"SBUR012","61880_2","17.10.2022 9:37:59","17.10.2022 9:38:01"
"EKAR014","61880_17_new","20.10.2022 10:07:46","20.10.2022 10:07:57"
"EKAR014","61880_17_new","20.10.2022 10:08:34","20.10.2022 10:08:45"
"EKAR014","61880_14","20.10.2022 10:09:38","20.10.2022 10:09:42"
"SBUR012","61759_1","19.10.2022 13:18:03","19.10.2022 13:18:03"
"VSHAP001","61880_2","19.10.2022 18:11:54","19.10.2022 18:11:56"
"VSHAP001","61880_2","19.10.2022 18:15:24","19.10.2022 18:15:25"
"VSHAP001","61880_2","17.10.2022 7:38:14","17.10.2022 7:38:16"
"VSHAP001","61880_2","17.10.2022 8:01:03","17.10.2022 8:01:05"
"VSHAP001","64224","17.10.2022 8:22:52","17.10.2022 8:22:58"
"YVAS004","64224","13.10.2022 10:00:25","13.10.2022 10:01:52"
"SBUR012","61880_2","14.10.2022 11:00:04","14.10.2022 11:00:05"
"AGAB003","61880-9-NEW","14.10.2022 12:14:05","14.10.2022 12:14:21"
"AGAB003","61880-9-NEW","14.10.2022 12:17:16","14.10.2022 12:17:34"
"AGAB003","61880-9-NEW","14.10.2022 12:26:20","14.10.2022 12:26:36"
"AGAB003","61880-9-NEW","14.10.2022 12:28:38","14.10.2022 12:28:55"
"AGAB003","61880-9-NEW","14.10.2022 12:29:23","14.10.2022 12:29:40"
"AGAB003","61880-9-NEW","14.10.2022 12:31:32","14.10.2022 12:31:50"
"AGAB003","61880-9-NEW","14.10.2022 12:33:42","14.10.2022 12:33:59"
"AGAB003","61880-9-NEW","14.10.2022 12:37:12","14.10.2022 12:37:27"
"AGAB003","61880-9-NEW","14.10.2022 12:49:15","14.10.2022 12:49:30"
"AGAB003","61880-9-NEW","14.10.2022 12:51:36","14.10.2022 12:51:51"
"AGAB003","61880-9-NEW","14.10.2022 12:54:30","14.10.2022 12:54:45"
"AGAB003","61880-9-NEW","14.10.2022 12:56:54","14.10.2022 12:57:09"
"MMIK001","61880_2","17.10.2022 7:31:15","17.10.2022 7:31:17"
"VSHAP001","61880_17_new","17.10.2022 9:44:55","17.10.2022 9:45:21"
"VSHAP001","61880_19","17.10.2022 9:59:49","17.10.2022 9:59:51"
"VSHAP001","61880_2_on_date","17.10.2022 10:00:58","17.10.2022 10:00:59"
"VSHAP001","61880-9-NEW","17.10.2022 11:18:12","17.10.2022 11:18:28"
"VSHAP001","61880-9-NEW","17.10.2022 11:38:55","17.10.2022 11:39:11"
"VSHAP001","61880_17_new","17.10.2022 11:45:54","17.10.2022 11:46:15"
"VSHAP001","61880_2","19.10.2022 18:24:32","19.10.2022 18:24:33"
"VSHAP001","61880_2","19.10.2022 18:47:30","19.10.2022 18:47:32"
"VSHAP001","61880_2","19.10.2022 18:58:45","19.10.2022 18:58:47"
"NSYS002","61880_8","20.10.2022 8:31:39","20.10.2022 8:31:41"
"VSHAP001","61880_2","17.10.2022 9:26:02","17.10.2022 9:26:04"
"SBUR012","61880_2","17.10.2022 10:15:23","17.10.2022 10:15:25"
"SBUR012","61880_2","17.10.2022 10:20:18","17.10.2022 10:20:19"
"TMAL004","61880_2","17.10.2022 14:46:40","17.10.2022 14:46:42"
"AGAB003","61880_2","18.10.2022 16:41:16","18.10.2022 16:41:18"
"VSHAP001","61759_1","19.10.2022 13:55:35","19.10.2022 13:55:35"
"OKOR009","61880_8","19.10.2022 14:17:21","19.10.2022 14:17:24"
"VSHAP001","61880_17","17.10.2022 11:50:32","17.10.2022 11:50:39"
"VSHAP001","61880_3","17.10.2022 14:28:31","17.10.2022 14:28:32"
"VSHAP001","61880_3","17.10.2022 14:38:25","17.10.2022 14:38:26"
"VSHAP001","61880_11_new","17.10.2022 14:42:21",
"RRUS002","61880_2","19.10.2022 13:27:22","19.10.2022 13:27:25"
"RRUS002","61880_8","19.10.2022 14:02:53","19.10.2022 14:02:55"
"MMIK001","61880_2","13.10.2022 12:00:25","13.10.2022 12:00:27"
"MMIK001","61880_8","13.10.2022 12:02:05","13.10.2022 12:02:07"
"AGAB003","61880_2","20.10.2022 12:30:46","20.10.2022 12:30:48"
"AGAB003","61880_17_new","20.10.2022 12:33:12","20.10.2022 12:33:29"
"TVYA001","61880_2","17.10.2022 10:20:59","17.10.2022 10:21:01"
"TVYA001","61880_2","17.10.2022 10:49:59","17.10.2022 10:50:01"
"SBUR012","61880_2","17.10.2022 11:28:48","17.10.2022 11:28:50"
"ODZY001","61880_7","17.10.2022 13:18:55","17.10.2022 13:18:56"
"ODZY001","61880_20","17.10.2022 13:19:52","17.10.2022 13:19:53"
"OKOR009","61880_8","19.10.2022 14:18:05","19.10.2022 14:18:07"
"OKOR009","61880_1","19.10.2022 14:23:41","19.10.2022 14:23:44"
"OKOR009","61759_1","19.10.2022 14:24:25","19.10.2022 14:24:26"
"IMOS002","61880_2","13.10.2022 10:39:10","13.10.2022 10:39:12"
"IMOS002","61880_2","13.10.2022 11:53:46","13.10.2022 11:53:48"
"IMOS002","61880_2","13.10.2022 16:50:44","13.10.2022 16:50:46"
"AGAB003","61880_17_new","20.10.2022 12:36:20","20.10.2022 12:36:33"
"VSHAP001","61880_19","20.10.2022 18:19:32","20.10.2022 18:19:33"
"EBOCH056","61880_2","20.10.2022 19:16:30","20.10.2022 19:16:32"
"EBOCH056","61880_1","20.10.2022 19:16:57","20.10.2022 19:17:00"
"YUDOR001","61880_19","14.10.2022 14:05:30","14.10.2022 14:05:32"
"VSHAP001","61880_2","18.10.2022 8:52:59","18.10.2022 8:53:01"
"VSHAP001","61880_2","18.10.2022 11:06:16","18.10.2022 11:06:18"
"OKOR009","61880_19","19.10.2022 14:25:32","19.10.2022 14:25:34"
"OKOR009","61880_19","19.10.2022 14:25:40","19.10.2022 14:25:41"
"SBUR012","61759_1","19.10.2022 15:25:21","19.10.2022 15:25:22"
"RRUS002","61880_19","19.10.2022 15:29:40","19.10.2022 15:29:42"
"TVYA001","61880_2","14.10.2022 13:19:26","14.10.2022 13:19:28"
"EBOCH056","61880_2","19.10.2022 13:57:23","19.10.2022 13:57:25"
"RRUS002","61880_8","19.10.2022 14:03:50","19.10.2022 14:03:52"
"AELK671","61880_8","19.10.2022 15:25:30","19.10.2022 15:25:31"
"AELK671","61880_20","19.10.2022 15:28:18",
"AGAB003","61880_17_new","20.10.2022 12:37:55","20.10.2022 12:38:07"
"AGAB003","61880_17_new","20.10.2022 12:39:58","20.10.2022 12:40:11"
"AGAB003","61880_17_new","20.10.2022 12:41:32","20.10.2022 12:41:45"
"ASUSE","61880_2","18.10.2022 13:04:57","18.10.2022 13:04:59"
"VSHAP001","61880_2","18.10.2022 13:31:22","18.10.2022 13:31:25"
"VSHAP001","61880_2","18.10.2022 13:48:59","18.10.2022 13:49:01"
"NSYS002","61880_8","19.10.2022 13:59:37","19.10.2022 13:59:39"
"NSYS002","61880_8","19.10.2022 13:59:54","19.10.2022 13:59:56"
"SBUR012","61880_19","19.10.2022 15:44:23","19.10.2022 15:44:24"
"SBUR012","61880_2","19.10.2022 15:49:24","19.10.2022 15:49:26"
"AELK671","61880_12","19.10.2022 15:28:53","19.10.2022 15:28:59"
"AELK671","61880_20","19.10.2022 15:29:35","19.10.2022 15:29:36"
"AELK671","61880_11_new","19.10.2022 15:30:38","19.10.2022 15:30:40"
"AELK671","61880_19","19.10.2022 15:32:25",
"AELK671","61880_19","19.10.2022 15:32:40","19.10.2022 15:32:41"
"AGAB003","61880_17_new","20.10.2022 12:46:42","20.10.2022 12:46:55"
"AGAB003","61880_17_new","20.10.2022 12:48:17","20.10.2022 12:48:29"
"AGAB003","61880_17_new","20.10.2022 12:51:50","20.10.2022 12:52:02"
"ASUSE","61880_2","18.10.2022 15:35:36","18.10.2022 15:35:38"
"ASUSE","61880_19","18.10.2022 18:01:53","18.10.2022 18:01:55"
"ASUSE","61880_19","18.10.2022 18:02:22","18.10.2022 18:02:23"
"ASUSE","61880_19","18.10.2022 18:02:45","18.10.2022 18:02:47"
"NSYS002","61880_20","18.10.2022 13:38:48",
"NSYS002","61880_8","18.10.2022 13:39:01","18.10.2022 13:39:03"
"VSHAP001","61759_1","19.10.2022 8:26:29","19.10.2022 8:26:30"
"VSHAP001","61880_2","19.10.2022 10:03:03","19.10.2022 10:03:05"
"SBUR012","61880_1","19.10.2022 15:53:09","19.10.2022 15:53:11"
"SBUR012","61880_10","19.10.2022 15:55:19","19.10.2022 15:55:20"
"AELK671","61880_2","19.10.2022 15:35:11","19.10.2022 15:35:12"
"AELK671","61880_1","19.10.2022 15:36:01","19.10.2022 15:36:03"
"MMIK001","61880_2","20.10.2022 8:23:46","20.10.2022 8:23:48"
"YUDOR001","61880_2","18.10.2022 8:59:28","18.10.2022 8:59:30"
"NYAK001","61880_10","20.10.2022 13:18:49","20.10.2022 13:18:50"
"NYAK001","61880_10","20.10.2022 13:44:37","20.10.2022 13:44:38"
"NYAK001","61880_10","20.10.2022 13:46:46","20.10.2022 13:46:47"
"NYAK001","61880_10","20.10.2022 13:54:25","20.10.2022 13:54:26"
"NYAK001","61880_10","20.10.2022 13:57:26","20.10.2022 13:57:27"
"NYAK001","61880_10","20.10.2022 14:05:52","20.10.2022 14:05:53"
"NYAK001","61880_14","20.10.2022 15:33:21","20.10.2022 15:33:21"
"NYAK001","61880_14","20.10.2022 15:39:25","20.10.2022 15:39:28"
"ASUSE","61880_19","18.10.2022 18:02:59","18.10.2022 18:03:00"
"ASUSE","61880_19","18.10.2022 18:04:14","18.10.2022 18:04:15"
"ASUSE","61880_19","18.10.2022 18:05:04","18.10.2022 18:05:05"
"GBOL056","61880-9-NEW","19.10.2022 5:54:36","19.10.2022 5:54:42"
"GBOL056","61880-9-NEW","19.10.2022 5:55:10","19.10.2022 5:55:16"
"GBOL056","61880_17_new","19.10.2022 5:58:48","19.10.2022 5:58:58"
"AKAN671","61880-9-all","19.10.2022 9:07:33","19.10.2022 9:07:35"
"SBUR012","61880_8","19.10.2022 15:57:38","19.10.2022 15:57:40"
"SBUR012","61880_19","19.10.2022 15:59:16","19.10.2022 15:59:17"
"VSHAP001","61880_2","19.10.2022 21:34:27","19.10.2022 21:34:29"
"VSHAP001","61880_2","20.10.2022 8:26:35","20.10.2022 8:26:37"
"MMIK001","61880_2","20.10.2022 8:36:22","20.10.2022 8:36:24"
"SBUR012","61880_2","20.10.2022 10:16:26","20.10.2022 10:16:28"
"NYAK001","61880_14","20.10.2022 10:24:26","20.10.2022 10:24:27"
"VSHAP001","61880_2","13.10.2022 7:26:36","13.10.2022 7:26:38"
"VSHAP001","61880_2","13.10.2022 7:31:53","13.10.2022 7:31:55"
"VSHAP001","61880_2","13.10.2022 9:27:01","13.10.2022 9:27:03"
"GBOL056","61880_17_new","19.10.2022 5:59:21","19.10.2022 5:59:31"
"MMIK001","61880_2_on_date","19.10.2022 7:14:23",
"MMIK001","61880_2_on_date","19.10.2022 7:14:35",
"MMIK001","61880_2","19.10.2022 7:15:03","19.10.2022 7:15:05"
"EBOCH056","61880_19","20.10.2022 8:27:57","20.10.2022 8:27:58"
"EBOCH056","61880_19","20.10.2022 8:28:04","20.10.2022 8:28:05"
"SBUR012","61880_2","20.10.2022 8:28:28","20.10.2022 8:28:30"
"EBOCH056","61880_19","20.10.2022 8:28:43","20.10.2022 8:28:45"
"OKOR009","61880_2_on_date","20.10.2022 11:06:07",
"OKOR009","61880_2","20.10.2022 11:07:33","20.10.2022 11:07:35"
"AGAB003","61880_17_new","20.10.2022 12:43:28","20.10.2022 12:43:42"
"AGAB003","61880_17_new","20.10.2022 12:45:00","20.10.2022 12:45:13"
"VSHAP001","61880_2","13.10.2022 12:44:32","13.10.2022 12:44:34"
"VSHAP001","61880_2","13.10.2022 15:02:44","13.10.2022 15:02:46"
"VSHAP001","61880_2_on_date","14.10.2022 8:05:08","14.10.2022 8:05:09"
"VSHAP001","61880_2_on_date","14.10.2022 8:06:36","14.10.2022 8:06:38"
"OKASYANOVA","61880_2","19.10.2022 10:55:02","19.10.2022 10:55:03"
"IGRI056","61880_2","19.10.2022 11:00:00","19.10.2022 11:00:02"
"NYAK001","61880_17_new","19.10.2022 11:34:04","19.10.2022 11:34:13"
"NYAK001","61880_3","19.10.2022 11:35:24","19.10.2022 11:35:26"
"SBUR012","61880_2","20.10.2022 8:45:04","20.10.2022 8:45:06"
"VSHAP001","61880_2","20.10.2022 9:11:58","20.10.2022 9:12:00"
"NYAK001","61880_14","20.10.2022 9:21:51","20.10.2022 9:21:52"
"EKAR014","61880-9-NEW","20.10.2022 9:32:40","20.10.2022 9:32:51"
"EKAR014","61880-9-NEW","20.10.2022 9:34:23","20.10.2022 9:34:35"
"EKAR014","61880-9-NEW","20.10.2022 9:35:57","20.10.2022 9:36:08"
"EKAR014","61880-9-NEW","20.10.2022 9:38:00","20.10.2022 9:38:13"
"EKAR014","61880-9-NEW","20.10.2022 9:40:00","20.10.2022 9:40:12"
"EKAR014","61880-9-NEW","20.10.2022 9:41:32","20.10.2022 9:41:44"
"EKAR014","61880-9-NEW","20.10.2022 9:42:50","20.10.2022 9:43:01"
"EKAR014","61880_17_new","20.10.2022 9:45:11","20.10.2022 9:45:26"
"NCHER","61880_2","17.10.2022 15:04:13","17.10.2022 15:04:15"
"AGAB003","61880_17_new","20.10.2022 12:54:19","20.10.2022 12:54:30"
"AGAB003","462359_rep_year","20.10.2022 13:01:27","20.10.2022 13:05:22"
"AGAB003","462359_rep_year","20.10.2022 13:12:53","20.10.2022 13:16:52"
"AGAB003","462359_rep_year","20.10.2022 13:19:11","20.10.2022 13:23:22"
"AGAB003","61880-9-NEW","20.10.2022 13:35:24","20.10.2022 13:35:47"
"AGAB003","61880-9-NEW","20.10.2022 13:37:34","20.10.2022 13:37:56"
"AGAB003","61880-9-NEW","20.10.2022 13:39:45","20.10.2022 13:40:06"
"AGAB003","61880-9-NEW","20.10.2022 13:42:55","20.10.2022 13:43:14"
"AGAB003","61880-9-NEW","20.10.2022 13:45:27","20.10.2022 13:45:48"
"AGAB003","61880-9-NEW","20.10.2022 13:48:21","20.10.2022 13:48:43"
"AGAB003","61880-9-NEW","20.10.2022 13:50:30","20.10.2022 13:50:50"
"AGAB003","61880-9-NEW","20.10.2022 13:52:47","20.10.2022 13:53:06"
"AGAB003","61880-9-NEW","20.10.2022 13:55:20","20.10.2022 13:55:41"
"AGAB003","61880-9-NEW","20.10.2022 13:58:00","20.10.2022 13:58:20"
"AGAB003","61880-9-NEW","20.10.2022 14:00:09","20.10.2022 14:00:30"
"SBUR012","61880_19","20.10.2022 14:32:58","20.10.2022 14:33:00"
"VSHAP001","61880_2","14.10.2022 8:08:18","14.10.2022 8:08:20"
"VSHAP001","61880_2","14.10.2022 9:22:17","14.10.2022 9:22:19"
"VSHAP001","61880_2","14.10.2022 9:40:26","14.10.2022 9:40:28"
"SBUR012","61880_19","13.10.2022 5:24:47","13.10.2022 5:24:48"
"SBUR012","61880_2","13.10.2022 5:41:53","13.10.2022 5:41:55"
"SBUR012","61880_19","13.10.2022 5:45:03","13.10.2022 5:45:04"
"SBUR012","61880_2","13.10.2022 5:51:05","13.10.2022 5:51:06"
"SBUR012","61759_1","18.10.2022 6:12:18","18.10.2022 6:12:19"
"SBUR012","61880_2","18.10.2022 7:02:18","18.10.2022 7:02:20"
"SBUR012","61880_10","18.10.2022 7:05:49","18.10.2022 7:05:50"
"SBUR012","61880_2","18.10.2022 8:25:21","18.10.2022 8:25:23"
"OKOR009","61880_20","17.10.2022 13:58:49","17.10.2022 13:58:50"
"OKOR009","61880_2_on_date","17.10.2022 14:41:34",
"OKOR009","61880_2","17.10.2022 14:44:14","17.10.2022 14:44:16"
"SBUR012","61759_1","19.10.2022 8:30:05","19.10.2022 8:30:06"
"VSHAP001","61880_2","14.10.2022 13:09:00","14.10.2022 13:09:02"
"VSHAP001","61880_2","14.10.2022 13:45:51","14.10.2022 13:45:53"
"VSHAP001","64224","14.10.2022 13:51:01","14.10.2022 13:56:10"
"YVAS004","64224","14.10.2022 13:56:04","14.10.2022 13:56:12"
"SBUR012","61880_19","13.10.2022 5:54:48","13.10.2022 5:54:49"
"SBUR012","61880_19","13.10.2022 5:54:50","13.10.2022 5:54:51"
"SBUR012","61880_2","13.10.2022 8:16:51","13.10.2022 8:16:52"
"SBUR012","61880_2","13.10.2022 8:35:33","13.10.2022 8:35:35"
"SBUR012","61880_2","18.10.2022 8:52:03","18.10.2022 8:52:05"
"SBUR012","61880_2","18.10.2022 10:50:52","18.10.2022 10:50:55"
"SBUR012","61880_2","18.10.2022 12:02:31","18.10.2022 12:02:33"
"SBUR012","61880_10","18.10.2022 12:10:43","18.10.2022 12:10:43"
"SBUR012","61880_10","18.10.2022 12:11:32","18.10.2022 12:11:33"
"SBUR012","61880_8","18.10.2022 13:06:30","18.10.2022 13:06:32"
"RRUS002","61880_2","18.10.2022 8:11:49","18.10.2022 8:11:51"
"SBUR012","61880_2","19.10.2022 9:13:54","19.10.2022 9:13:56"
"SBUR012","61880_2","19.10.2022 9:22:55","19.10.2022 9:22:56"
"VSHAP001","64224","14.10.2022 13:58:58","14.10.2022 13:59:00"
"VSHAP001","64224","14.10.2022 14:13:37","14.10.2022 14:13:40"
"OKOK006","64224","15.10.2022 16:53:49","15.10.2022 16:57:09"
"NYAK001","61880_14","18.10.2022 10:26:56","18.10.2022 10:26:57"
"SBUR012","61880_2","13.10.2022 9:37:23","13.10.2022 9:37:25"
"SBUR012","61880_2","13.10.2022 9:43:56","13.10.2022 9:43:58"
"SBUR012","61880_2","13.10.2022 10:09:30","13.10.2022 10:09:32"
"SBUR012","61880_19","18.10.2022 13:31:55","18.10.2022 13:31:56"
"SBUR012","61880_1","18.10.2022 13:33:48","18.10.2022 13:33:51"
"SBUR012","61759_1","18.10.2022 14:18:16","18.10.2022 14:18:17"
"RRUS002","61880_2","19.10.2022 6:26:02","19.10.2022 6:26:04"
"AKAN671","61880_2","18.10.2022 16:00:05","18.10.2022 16:00:06"
"AKAN671","61880-9-IÀ","18.10.2022 16:06:36","18.10.2022 16:06:40"
"AKAN671","61880-9-all","18.10.2022 16:08:12","18.10.2022 16:08:14"
"AKAN671","61880-9-IÀ","18.10.2022 16:09:54","18.10.2022 16:09:58"
"AKAN671","61880-9-NEW","18.10.2022 16:17:24","18.10.2022 16:17:30"
"AKAN671","61880_17_new","18.10.2022 16:33:48","18.10.2022 16:33:57"
"AKAN671","61880_17","18.10.2022 16:35:05","18.10.2022 16:35:11"
"AKAN671","61880_15","18.10.2022 16:38:56","18.10.2022 16:38:56"
"NYAK001","61880_14","18.10.2022 10:29:09","18.10.2022 10:29:09"
"NYAK001","61880_14","18.10.2022 10:30:27","18.10.2022 10:30:30"
"NYAK001","61880_14","18.10.2022 10:35:58","18.10.2022 10:35:58"
"MMIK001","61880_20","13.10.2022 7:52:59",
"MMIK001","61880_12","13.10.2022 7:53:21","13.10.2022 7:53:28"
"MMIK001","61880_12","13.10.2022 7:54:15","13.10.2022 7:54:22"
"MMIK001","61880_12","13.10.2022 7:55:59","13.10.2022 7:56:06"
"MMIK001","61880_2","13.10.2022 7:57:59","13.10.2022 7:58:01"
"DBAKH001","61880-9-NEW","13.10.2022 8:36:25","13.10.2022 8:36:28"
"DBAKH001","61880-9-NEW","13.10.2022 11:33:33","13.10.2022 11:33:57"
"DBAKH001","61880-9-NEW","13.10.2022 12:20:18","13.10.2022 12:20:31"
"EKAR014","61880_17_new","20.10.2022 9:48:50","20.10.2022 9:49:02"
"EKAR014","61880_17_new","20.10.2022 9:49:41","20.10.2022 9:49:54"
"EKAR014","61880_17_new","20.10.2022 9:51:11","20.10.2022 9:51:23"
"EZAM004","462353","17.10.2022 10:35:47","17.10.2022 10:35:47"
"EZAM004","462353","17.10.2022 10:36:28","17.10.2022 10:36:35"
"TVYA001","61880_8","17.10.2022 14:04:26","17.10.2022 14:04:28"
"TVYA001","61880_8","17.10.2022 15:01:47","17.10.2022 15:01:48"
"TVYA001","61880_2","17.10.2022 15:03:36","17.10.2022 15:03:38"
"TVYA001","61880_20","17.10.2022 15:08:28","17.10.2022 15:08:29"
"TVYA001","61880_11_new","17.10.2022 15:10:06",
"NSYS002","61880_8","17.10.2022 14:06:12","17.10.2022 14:06:14"
"NYAK001","61880_14","18.10.2022 10:38:39","18.10.2022 10:38:39"
"NYAK001","61880_14","18.10.2022 10:39:55","18.10.2022 10:39:56"
"OKOR009","61880_2","13.10.2022 10:42:02","13.10.2022 10:42:03"
"SBUR012","61880_2","13.10.2022 12:11:47","13.10.2022 12:11:49"
"SBUR012","61880_2","13.10.2022 13:58:39","13.10.2022 13:58:41"
"DSTR056","61880_2","18.10.2022 8:27:25","18.10.2022 8:27:27"
"EKAR014","61880_17_new","20.10.2022 9:52:03","20.10.2022 9:52:15"
"EKAR014","61880_17_new","20.10.2022 9:53:00","20.10.2022 9:53:12"
"TVYA001","61880_2_on_date","19.10.2022 10:15:27",
"TVYA001","61880_2_on_date","19.10.2022 10:15:36",
"TVYA001","61880_2","19.10.2022 10:15:47","19.10.2022 10:15:49"
"TVYA001","61880_8","19.10.2022 10:19:17","19.10.2022 10:19:19"
"NYAK001","61880_14","18.10.2022 10:42:31","18.10.2022 10:42:31"
"OKOK006","64224","18.10.2022 11:28:24","18.10.2022 11:28:29"
"OKOK006","61880_2_on_date","18.10.2022 12:18:32","18.10.2022 12:18:33"
"ASUSE","61880_2","18.10.2022 15:56:18","18.10.2022 15:56:20"
"SBUR012","61880_2","13.10.2022 14:21:05","13.10.2022 14:21:06"
"SBUR012","61880_2","13.10.2022 14:32:52","13.10.2022 14:32:54"
"ASUSE","61880-9-NEW","13.10.2022 23:25:21","13.10.2022 23:25:34"
"TVYA001","61880_2_on_date","14.10.2022 7:22:40",
"TVYA001","61880_2","14.10.2022 7:23:15","14.10.2022 7:23:17"
"OPRA056","61880_8","24.10.2022 6:49:44","24.10.2022 6:49:46"
"SBUR012","61880_2","26.10.2022 9:45:28","26.10.2022 9:45:31"
"SBUR012","61880_2","26.10.2022 10:37:18","26.10.2022 10:37:21"
"SBUR012","61880_2","27.10.2022 7:31:21","27.10.2022 7:31:23"
"NYAK001","61880_14","21.10.2022 11:18:58","21.10.2022 11:18:58"
"NYAK001","61880_14","21.10.2022 11:25:58","21.10.2022 11:25:58"
"NYAK001","61880_14","21.10.2022 11:28:13","21.10.2022 11:28:13"
"DBAKH001","61880_17_new","26.10.2022 10:12:58","26.10.2022 10:13:08"
"DBAKH001","61880_17_new","26.10.2022 10:14:01","26.10.2022 10:14:09"
"DBAKH001","61880_17_new","26.10.2022 10:14:30","26.10.2022 10:14:39"
"IMOS002","61880_2_on_date","21.10.2022 14:24:30","21.10.2022 14:24:31"
"IMOS002","61880_2_on_date","21.10.2022 14:25:45","21.10.2022 14:25:46"
"IMOS002","61880_2_on_date","21.10.2022 14:26:41","21.10.2022 14:26:42"
"IMOS002","61880_2_on_date","21.10.2022 14:27:03","21.10.2022 14:27:04"
"OKASYANOVA","61880_19","21.10.2022 15:26:39","21.10.2022 15:26:40"
"OKASYANOVA","61880_19","21.10.2022 15:41:45","21.10.2022 15:41:47"
"OKASYANOVA","61880_2","21.10.2022 15:42:56","21.10.2022 15:42:58"
"IGRI056","61880_2","25.10.2022 10:06:07","25.10.2022 10:06:10"
"NYAK001","61880_14","21.10.2022 11:29:54","21.10.2022 11:29:54"
"NYAK001","61880_14","21.10.2022 11:31:04","21.10.2022 11:31:05"
"SBUR012","61880_2","24.10.2022 8:51:14","24.10.2022 8:51:16"
"DBAKH001","61880_17_new","26.10.2022 11:17:55","26.10.2022 11:18:04"
"ASUSE","61880_19","26.10.2022 12:49:04","26.10.2022 12:49:06"
"ASUSE","61880_19","26.10.2022 13:01:11","26.10.2022 13:01:13"
"ASUSE","61880-9-NEW","26.10.2022 13:22:32","26.10.2022 13:22:38"
"ASUSE","61880-9-NEW","26.10.2022 13:25:40","26.10.2022 13:25:46"
"ASUSE","61880-9-NEW","26.10.2022 13:27:37","26.10.2022 13:28:05"
"ASUSE","61880_20","26.10.2022 13:56:44",
"ASUSE","61880_20","26.10.2022 13:57:00","26.10.2022 13:57:01"
"ASUSE","61880-9-NEW","26.10.2022 14:08:44","26.10.2022 14:09:08"
"ASUSE","61880_20","26.10.2022 14:09:46","26.10.2022 14:09:47"
"ASUSE","61880-9-all","26.10.2022 14:13:49","26.10.2022 14:14:13"
"ASUSE","61880-9-NEW","26.10.2022 14:53:19","26.10.2022 14:53:35"
"IMOS002","61880_2_on_date","21.10.2022 14:28:14","21.10.2022 14:28:15"
"IMOS002","61880_2","21.10.2022 14:30:38","21.10.2022 14:30:40"
"IMOS002","61880_2","21.10.2022 14:59:11","21.10.2022 14:59:13"
"OKASYANOVA","63051","24.10.2022 9:00:37","24.10.2022 9:05:22"
"OKASYANOVA","61880_10","24.10.2022 9:47:19","24.10.2022 9:47:20"
"TVYA001","61880_2","24.10.2022 9:54:04","24.10.2022 9:54:07"
"NSYS002","61880_8","25.10.2022 8:48:34","25.10.2022 8:48:36"
"TVYA001","61880_2","27.10.2022 8:12:20","27.10.2022 8:12:22"
"SBUR012","61880_2","27.10.2022 8:45:52","27.10.2022 8:45:54"
"SBUR012","61880_2","27.10.2022 9:02:23","27.10.2022 9:02:26"
"SBUR012","61880_2","24.10.2022 9:38:02","24.10.2022 9:38:04"
"SBUR012","61880_2","24.10.2022 14:44:48","24.10.2022 14:44:51"
"DBAKH001","61880_17_new","26.10.2022 9:39:04","26.10.2022 9:39:14"
"ASUSE","61880_19","26.10.2022 14:53:44","26.10.2022 14:53:46"
"DBAKH001","61880-9-NEW","27.10.2022 5:43:53","27.10.2022 5:44:16"
"DBAKH001","61880-9-NEW","27.10.2022 5:45:40","27.10.2022 5:46:03"
"NYAK001","64224","27.10.2022 9:01:51","27.10.2022 9:01:54"
"ETRANINA","61880_7","27.10.2022 14:13:31","27.10.2022 14:13:31"
"TVYA001","61880_2","24.10.2022 10:09:53","24.10.2022 10:09:55"
"DBAKH001","61880-9-NEW","25.10.2022 7:52:43","25.10.2022 7:53:08"
"DBAKH001","61880-9-NEW","25.10.2022 7:55:12","25.10.2022 7:55:37"
"DBAKH001","61880-9-NEW","25.10.2022 7:59:55","25.10.2022 8:00:21"
"DBAKH001","61880-9-NEW","25.10.2022 8:03:02","25.10.2022 8:03:28"
"DBAKH001","61880-9-NEW","25.10.2022 8:08:57","25.10.2022 8:09:22"
"DBAKH001","61880-9-NEW","25.10.2022 8:10:06","25.10.2022 8:10:31"
"DBAKH001","61880-9-NEW","25.10.2022 8:11:43","25.10.2022 8:12:09"
"DBAKH001","61880-9-NEW","25.10.2022 8:12:47","25.10.2022 8:13:12"
"DBAKH001","61880-9-NEW","25.10.2022 8:14:37","25.10.2022 8:15:02"
"DBAKH001","61880-9-NEW","25.10.2022 8:15:43","25.10.2022 8:16:08"
"DBAKH001","61880-9-NEW","25.10.2022 8:16:47","25.10.2022 8:17:14"
"DBAKH001","61880-9-NEW","25.10.2022 8:17:46","25.10.2022 8:18:14"
"DBAKH001","61880-9-NEW","25.10.2022 8:18:45","25.10.2022 8:19:11"
"DBAKH001","61880-9-NEW","25.10.2022 8:19:43","25.10.2022 8:20:08"
"DBAKH001","61880-9-NEW","25.10.2022 8:20:41","25.10.2022 8:21:08"
"DBAKH001","61880-9-NEW","25.10.2022 8:21:34","25.10.2022 8:22:02"
"DBAKH001","61880-9-NEW","25.10.2022 8:23:22","25.10.2022 8:23:49"
"DBAKH001","61880-9-NEW","25.10.2022 8:25:37","25.10.2022 8:26:05"
"DBAKH001","61880-9-NEW","25.10.2022 8:28:18","25.10.2022 8:28:43"
"DBAKH001","61880-9-NEW","25.10.2022 8:29:10","25.10.2022 8:29:34"
"DBAKH001","61880-9-NEW","25.10.2022 8:30:33","25.10.2022 8:30:58"
"DBAKH001","61880-9-NEW","25.10.2022 8:31:24","25.10.2022 8:31:50"
"DBAKH001","61880-9-NEW","25.10.2022 8:32:46","25.10.2022 8:33:12"
"DBAKH001","61880-9-NEW","25.10.2022 8:33:43","25.10.2022 8:34:12"
"DBAKH001","61880-9-NEW","25.10.2022 8:35:04","25.10.2022 8:35:28"
"DBAKH001","61880-9-NEW","25.10.2022 8:36:02","25.10.2022 8:36:29"
"DBAKH001","61880-9-NEW","25.10.2022 8:37:09","25.10.2022 8:37:35"
"DBAKH001","61880-9-NEW","25.10.2022 8:39:05","25.10.2022 8:39:30"
"DBAKH001","61880-9-NEW","25.10.2022 8:39:55","25.10.2022 8:40:22"
"DBAKH001","61880-9-NEW","25.10.2022 8:40:58","25.10.2022 8:41:26"
"DBAKH001","61880-9-NEW","25.10.2022 9:04:16","25.10.2022 9:04:43"
"DBAKH001","61880_17_new","25.10.2022 9:06:34","25.10.2022 9:06:40"
"RRUS002","61880_2","24.10.2022 11:56:46","24.10.2022 11:56:48"
"SBUR012","61880_2","27.10.2022 10:01:21","27.10.2022 10:01:23"
"EZAM004","61880_7","27.10.2022 13:47:52","27.10.2022 13:47:53"
"NYAK001","61880_14","24.10.2022 13:30:25","24.10.2022 13:30:26"
"OKOK006","61880_2","25.10.2022 11:21:10","25.10.2022 11:21:12"
"OKOK006","61880_19","25.10.2022 12:21:04","25.10.2022 12:21:06"
"SBUR012","61880_2","28.10.2022 8:06:45","28.10.2022 8:06:47"
"SBUR012","61880_2","28.10.2022 8:22:41","28.10.2022 8:22:43"
"SBUR012","61880_2","28.10.2022 9:03:17","28.10.2022 9:03:19"
"SBUR012","61880_2","28.10.2022 9:43:29","28.10.2022 9:43:31"
"RRUS002","61880_1","24.10.2022 9:34:16","24.10.2022 9:34:19"
"RRUS002","61880_2_on_date","24.10.2022 11:55:02",
"RRUS002","61880_2_on_date","24.10.2022 11:55:16",
"DBAKH001","61880_17_new","25.10.2022 9:07:07","25.10.2022 9:07:14"
"EZAM004","64224","27.10.2022 13:49:06","27.10.2022 14:05:08"
"OKOR009","61880_2","27.10.2022 13:49:31","27.10.2022 13:49:33"
"IMOS002","61880_2","31.10.2022 13:31:35","31.10.2022 13:31:36"
"IMOS002","61880_2","31.10.2022 13:47:05","31.10.2022 13:47:07"
"DBAKH001","61880_17_new","26.10.2022 9:43:49","26.10.2022 9:43:58"
"DBAKH001","61880_17_new","26.10.2022 9:44:43","26.10.2022 9:44:52"
"DBAKH001","61880_17_new","26.10.2022 9:45:16","26.10.2022 9:45:25"
"SVAGNER","61880_8","25.10.2022 10:06:27","25.10.2022 10:06:29"
"SBUR012","61880_2","28.10.2022 10:26:10","28.10.2022 10:26:12"
"SBUR012","61880_2","31.10.2022 7:40:14","31.10.2022 7:40:16"
"SBUR012","61880_2","31.10.2022 8:17:36","31.10.2022 8:17:38"
"DBAKH001","61880_17_new","25.10.2022 9:08:39","25.10.2022 9:08:45"
"DBAKH001","61880_17_new","25.10.2022 9:11:00","25.10.2022 9:11:07"
"DBAKH001","61880_17_new","25.10.2022 9:12:44","25.10.2022 9:12:50"
"OKOR009","61880_2","28.10.2022 13:56:40","28.10.2022 13:56:43"
"ILES001","64224","01.11.2022 7:43:45","01.11.2022 7:43:47"
"SBUR012","61880_2","02.11.2022 7:41:38","02.11.2022 7:41:40"
"SBUR012","61880_2","02.11.2022 7:47:32","02.11.2022 7:47:33"
"OKASYANOVA","61880_1","21.10.2022 13:31:36","21.10.2022 13:31:38"
"OKASYANOVA","61880_19","21.10.2022 13:37:28","21.10.2022 13:37:29"
"DBAKH001","61880_17_new","26.10.2022 9:45:47","26.10.2022 9:45:55"
"DBAKH001","61880_17_new","26.10.2022 9:46:24","26.10.2022 9:46:32"
"IMOS002","61880_2","31.10.2022 14:00:52","31.10.2022 14:00:54"
"IMOS002","61880_2","31.10.2022 14:47:29","31.10.2022 14:47:31"
"IMOS002","61880_2","31.10.2022 16:15:22","31.10.2022 16:15:24"
"IMOS002","61880_2","31.10.2022 16:24:19","31.10.2022 16:24:21"
"DBAKH001","61880_17_new","25.10.2022 9:22:57","25.10.2022 9:23:05"
"SBUR012","61880_2","25.10.2022 10:27:23","25.10.2022 10:27:25"
"SBUR012","61880_19","25.10.2022 10:58:33","25.10.2022 10:58:35"
"YUDOR001","61880-9-NEW","26.10.2022 10:23:22","26.10.2022 10:23:37"
"DBAKH001","61880-9-NEW","27.10.2022 9:15:02","27.10.2022 9:15:18"
"SBUR012","61880_2","31.10.2022 8:46:23","31.10.2022 8:46:25"
"SBUR012","61880_2","31.10.2022 8:56:19","31.10.2022 8:56:21"
"SBUR012","61880_2","31.10.2022 9:43:32","31.10.2022 9:43:34"
"IMOS002","61880_2","31.10.2022 10:01:06","31.10.2022 10:01:08"
"OKASYANOVA","61880_2","21.10.2022 13:07:36","21.10.2022 13:07:38"
"OKOR009","61880_2","21.10.2022 13:48:55","21.10.2022 13:48:57"
"DBAKH001","61880_17_new","26.10.2022 9:46:53","26.10.2022 9:47:03"
"NYAK001","64224","01.11.2022 16:22:22","01.11.2022 16:24:46"
"SBUR012","61880_2","02.11.2022 8:01:16","02.11.2022 8:01:18"
"OKOR009","61880_2","02.11.2022 9:34:46","02.11.2022 9:34:48"
"SBUR012","61880_2","02.11.2022 9:40:03","02.11.2022 9:40:05"
"YUDOR001","61880_18","26.10.2022 14:55:09","26.10.2022 14:57:29"
"EZAM004","61880_7","27.10.2022 14:02:20","27.10.2022 14:02:20"
"OKOK006","61880-9-NEW","27.10.2022 14:03:39","27.10.2022 14:04:04"
"EZAM004","462353","27.10.2022 14:04:10","27.10.2022 14:04:20"
"OKOK006","61880-9-NEW","27.10.2022 14:11:39","27.10.2022 14:12:03"
"TNIK008","64224","27.10.2022 15:58:15","27.10.2022 15:58:38"
"DBAKH001","61880-9-NEW","27.10.2022 10:10:14","27.10.2022 10:10:40"
"DBAKH001","61880-9-NEW","27.10.2022 10:11:05","27.10.2022 10:11:30"
"DBAKH001","61880-9-NEW","27.10.2022 10:22:08","27.10.2022 10:22:33"
"DBAKH001","61880-9-NEW","27.10.2022 12:01:40","27.10.2022 12:02:06"
"DBAKH001","61880-9-NEW","27.10.2022 12:15:21","27.10.2022 12:15:47"
"DBAKH001","61880-9-NEW","27.10.2022 12:22:57","27.10.2022 12:23:25"
"DBAKH001","61880-9-NEW","27.10.2022 12:24:14","27.10.2022 12:24:48"
"DBAKH001","61880-9-NEW","27.10.2022 12:25:26","27.10.2022 12:25:52"
"DBAKH001","61880-9-NEW","27.10.2022 13:01:29","27.10.2022 13:01:52"
"DBAKH001","61880-9-NEW","27.10.2022 13:49:11","27.10.2022 13:49:40"
"OKOK006","61880_2","31.10.2022 16:49:51","31.10.2022 16:49:53"
"OKOK006","61880_2","31.10.2022 16:50:19","31.10.2022 16:50:21"
"IMOS002","61880_2","31.10.2022 17:24:04","31.10.2022 17:24:06"
"DBAKH001","61880_17_new","26.10.2022 9:53:52","26.10.2022 9:54:01"
"OKASYANOVA","61880_2","26.10.2022 9:55:52","26.10.2022 9:55:54"
"DBAKH001","61880_17_new","26.10.2022 9:59:49","26.10.2022 9:59:57"
"IMOS002","61880_2","31.10.2022 10:13:56","31.10.2022 10:13:58"
"SBUR012","61880_2","31.10.2022 10:30:28","31.10.2022 10:30:30"
"SBUR012","61880_2","31.10.2022 11:57:31","31.10.2022 11:57:33"
"SBUR012","61880_2","31.10.2022 12:07:00","31.10.2022 12:07:02"
"TNIK008","64224","27.10.2022 16:19:39","27.10.2022 16:20:06"
"TNIK008","64224","27.10.2022 16:26:36","27.10.2022 16:27:10"
"TNIK008","64224","27.10.2022 16:28:48","27.10.2022 16:31:43"
"TVYA001","61880_2","27.10.2022 8:42:48","27.10.2022 8:42:50"
"SBUR012","61880_2","28.10.2022 11:02:34","28.10.2022 11:02:36"
"SBUR012","61880_2","01.11.2022 7:23:14","01.11.2022 7:23:17"
"SBUR012","61880_2","01.11.2022 8:18:29","01.11.2022 8:18:31"
"DBAKH001","61880_17_new","24.10.2022 7:31:48","24.10.2022 7:32:03"
"ASUSE","61880_19","25.10.2022 13:37:10","25.10.2022 13:37:12"
"ASUSE","61880_19","25.10.2022 15:20:05",
"ASUSE","61880_19","25.10.2022 15:20:35","25.10.2022 15:20:37"
"MMIK001","61880_2","28.10.2022 8:19:09","28.10.2022 8:19:11"
"IMOS002","61880_2","31.10.2022 17:25:29","31.10.2022 17:25:31"
"OKASYANOVA","61880_2","01.11.2022 9:42:37","01.11.2022 9:42:39"
"YUDOR001","61880_2","01.11.2022 10:38:10","01.11.2022 10:38:12"
"AGAB003","63051","26.10.2022 14:54:52","26.10.2022 14:57:11"
"AGAB003","63051","26.10.2022 15:00:40","26.10.2022 15:02:54"
"SBUR012","61880_2","01.11.2022 8:29:36","01.11.2022 8:29:38"
"SBUR012","61880_2","01.11.2022 9:34:12","01.11.2022 9:34:14"
"SBUR012","61880_2","01.11.2022 9:52:20","01.11.2022 9:52:23"
"SBUR012","61880_2","01.11.2022 10:11:07","01.11.2022 10:11:09"
"IMOS002","61880_2","31.10.2022 11:41:23","31.10.2022 11:41:25"
"IMOS002","61880_2","31.10.2022 11:42:00","31.10.2022 11:42:02"
"IMOS002","61880_2","31.10.2022 11:42:25","31.10.2022 11:42:27"
"IMOS002","61880_2","31.10.2022 11:43:12","31.10.2022 11:43:14"
"ASUSE","61880_18","25.10.2022 15:21:47","25.10.2022 15:23:14"
"ASUSE","61880_20","25.10.2022 15:27:33",
"DBAKH001","61880_17_new","26.10.2022 10:00:37","26.10.2022 10:00:46"
"DBAKH001","61880_17_new","26.10.2022 10:01:17","26.10.2022 10:01:26"
"SBUR012","61880_2","01.11.2022 11:10:29","01.11.2022 11:10:31"
"SBUR012","61880_2","02.11.2022 10:02:39","02.11.2022 10:02:41"
"IGRI056","61880_2","02.11.2022 11:30:07","02.11.2022 11:30:08"
"IPES002","64455_1_total","02.11.2022 12:27:47","02.11.2022 12:27:48"
"IMOS002","61880_2","31.10.2022 11:43:33","31.10.2022 11:43:36"
"IMOS002","61880_2","31.10.2022 11:43:56","31.10.2022 11:43:58"
"IMOS002","61880_2","31.10.2022 11:53:21","31.10.2022 11:53:23"
"SBUR012","61880_2","31.10.2022 12:27:21","31.10.2022 12:27:23"
"TVYA001","61880_2","28.10.2022 10:25:56","28.10.2022 10:25:59"
"YUDOR001","61880_18","01.11.2022 10:55:01","01.11.2022 10:57:32"
"OKOR009","61880_2","01.11.2022 11:28:11","01.11.2022 11:28:13"
"ASUSE","61880-9-NEW","01.11.2022 12:04:36","01.11.2022 12:04:58"
"OKOR009","61880_2","01.11.2022 15:42:30","01.11.2022 15:42:32"
"DBAKH001","61880_17_new","26.10.2022 10:02:04","26.10.2022 10:02:13"
"DBAKH001","61880_17_new","26.10.2022 10:02:34","26.10.2022 10:02:43"
"DBAKH001","61880_17_new","26.10.2022 10:03:40","26.10.2022 10:03:49"
"VSHAP001","61880_19","20.10.2022 21:17:50","20.10.2022 21:17:51"
"VSHAP001","61759_1","20.10.2022 21:58:02","20.10.2022 21:58:02"
"SBUR012","61880_2","31.10.2022 12:32:11","31.10.2022 12:32:13"
"SBUR012","61880_2","31.10.2022 12:39:42","31.10.2022 12:39:44"
"SBUR012","61880_2","21.10.2022 8:03:22","21.10.2022 8:03:24"
"SBUR012","61880_2","21.10.2022 8:24:02","21.10.2022 8:24:04"
"SBUR012","61880_2","21.10.2022 8:30:05","21.10.2022 8:30:07"
"GBOL056","61880_17_new","21.10.2022 6:25:38","21.10.2022 6:25:43"
"GBOL056","61880_17_new","21.10.2022 6:43:55","21.10.2022 6:44:00"
"GBOL056","61880_17_new","21.10.2022 12:36:12","21.10.2022 12:36:18"
"GBOL056","61880_17","21.10.2022 12:37:09","21.10.2022 12:37:15"
"GBOL056","61880_17","21.10.2022 12:37:55","21.10.2022 12:38:01"
"DBAKH001","61880_17_new","26.10.2022 10:04:13","26.10.2022 10:04:21"
"DBAKH001","61880_17_new","26.10.2022 10:04:52","26.10.2022 10:05:02"
"DBAKH001","61880_17_new","26.10.2022 10:05:35","26.10.2022 10:05:44"
"ILES001","64224","01.11.2022 7:38:51","01.11.2022 7:38:52"
"ILES001","64224","01.11.2022 7:39:08","01.11.2022 7:39:09"
"ILES001","64224","01.11.2022 7:41:41","01.11.2022 7:41:43"
"ILES001","64224","01.11.2022 7:42:47","01.11.2022 7:42:49"
"SBUR012","61880_2","21.10.2022 8:50:53","21.10.2022 8:50:55"
"SBUR012","61880_2","21.10.2022 9:46:20","21.10.2022 9:46:22"
"SBUR012","61880_2","21.10.2022 9:51:56","21.10.2022 9:51:58"
"EBOCH056","61880_19","20.10.2022 19:17:44","20.10.2022 19:17:45"
"EBOCH056","61880_10","20.10.2022 19:19:56","20.10.2022 19:19:57"
"EBOCH056","61880_10","20.10.2022 19:20:07","20.10.2022 19:20:08"
"EBOCH056","61880_10","20.10.2022 19:20:18","20.10.2022 19:20:19"
"EBOCH056","61880_10","20.10.2022 19:20:29","20.10.2022 19:20:30"
"EBOCH056","61880_10","20.10.2022 19:20:39","20.10.2022 19:20:40"
"EBOCH056","61880_10","20.10.2022 19:20:49","20.10.2022 19:20:50"
"EBOCH056","61880_10","20.10.2022 19:21:01","20.10.2022 19:21:02"
"EBOCH056","61880_10","20.10.2022 19:21:12","20.10.2022 19:21:12"
"GBOL056","61880_17_new","21.10.2022 12:38:30","21.10.2022 12:38:35"
"GBOL056","61880-9-NEW","21.10.2022 12:39:43","21.10.2022 12:39:54"
"GBOL056","61880-9-NEW","21.10.2022 12:40:18","21.10.2022 12:40:29"
"GBOL056","61880-9-NEW","21.10.2022 12:40:54","21.10.2022 12:41:04"
"GBOL056","61880_17","21.10.2022 13:00:36","21.10.2022 13:00:42"
"IMOS002","61880_7","21.10.2022 15:26:25","21.10.2022 15:26:25"
"IMOS002","61880-9-IÀ","21.10.2022 15:26:52","21.10.2022 15:26:53"
"ASUSE","61880_19","25.10.2022 15:12:17",
"DBAKH001","61880_17_new","26.10.2022 10:06:23","26.10.2022 10:06:32"
"DBAKH001","61880_17_new","26.10.2022 10:07:00","26.10.2022 10:07:09"
"DBAKH001","61880_17_new","26.10.2022 10:07:32","26.10.2022 10:07:41"
"SBUR012","61880_1","25.10.2022 7:10:00","25.10.2022 7:10:04"
"SBUR012","61880_2","25.10.2022 8:18:45","25.10.2022 8:18:48"
"SBUR012","61880_2","25.10.2022 8:36:03","25.10.2022 8:36:06"
"SBUR012","61880_2","21.10.2022 9:58:24","21.10.2022 9:58:25"
"SBUR012","61880_2","21.10.2022 10:07:32","21.10.2022 10:07:34"
"RRUS002","61880_8","21.10.2022 14:30:05","21.10.2022 14:30:07"
"RRUS002","61880_1","21.10.2022 14:32:50","21.10.2022 14:32:53"
"OKASYANOVA","61880_2","21.10.2022 5:42:17","21.10.2022 5:42:19"
"OKASYANOVA","61880_19","21.10.2022 5:43:41","21.10.2022 5:43:43"
"VSHAP001","61880_19","21.10.2022 13:00:17","21.10.2022 13:00:18"
"VSHAP001","61880_19","21.10.2022 13:19:47","21.10.2022 13:19:48"
"DBAKH001","61880_17_new","26.10.2022 10:08:03","26.10.2022 10:08:12"
"DBAKH001","61880_17_new","26.10.2022 10:08:37","26.10.2022 10:08:50"
"DBAKH001","61880_17_new","26.10.2022 10:09:34","26.10.2022 10:09:42"
"SBUR012","61880_2","25.10.2022 9:51:40","25.10.2022 9:51:42"
"SBUR012","61880_8","25.10.2022 10:01:17","25.10.2022 10:01:18"
"SBUR012","61880_2","25.10.2022 10:07:38","25.10.2022 10:07:40"
"SBUR012","61880_2","25.10.2022 10:13:09","25.10.2022 10:13:11"
"DBAKH001","61880-9-NEW","21.10.2022 8:33:42","21.10.2022 8:33:58"
"DBAKH001","61880_17_new","21.10.2022 8:35:21","21.10.2022 8:35:34"
"RRUS002","61880_1","21.10.2022 14:33:25","21.10.2022 14:33:27"
"RRUS002","61880_10","21.10.2022 14:33:54","21.10.2022 14:33:55"
"RRUS002","61880_10","21.10.2022 14:34:33","21.10.2022 14:34:34"
"RRUS002","61880_10","21.10.2022 14:36:12","21.10.2022 14:36:13"
"RRUS002","61880_10","21.10.2022 14:37:26","21.10.2022 14:37:28"
"RRUS002","61880_10","21.10.2022 14:38:56","21.10.2022 14:38:58"
"RRUS002","61880_10","21.10.2022 14:39:27","21.10.2022 14:39:28"
"RRUS002","61880_10","21.10.2022 14:40:51","21.10.2022 14:40:52"
"RRUS002","61880_10","21.10.2022 14:42:02","21.10.2022 14:42:03"
"RRUS002","61880_10","21.10.2022 14:48:27","21.10.2022 14:48:28"
"RRUS002","61880_10","21.10.2022 14:49:44","21.10.2022 14:49:46"
"RRUS002","61880_10","21.10.2022 14:50:58","21.10.2022 14:50:59"
"RRUS002","61880_10","21.10.2022 14:52:18","21.10.2022 14:52:19"
"RRUS002","61880_10","21.10.2022 14:54:04","21.10.2022 14:54:05"
"RRUS002","61880_1","21.10.2022 14:57:10","21.10.2022 14:57:12"
"IMOS002","61880_2","21.10.2022 15:27:18","21.10.2022 15:27:20"
"IPOCH001","61880_1","24.10.2022 6:35:28","24.10.2022 6:35:30"
"ODZY001","61880_18","25.10.2022 8:12:19","25.10.2022 8:13:45"
"DBAKH001","61880-9-NEW","26.10.2022 9:02:01","26.10.2022 9:02:30"
"DBAKH001","61880-9-NEW","26.10.2022 9:16:16","26.10.2022 9:16:31"
"DBAKH001","61880_17_new","26.10.2022 9:21:07","26.10.2022 9:21:22"
"NSYS002","61880_8","21.10.2022 14:34:58","21.10.2022 14:35:00"
"NSYS002","61880_8","21.10.2022 14:37:04","21.10.2022 14:37:06"
"NSYS002","61880_8","21.10.2022 14:38:05","21.10.2022 14:38:06"
"NSYS002","61880_8","21.10.2022 14:57:52","21.10.2022 14:57:54"
"TVYA001","61880_8","21.10.2022 10:40:34","21.10.2022 10:40:36"
"TVYA001","61880_8","21.10.2022 10:48:36","21.10.2022 10:48:38"
"IPOCH001","61880_1","21.10.2022 12:53:19","21.10.2022 12:53:22"
"IPOCH001","61880_19","21.10.2022 12:54:57","21.10.2022 12:54:59"
"RRUS002","61880_2","21.10.2022 14:58:56","21.10.2022 14:58:58"
"SBUR012","61880_2","26.10.2022 7:42:46","26.10.2022 7:42:48"
"SBUR012","61880_2","26.10.2022 9:13:23","26.10.2022 9:13:25"
"SBUR012","61880_2","24.10.2022 7:49:01","24.10.2022 7:49:03"
"SBUR012","61880_2","24.10.2022 8:05:21","24.10.2022 8:05:23"
"SBUR012","61880_2","24.10.2022 8:13:18","24.10.2022 8:13:20"
"DBAKH001","61880_17_new","26.10.2022 10:10:06","26.10.2022 10:10:15"
"DBAKH001","61880_17_new","26.10.2022 10:10:37","26.10.2022 10:10:45"
"DBAKH001","61880_17_new","26.10.2022 10:11:11","26.10.2022 10:11:20"
"DBAKH001","61880_17_new","26.10.2022 10:11:48","26.10.2022 10:11:58"
"IPOCH001","61880_1","21.10.2022 13:25:15","21.10.2022 13:25:17"
"IPOCH001","61880_1","21.10.2022 13:28:33","21.10.2022 13:28:37"
"IPOCH001","61880_1","21.10.2022 13:29:00","21.10.2022 13:29:02"
"IPOCH001","61880_19","21.10.2022 13:37:17","21.10.2022 13:37:19"
"IMOS002","61880_18","08.11.2022 10:50:41","08.11.2022 10:51:54"
"IMOS002","61880_18","08.11.2022 10:54:03","08.11.2022 10:55:14"
"IMOS002","61880_2","08.11.2022 10:55:44","08.11.2022 10:55:45"
"IMOS002","61880_2","08.11.2022 10:56:23","08.11.2022 10:56:25"
"IMOS002","61880_18","08.11.2022 16:38:52","08.11.2022 16:40:03"
"ASAU056","64455_1","10.11.2022 10:12:18","10.11.2022 10:12:18"
"SBUR012","61880_2","09.11.2022 9:49:00","09.11.2022 9:49:02"
"SBUR012","61880_2","09.11.2022 9:59:27","09.11.2022 9:59:28"
"TMEL156","64455_1","11.11.2022 10:06:35","11.11.2022 10:06:36"
"IMOS002","61880_2","15.11.2022 9:45:46","15.11.2022 9:45:48"
"OKOK006","64455_1_total","11.11.2022 9:44:59","11.11.2022 9:45:02"
"OKOK006","64455_1","11.11.2022 10:26:44","11.11.2022 10:26:44"
"OKOK006","61880_2_int_date","11.11.2022 11:04:17","11.11.2022 11:04:18"
"IKUZAKOVA","64455_1_total","14.11.2022 13:08:05","14.11.2022 13:08:08"
"IKUZAKOVA","64455_1_total","14.11.2022 13:11:43","14.11.2022 13:11:45"
"IKUZAKOVA","64455_1_total","14.11.2022 13:12:21","14.11.2022 13:12:22"
"IKUZAKOVA","64455_1_total","14.11.2022 13:12:32","14.11.2022 13:12:33"
"SVAGNER","61880_8","14.11.2022 10:00:51","14.11.2022 10:00:53"
"SVAGNER","61880_8","14.11.2022 13:08:38","14.11.2022 13:08:40"
"SBUR012","61759_1","17.11.2022 9:37:33","17.11.2022 9:37:33"
"SBUR012","61880_2","17.11.2022 9:46:26","17.11.2022 9:46:28"
"NYAK001","64224","08.11.2022 8:57:09","08.11.2022 8:57:12"
"ASAU056","64455_1","10.11.2022 10:12:38","10.11.2022 10:12:38"
"ILES001","64224","11.11.2022 9:12:51","11.11.2022 9:13:10"
"VSHAP001","61880_2","11.11.2022 10:02:29","11.11.2022 10:02:31"
"TMAL004","61880_2_on_date","10.11.2022 10:25:16",
"TMAL004","61880_2_on_date","10.11.2022 10:27:45",
"MMIK001","61880_2","11.11.2022 14:39:14","11.11.2022 14:39:15"
"IMOS002","61880_2","15.11.2022 10:49:53","15.11.2022 10:49:55"
"OKASYANOVA","64949","15.11.2022 10:50:48",
"ASUSE","61880-9-NEW","15.11.2022 11:52:10","15.11.2022 11:52:20"
"ASUSE","61880_3","15.11.2022 12:05:19","15.11.2022 12:05:20"
"EBEL015","64455_1","03.11.2022 8:29:12","03.11.2022 8:29:13"
"OKOK006","64455_1","11.11.2022 13:15:35","11.11.2022 13:15:36"
"OKOK006","64455_1","11.11.2022 13:15:49","11.11.2022 13:15:50"
"OKOK006","64224","11.11.2022 13:19:08","11.11.2022 13:22:43"
"NYAK001","61880_14","17.11.2022 9:57:07","17.11.2022 9:57:12"
"NYAK001","61880_14","17.11.2022 10:04:45","17.11.2022 10:04:45"
"NYAK001","61880_14","17.11.2022 10:06:11","17.11.2022 10:06:12"
"EZAM004","64483_1","03.11.2022 7:57:16","03.11.2022 7:59:13"
"ASAU056","64455_1","10.11.2022 12:01:48","10.11.2022 12:01:49"
"VSHAP001","61880_2","11.11.2022 10:06:24","11.11.2022 10:06:25"
"OKOK006","61880_18","15.11.2022 12:47:45","15.11.2022 12:48:26"
"OKOK006","61880_18","15.11.2022 13:00:49","15.11.2022 13:01:24"
"OKOK006","64949","15.11.2022 14:44:31",
"VSHAP001","61880_2","15.11.2022 14:59:30","15.11.2022 14:59:32"
"OKOK006","64483_1","15.11.2022 20:31:06","15.11.2022 20:32:43"
"GBOL056","61880_15","09.11.2022 7:05:08","09.11.2022 7:05:09"
"GBOL056","61880-9-NEW","09.11.2022 10:49:06","09.11.2022 10:49:09"
"GBOL056","61880_17","09.11.2022 10:50:01","09.11.2022 10:50:07"
"OKOK006","64455_1_total","11.11.2022 13:25:24","11.11.2022 13:25:25"
"OKOK006","64949","11.11.2022 13:58:51",
"OKOK006","64949","11.11.2022 14:03:45",
"OKOK006","64949","11.11.2022 14:05:28",
"IKUZAKOVA","64455_1_total","14.11.2022 13:14:04","14.11.2022 13:14:08"
"ODZY001","64483_1","03.11.2022 13:10:25","03.11.2022 13:11:54"
"GBOL056","61880_17","15.11.2022 12:42:57","15.11.2022 12:43:02"
"GBOL056","61880_17","15.11.2022 12:49:48","15.11.2022 12:49:55"
"GBOL056","61880_3","15.11.2022 14:10:29","15.11.2022 14:10:31"
"GBOL056","61880_7","15.11.2022 14:33:47","15.11.2022 14:33:48"
"GBOL056","61880_7","15.11.2022 14:39:15","15.11.2022 14:39:15"
"GBOL056","61880_15","08.11.2022 14:43:21","08.11.2022 14:43:21"
"TMAL004","61880_2_on_date","10.11.2022 10:23:52",
"TMAL004","61880_2_on_date","10.11.2022 10:24:04",
"VSHAP001","61880_2","11.11.2022 10:48:10","11.11.2022 10:48:12"
"YUDOR001","61880_2","02.11.2022 16:56:22","02.11.2022 16:56:25"
"YUDOR001","61880_2","02.11.2022 16:57:14","02.11.2022 16:57:17"
"ASAU056","64455_1_total","09.11.2022 9:50:39","09.11.2022 9:50:42"
"ASAU056","64455_1_total","09.11.2022 9:51:01","09.11.2022 9:51:03"
"SBUR012","61880_2","07.11.2022 10:42:59","07.11.2022 10:43:01"
"ASUSE","61880-9-NEW","08.11.2022 14:50:12","08.11.2022 14:50:31"
"SBUR012","61880_2","10.11.2022 9:31:12","10.11.2022 9:31:14"
"SBUR012","61880_2","10.11.2022 9:53:43","10.11.2022 9:53:45"
"MGOR156","61880_8","08.11.2022 8:51:03","08.11.2022 8:51:06"
"MGOR156","61880_19","08.11.2022 8:53:53","08.11.2022 8:53:54"
"MGOR156","61880_18","08.11.2022 8:55:59","08.11.2022 8:57:13"
"NYAK001","61880_14","17.11.2022 10:07:15","17.11.2022 10:07:16"
"ASUSE","64455_1","11.11.2022 13:33:40","11.11.2022 13:33:40"
"ASUSE","64455_1_total","11.11.2022 13:35:09","11.11.2022 13:35:10"
"ASUSE","64455_1_total","11.11.2022 17:08:48","11.11.2022 17:08:49"
"ASAU056","64455_1","09.11.2022 9:51:33","09.11.2022 9:51:33"
"ASAU056","64455_1","09.11.2022 9:52:15","09.11.2022 9:52:15"
"ASAU056","64455_1","09.11.2022 9:52:45","09.11.2022 9:52:45"
"NYAK001","64224","05.11.2022 9:15:15","05.11.2022 9:15:19"
"TMAL004","61880_2_on_date","10.11.2022 16:48:57",
"TMAL004","61880_2","10.11.2022 16:51:38","10.11.2022 16:51:40"
"TMAL004","61880_20","10.11.2022 16:57:36","10.11.2022 16:57:36"
"YUDOR001","61880_2_int_date","11.11.2022 10:58:17","11.11.2022 10:58:18"
"OKOR009","61880_2","10.11.2022 10:27:00","10.11.2022 10:27:02"
"SBUR012","61759_1","17.11.2022 11:18:57","17.11.2022 11:18:57"
"SBUR012","61759_1","17.11.2022 11:19:34","17.11.2022 11:19:35"
"ASUSE","64455_1_total","11.11.2022 17:09:14","11.11.2022 17:09:15"
"ASUSE","64455_1","11.11.2022 17:09:45","11.11.2022 17:09:46"
"VSHAP001","61880_2","14.11.2022 8:31:10","14.11.2022 8:31:13"
"SBUR012","61880_2","03.11.2022 7:17:28","03.11.2022 7:17:31"
"SBUR012","61880_2","03.11.2022 7:39:59","03.11.2022 7:40:02"
"SBUR012","61880_2","03.11.2022 10:00:14","03.11.2022 10:00:16"
"SBUR012","61880_2","03.11.2022 13:16:36","03.11.2022 13:16:38"
"EBEL015","64455_1","15.11.2022 6:41:56","15.11.2022 6:41:56"
"SBUR012","61880_2","15.11.2022 7:44:13","15.11.2022 7:44:15"
"SBUR012","61880_2","15.11.2022 8:51:08","15.11.2022 8:51:10"
"SBUR012","61880_2","15.11.2022 9:07:34","15.11.2022 9:07:36"
"NYAK001","61880_14","17.11.2022 10:10:04","17.11.2022 10:10:05"
"ODZY001","61880_7","17.11.2022 12:20:30","17.11.2022 12:20:31"
"ODZY001","61880_18","17.11.2022 12:24:37","17.11.2022 12:25:59"
"VSHAP001","61880_2","14.11.2022 9:26:11","14.11.2022 9:26:13"
"VSHAP001","61880_2","14.11.2022 10:04:05","14.11.2022 10:04:07"
"VSHAP001","61880_2","14.11.2022 10:36:46","14.11.2022 10:36:48"
"DSTR056","64224","15.11.2022 7:41:50","15.11.2022 7:45:43"
"EBEL015","64455_1_total","03.11.2022 11:12:23","03.11.2022 11:12:24"
"EBEL015","462361","03.11.2022 11:13:04","03.11.2022 11:13:04"
"NYAK001","64224","07.11.2022 8:15:44","07.11.2022 8:15:47"
"NYAK001","64224","07.11.2022 9:04:25","07.11.2022 9:04:28"
"NYAK001","64224","07.11.2022 9:37:58","07.11.2022 9:38:00"
"ASAU056","64455_1","11.11.2022 7:10:34","11.11.2022 7:10:35"
"ASAU056","64455_1","11.11.2022 7:34:53","11.11.2022 7:34:53"
"ASAU056","64455_1","11.11.2022 7:35:36","11.11.2022 7:35:36"
"OKASYANOVA","64949","11.11.2022 13:26:43",
"OKASYANOVA","64949","11.11.2022 13:28:02",
"OKASYANOVA","64949","11.11.2022 13:28:21",
"OKASYANOVA","64949","11.11.2022 13:29:12",
"OKASYANOVA","64949","11.11.2022 13:30:32",
"YUDOR001","64455_1","09.11.2022 10:59:26","09.11.2022 10:59:28"
"YUDOR001","64483_1","09.11.2022 11:01:51","09.11.2022 11:01:53"
"NCHER","61880_2","10.11.2022 15:13:33","10.11.2022 15:13:35"
"AKAN671","61880_7","17.11.2022 13:17:56","17.11.2022 13:17:57"
"VSHAP001","61880_2","07.11.2022 9:06:52","07.11.2022 9:06:54"
"VSHAP001","61880_2","07.11.2022 10:21:59","07.11.2022 10:22:01"
"VSHAP001","61880_2","07.11.2022 10:39:01","07.11.2022 10:39:02"
"VSHAP001","61880_8","07.11.2022 10:55:58","07.11.2022 10:56:00"
"ASAU056","64455_1","09.11.2022 9:54:22","09.11.2022 9:54:23"
"SBUR012","61880_2","16.11.2022 7:27:16","16.11.2022 7:27:18"
"SBUR012","61880_2","16.11.2022 7:46:04","16.11.2022 7:46:06"
"SBUR012","61880_2","16.11.2022 7:55:30","16.11.2022 7:55:32"
"SVAGNER","61880_8","07.11.2022 9:54:40","07.11.2022 9:54:42"
"TVYA001","61880_2","15.11.2022 7:33:07","15.11.2022 7:33:09"
"SBUR012","61880_2","15.11.2022 9:23:01","15.11.2022 9:23:02"
"SBUR012","61880_2","15.11.2022 10:27:58","15.11.2022 10:28:00"
"IMOS002","61880_2","02.11.2022 14:11:41","02.11.2022 14:11:43"
"IMOS002","61880_2","02.11.2022 14:16:42","02.11.2022 14:16:44"
"IMOS002","61880_2","02.11.2022 14:17:09","02.11.2022 14:17:12"
"IMOS002","61880_2","02.11.2022 14:17:23","02.11.2022 14:17:25"
"IMOS002","61880_2","02.11.2022 14:20:21","02.11.2022 14:20:23"
"VSHAP001","61880_2","07.11.2022 11:01:26","07.11.2022 11:01:28"
"EBEL015","64455_1","09.11.2022 12:35:19","09.11.2022 12:35:19"
"EBEL015","64455_1","09.11.2022 12:36:07","09.11.2022 12:36:07"
"SBUR012","61880_2","07.11.2022 7:47:59","07.11.2022 7:48:01"
"SBUR012","61880_2","16.11.2022 9:54:18","16.11.2022 9:54:19"
"SBUR012","61880_2","16.11.2022 10:17:56","16.11.2022 10:17:58"
"SBUR012","61880_2","16.11.2022 10:31:03","16.11.2022 10:31:06"
"MMIK001","61880_2","16.11.2022 9:16:03","16.11.2022 9:16:05"
"OKASYANOVA","64949","16.11.2022 9:52:55",
"ASUSE","61880_2","16.11.2022 11:56:51","16.11.2022 11:56:53"
"MMIK001","61880_2","17.11.2022 7:09:05","17.11.2022 7:09:07"
"VSHAP001","61880_1","17.11.2022 7:19:39","17.11.2022 7:19:41"
"ASAU056","64455_1","02.11.2022 13:22:15","02.11.2022 13:22:15"
"ASAU056","64455_1","02.11.2022 13:23:37","02.11.2022 13:23:37"
"ASAU056","64455_1","02.11.2022 13:26:20","02.11.2022 13:26:21"
"IMOS002","61880_2","02.11.2022 14:27:35","02.11.2022 14:27:37"
"SBUR012","61880_2","14.11.2022 8:16:18","14.11.2022 8:16:21"
"SBUR012","61880_2","14.11.2022 9:26:36","14.11.2022 9:26:38"
"SBUR012","61880_2","14.11.2022 9:28:06","14.11.2022 9:28:08"
"SBUR012","61880_2","14.11.2022 10:12:07","14.11.2022 10:12:09"
"TVYA001","61880_2","16.11.2022 10:52:08","16.11.2022 10:52:10"
"DSTR056","61880_2","16.11.2022 12:26:46","16.11.2022 12:26:48"
"SBUR012","61880_8","16.11.2022 12:56:32","16.11.2022 12:56:34"
"TNIK008","64224","16.11.2022 14:33:05","16.11.2022 14:36:20"
"VSHAP001","61880_2","02.11.2022 12:30:36","02.11.2022 12:30:38"
"VSHAP001","61880_2","02.11.2022 12:49:43","02.11.2022 12:49:45"
"IGRI056","61880_2_on_date","07.11.2022 8:10:27","07.11.2022 8:10:29"
"IGRI056","61880_2_on_date","07.11.2022 8:11:32","07.11.2022 8:11:33"
"IMOS002","61880_2","02.11.2022 14:27:56","02.11.2022 14:27:59"
"IMOS002","61880_19","03.11.2022 9:45:56","03.11.2022 9:45:58"
"IMOS002","61880_2","03.11.2022 12:51:11","03.11.2022 12:51:13"
"ASUSE","462359_rep_year","08.11.2022 17:28:49","08.11.2022 17:32:47"
"ASUSE","63051","08.11.2022 18:25:52","08.11.2022 18:25:53"
"ASUSE","63051","08.11.2022 18:46:16","08.11.2022 18:46:57"
"VSHAP001","61880_2","09.11.2022 11:11:32","09.11.2022 11:11:35"
"IGRI056","61880_2","14.11.2022 14:11:19","14.11.2022 14:11:22"
"IGRI056","61880_2","15.11.2022 8:53:07","15.11.2022 8:53:09"
"IGRI056","61880_2_int_date","15.11.2022 8:54:21","15.11.2022 8:54:22"
"IPES002","64455_1","02.11.2022 12:33:42","02.11.2022 12:33:45"
"OKOK006","64455_1_total","07.11.2022 15:35:39","07.11.2022 15:35:41"
"OKOK006","64455_1_total","07.11.2022 15:36:02","07.11.2022 15:36:05"
"OKOK006","64455_1_total","07.11.2022 15:38:20","07.11.2022 15:38:23"
"OKOK006","64483_1","07.11.2022 16:22:26","07.11.2022 16:22:50"
"NSYS002","61880_8","14.11.2022 10:20:29","14.11.2022 10:20:31"
"OKOK006","64483_1","02.11.2022 16:58:34","02.11.2022 16:59:18"
"IPES002","64483_1","03.11.2022 14:14:25","03.11.2022 14:14:42"
"IPES002","64483_1","03.11.2022 14:25:08","03.11.2022 14:25:22"
"IGRI056","61880_2_on_date","07.11.2022 8:12:36","07.11.2022 8:12:37"
"IGRI056","61880_2_int_date","07.11.2022 8:15:06","07.11.2022 8:15:07"
"NYAK001","64224","09.11.2022 11:26:43","09.11.2022 11:26:45"
"NYAK001","64224","09.11.2022 13:36:18","09.11.2022 13:36:19"
"VSHAP001","61880_2","09.11.2022 11:14:50","09.11.2022 11:14:52"
"VSHAP001","61880_2","09.11.2022 11:32:16","09.11.2022 11:32:18"
"VSHAP001","61880_2","09.11.2022 11:39:19","09.11.2022 11:39:21"
"VSHAP001","61880_19","09.11.2022 11:43:05","09.11.2022 11:43:07"
"ASUSE","64455_1_total","11.11.2022 11:12:50","11.11.2022 11:12:51"
"ASUSE","64455_1_total","11.11.2022 11:14:21","11.11.2022 11:14:25"
"ASUSE","64455_1_total","11.11.2022 11:15:19","11.11.2022 11:15:20"
"SBUR012","61880_2","08.11.2022 8:02:24","08.11.2022 8:02:26"
"SBUR012","61880_2","08.11.2022 9:54:27","08.11.2022 9:54:28"
"SBUR012","61880_2","08.11.2022 12:42:08","08.11.2022 12:42:10"
"MMIK001","61880_2","16.11.2022 15:04:00","16.11.2022 15:04:02"
"NYAK001","64224","09.11.2022 14:04:30","09.11.2022 14:04:32"
"NYAK001","64224","09.11.2022 14:17:45","09.11.2022 14:17:50"
"NYAK001","64224","09.11.2022 16:06:50","09.11.2022 16:06:56"
"VSHAP001","61880_2","10.11.2022 8:03:55","10.11.2022 8:03:58"
"TMEL156","64455_1","02.11.2022 13:29:15","02.11.2022 13:29:15"
"TNIK008","64224","09.11.2022 12:34:38","09.11.2022 12:34:40"
"SBUR012","61880_2","11.11.2022 8:16:07","11.11.2022 8:16:10"
"SBUR012","61880_2","11.11.2022 10:31:54","11.11.2022 10:31:56"
"NYAK001","64224","03.11.2022 11:02:15","03.11.2022 11:02:18"
"NYAK001","64224","03.11.2022 11:06:42","03.11.2022 11:06:53"
"NYAK001","64224","03.11.2022 11:07:48","03.11.2022 11:07:49"
"NYAK001","64224","03.11.2022 11:53:40","03.11.2022 11:53:42"
"OKOK006","64224","16.11.2022 18:05:46","16.11.2022 18:08:53"
"OKOK006","64455_1","16.11.2022 20:47:27","16.11.2022 20:47:27"
"TVYA001","61880_2","17.11.2022 7:10:43","17.11.2022 7:10:45"
"VSHAP001","61880_1","17.11.2022 7:14:06","17.11.2022 7:14:10"
"DSTR056","462361","02.11.2022 13:21:03","02.11.2022 13:21:04"
"VSHAP001","61880_2","10.11.2022 10:03:51","10.11.2022 10:03:52"
"TVYA001","61880_8","16.11.2022 8:14:04","16.11.2022 8:14:06"
"TVYA001","61880_2","16.11.2022 8:15:14","16.11.2022 8:15:16"
"TVYA001","61880_11_new","16.11.2022 8:17:03","16.11.2022 8:17:07"
"SBUR012","61880_19","11.11.2022 10:54:22","11.11.2022 10:54:24"
"SBUR012","61880_2","11.11.2022 11:09:43","11.11.2022 11:09:44"
"SBUR012","61880_1","11.11.2022 12:51:28","11.11.2022 12:51:31"
"SBUR012","61880-9-NEW","11.11.2022 13:04:43","11.11.2022 13:04:46"
"NCHER","61880_17_new","14.11.2022 14:33:26","14.11.2022 14:33:50"
"NYAK001","64224","03.11.2022 12:08:06","03.11.2022 12:08:07"
"NYAK001","64224","03.11.2022 12:31:09","03.11.2022 12:31:10"
"VSHAP001","61880_8","07.11.2022 12:13:06","07.11.2022 12:13:08"
"VSHAP001","61880_2","08.11.2022 8:20:11","08.11.2022 8:20:13"
"IMOS002","462361","10.11.2022 11:41:21","10.11.2022 11:41:21"
"IMOS002","462361","10.11.2022 11:42:01","10.11.2022 11:42:02"
"IMOS002","61880_10","10.11.2022 11:42:57","10.11.2022 11:42:57"
"IMOS002","462359_rep_year","10.11.2022 11:43:39","10.11.2022 11:48:13"
"IMOS002","61880_2","10.11.2022 13:12:42","10.11.2022 13:12:43"
"IMOS002","61880_2","10.11.2022 13:14:40","10.11.2022 13:14:42"
"IMOS002","61880_2","10.11.2022 13:15:37","10.11.2022 13:15:39"
"IMOS002","61880_2","10.11.2022 13:16:09","10.11.2022 13:16:11"
"NYAK001","64224","05.11.2022 10:40:17","05.11.2022 10:40:19"
"NYAK001","64224","05.11.2022 10:44:03","05.11.2022 10:44:04"
"NYAK001","64224","05.11.2022 10:46:34","05.11.2022 10:46:36"
"TVYA001","61880_2","16.11.2022 8:17:52","16.11.2022 8:17:54"
"VSHAP001","61880_8","03.11.2022 9:08:03","03.11.2022 9:08:05"
"VSHAP001","61880_8","03.11.2022 9:15:12","03.11.2022 9:15:13"
"VSHAP001","61880_2","03.11.2022 10:23:54","03.11.2022 10:23:56"
"VSHAP001","61880_2","03.11.2022 11:08:10","03.11.2022 11:08:12"
"EZAM004","64483_1","03.11.2022 8:07:51","03.11.2022 8:07:53"
"EZAM004","64483_1","03.11.2022 8:10:38","03.11.2022 8:10:39"
"EZAM004","64483_1","03.11.2022 8:13:52","03.11.2022 8:13:54"
"EZAM004","64483_1","03.11.2022 8:15:31","03.11.2022 8:15:32"
"EZAM004","64483_1","03.11.2022 8:16:26","03.11.2022 8:16:27"
"EZAM004","64483_1","03.11.2022 8:17:23","03.11.2022 8:17:24"
"EZAM004","64483_1","03.11.2022 8:22:35","03.11.2022 8:22:37"
"VSHAP001","61880_2","08.11.2022 9:38:43","08.11.2022 9:38:44"
"ASUSE","64455_1_total","11.11.2022 11:16:51","11.11.2022 11:16:53"
"SVAGNER","61880_8","14.11.2022 9:57:29",
"YVAS004","64224","14.11.2022 14:24:39","14.11.2022 14:26:16"
"GBOL056","61880-9-NEW","15.11.2022 5:45:00","15.11.2022 5:45:04"
"NSYS002","61880_8","03.11.2022 14:23:50","03.11.2022 14:23:52"
"IMOS002","61880_2","10.11.2022 13:16:38","10.11.2022 13:16:40"
"IMOS002","61880_2","10.11.2022 13:17:02","10.11.2022 13:17:04"
"IMOS002","61880_2","10.11.2022 15:56:53","10.11.2022 15:56:55"
"ASUSE","61880-9-NEW","03.11.2022 12:43:53","03.11.2022 12:44:11"
"MMIK001","61880_2","15.11.2022 11:54:01","15.11.2022 11:54:03"
"VSKULKINA","64455_1","16.11.2022 8:54:15","16.11.2022 8:54:15"
"OKOK006","64949","16.11.2022 11:31:19",
"RRUS002","61880_2","16.11.2022 12:10:23","16.11.2022 12:10:25"
"SBUR012","61880_2","17.11.2022 7:40:52","17.11.2022 7:40:54"
"VSHAP001","61880_2","03.11.2022 12:29:38","03.11.2022 12:29:40"
"TNIK008","64224","08.11.2022 11:33:35","08.11.2022 11:33:37"
"EZAM004","64483_1","08.11.2022 13:15:24","08.11.2022 13:15:31"
"EZAM004","64483_1","08.11.2022 13:16:15","08.11.2022 13:16:16"
"EZAM004","64483_1","08.11.2022 14:28:33","08.11.2022 14:28:34"
"EZAM004","64483_1","08.11.2022 14:28:54","08.11.2022 14:29:05"
"VSHAP001","61880_2","10.11.2022 15:53:27","10.11.2022 15:53:29"
"ILES001","64224","11.11.2022 9:10:57","11.11.2022 9:11:02"
"IPES002","64483_1","03.11.2022 10:51:32","03.11.2022 10:51:34"
"SBUR012","61880_2","09.11.2022 7:36:54","09.11.2022 7:36:56"
"ASAU056","64455_1","10.11.2022 6:27:16","10.11.2022 6:27:16"
"ASAU056","64455_1","10.11.2022 6:27:37","10.11.2022 6:27:37"
"GBOL056","61880-9-NEW","15.11.2022 6:01:32","15.11.2022 6:01:36"
"GBOL056","61880-9-NEW","15.11.2022 6:03:16","15.11.2022 6:03:20"
"GBOL056","61880_17","15.11.2022 6:53:13","15.11.2022 6:53:18"
"GBOL056","61880-9-NEW","15.11.2022 6:59:02","15.11.2022 6:59:06"
"IGRI056","61880_2_int_date","15.11.2022 8:54:40","15.11.2022 8:54:41"
"IGRI056","61880_2_int_date","15.11.2022 9:10:19","15.11.2022 9:10:20"
"IMOS002","61880_2","10.11.2022 15:59:19","10.11.2022 15:59:21"
"IMOS002","61880_2","10.11.2022 16:00:53","10.11.2022 16:00:55"
"IMOS002","61880_2","10.11.2022 16:28:23","10.11.2022 16:28:24"
"IMOS002","462359_rep_year","10.11.2022 17:41:55","10.11.2022 17:46:25"
"IMOS002","462359_rep_year","10.11.2022 17:48:21","10.11.2022 17:52:41"
"SBUR012","61880_2","15.11.2022 6:11:45","15.11.2022 6:11:47"
"YVAS004","64224","16.11.2022 15:07:04","16.11.2022 15:07:14"
"SBUR012","61880_2","17.11.2022 7:53:45","17.11.2022 7:53:47"
"VSHAP001","462353","17.11.2022 8:10:14","17.11.2022 8:10:25"
"VSHAP001","462353","17.11.2022 8:17:55","17.11.2022 8:18:04"
"VSHAP001","462353","17.11.2022 8:18:53","17.11.2022 8:19:02"
"SBUR012","61880_2","17.11.2022 8:28:20","17.11.2022 8:28:22"
"ANAY001","61880_8","22.11.2022 8:28:18","22.11.2022 8:28:20"
"SBUR012","61880_2","23.11.2022 14:48:37","23.11.2022 14:48:39"
"GBOL056","61880_17","24.11.2022 5:53:11","24.11.2022 5:53:17"
"GBOL056","61880_17","24.11.2022 6:24:20","24.11.2022 6:24:25"
"DBAKH001","61880_17_new","24.11.2022 6:53:52","24.11.2022 6:54:03"
"DBAKH001","61880_17_new","24.11.2022 6:54:37","24.11.2022 6:54:50"
"GBOL056","61880_17","18.11.2022 10:30:10","18.11.2022 10:30:16"
"GBOL056","61880_17","18.11.2022 10:38:09","18.11.2022 10:38:14"
"GBOL056","61880_7","18.11.2022 11:54:49","18.11.2022 11:54:50"
"EZAM004","64455_1","22.11.2022 13:56:54","22.11.2022 13:56:54"
"OKASYANOVA","61880_19","22.11.2022 17:55:46","22.11.2022 17:55:48"
"TVYA001","61880_2","18.11.2022 9:24:46","18.11.2022 9:24:48"
"TVYA001","61880_2","18.11.2022 9:30:32","18.11.2022 9:30:34"
"IKUZAKOVA","64455_1_total","18.11.2022 11:41:17","18.11.2022 11:41:21"
"IKUZAKOVA","64455_1_total","18.11.2022 11:43:19","18.11.2022 11:43:22"
"IKUZAKOVA","64455_1_total","18.11.2022 11:50:25","18.11.2022 11:50:27"
"IKUZAKOVA","64455_1_total","18.11.2022 12:13:23","18.11.2022 12:13:26"
"RRUS002","61880_2","17.11.2022 15:58:44","17.11.2022 15:58:46"
"RRUS002","61880_2","17.11.2022 15:59:10","17.11.2022 15:59:12"
"RRUS002","61880_2","21.11.2022 12:49:00","21.11.2022 12:49:03"
"EZAM004","61880_7","22.11.2022 7:19:35","22.11.2022 7:19:36"
"EZAM004","462353","22.11.2022 7:20:51","22.11.2022 7:21:00"
"DBAKH001","61880_17_new","24.11.2022 6:55:55","24.11.2022 6:56:10"
"DBAKH001","61880_17_new","24.11.2022 6:56:53","24.11.2022 6:57:04"
"DBAKH001","61880_17_new","24.11.2022 6:57:37","24.11.2022 6:57:48"
"DBAKH001","61880-9-NEW","24.11.2022 6:58:36","24.11.2022 6:59:36"
"DBAKH001","61880-9-NEW","24.11.2022 7:01:02","24.11.2022 7:02:07"
"DBAKH001","61880-9-NEW","24.11.2022 7:02:37","24.11.2022 7:03:41"
"TVYA001","61880_2","21.11.2022 7:19:18","21.11.2022 7:19:20"
"TVYA001","61880_2","21.11.2022 7:52:18","21.11.2022 7:52:20"
"GBOL056","61880_17_new","23.11.2022 8:40:28","23.11.2022 8:40:40"
"VSHAP001","61880_2","25.11.2022 8:31:35","25.11.2022 8:31:37"
"EZAM004","64455_1","21.11.2022 13:17:05","21.11.2022 13:17:06"
"VSKULKINA","64455_1","21.11.2022 13:17:31","21.11.2022 13:17:31"
"EZAM004","64455_1","21.11.2022 13:18:55","21.11.2022 13:18:56"
"VSKULKINA","64455_1","21.11.2022 13:30:09","21.11.2022 13:30:09"
"EKAR014","61880-9-NEW","21.11.2022 14:05:00","21.11.2022 14:05:13"
"SBUR012","61880_2","22.11.2022 9:25:44","22.11.2022 9:25:46"
"SBUR012","61880_2","22.11.2022 9:36:29","22.11.2022 9:36:31"
"SBUR012","61880_2","22.11.2022 10:31:42","22.11.2022 10:31:44"
"EZAM004","64455_1","22.11.2022 11:45:35","22.11.2022 11:45:36"
"RRUS002","61880_2","18.11.2022 7:33:21","18.11.2022 7:33:23"
"IGRI056","61880_2","21.11.2022 6:35:46","21.11.2022 6:35:48"
"DBAKH001","61880_17_new","24.11.2022 7:10:40","24.11.2022 7:10:58"
"SBUR012","61880_2","24.11.2022 7:37:02","24.11.2022 7:37:05"
"OKASYANOVA","61880_19","22.11.2022 8:57:25","22.11.2022 8:57:27"
"RRUS002","61880_10","22.11.2022 13:29:33","22.11.2022 13:29:34"
"RRUS002","61880_10","22.11.2022 13:29:53","22.11.2022 13:29:54"
"RRUS002","61880_10","22.11.2022 13:30:12","22.11.2022 13:30:13"
"SVAGNER","61880_8","25.11.2022 9:10:00",
"SBUR012","61880_2","25.11.2022 9:11:07","25.11.2022 9:11:09"
"SVAGNER","61880_8","25.11.2022 9:12:13",
"EZAM004","64455_1","21.11.2022 14:09:18","21.11.2022 14:09:19"
"EZAM004","64455_1","21.11.2022 14:10:54","21.11.2022 14:10:54"
"EZAM004","64455_1","21.11.2022 14:11:04","21.11.2022 14:11:04"
"KBAB002","64224","21.11.2022 14:15:06","21.11.2022 14:20:47"
"RRUS002","61880_2","22.11.2022 8:03:58","22.11.2022 8:04:01"
"RRUS002","61880_2","22.11.2022 13:13:32","22.11.2022 13:13:34"
"RRUS002","61880_8","22.11.2022 13:23:20","22.11.2022 13:23:22"
"RRUS002","61880_8","22.11.2022 13:23:48","22.11.2022 13:23:50"
"RRUS002","61880_10","22.11.2022 13:25:56","22.11.2022 13:25:57"
"RRUS002","61880_10","22.11.2022 13:26:36","22.11.2022 13:26:38"
"RRUS002","61880_10","22.11.2022 13:26:56","22.11.2022 13:26:57"
"RRUS002","61880_10","22.11.2022 13:27:12","22.11.2022 13:27:14"
"RRUS002","61880_10","22.11.2022 13:27:27","22.11.2022 13:27:29"
"RRUS002","61880_10","22.11.2022 13:27:42","22.11.2022 13:27:44"
"RRUS002","61880_10","22.11.2022 13:27:58","22.11.2022 13:27:59"
"RRUS002","61880_10","22.11.2022 13:28:15","22.11.2022 13:28:16"
"AGAB003","61880-9-NEW","22.11.2022 13:49:00","22.11.2022 13:49:03"
"AGAB003","63051","22.11.2022 13:51:22","22.11.2022 13:53:24"
"SBUR012","61880_2","24.11.2022 7:42:44","24.11.2022 7:42:47"
"SBUR012","61880_2","24.11.2022 8:16:52","24.11.2022 8:16:54"
"KBAB002","61880_2_int_date","24.11.2022 8:18:57","24.11.2022 8:18:58"
"EBEL015","64455_1","24.11.2022 8:19:54","24.11.2022 8:19:54"
"DBAKH001","61880-9-NEW","24.11.2022 7:13:19","24.11.2022 7:13:48"
"DBAKH001","61880-9-NEW","24.11.2022 7:33:03","24.11.2022 7:34:12"
"DBAKH001","61880-9-NEW","24.11.2022 7:39:39","24.11.2022 7:40:43"
"DBAKH001","61880-9-NEW","24.11.2022 7:47:33","24.11.2022 7:48:32"
"DBAKH001","61880-9-NEW","24.11.2022 7:50:31","24.11.2022 7:51:30"
"DBAKH001","61880-9-NEW","24.11.2022 7:53:28","24.11.2022 7:54:27"
"DBAKH001","61880-9-NEW","24.11.2022 7:56:52","24.11.2022 7:58:03"
"DBAKH001","61880-9-NEW","24.11.2022 8:00:44","24.11.2022 8:01:52"
"DBAKH001","61880-9-NEW","24.11.2022 8:03:30","24.11.2022 8:04:31"
"DBAKH001","61880-9-NEW","24.11.2022 8:05:55","24.11.2022 8:06:57"
"DBAKH001","61880-9-NEW","24.11.2022 8:12:14","24.11.2022 8:13:13"
"DBAKH001","61880-9-NEW","24.11.2022 8:13:49","24.11.2022 8:14:46"
"DBAKH001","61880-9-NEW","24.11.2022 8:15:51","24.11.2022 8:17:03"
"DBAKH001","61880-9-NEW","24.11.2022 8:17:54","24.11.2022 8:18:51"
"DBAKH001","61880-9-NEW","24.11.2022 8:19:31","24.11.2022 8:20:44"
"DBAKH001","61880-9-NEW","24.11.2022 8:22:19","24.11.2022 8:23:27"
"DBAKH001","61880-9-NEW","24.11.2022 8:26:30","24.11.2022 8:27:36"
"DBAKH001","61880-9-NEW","24.11.2022 8:31:46","24.11.2022 8:32:48"
"DBAKH001","61880-9-NEW","24.11.2022 8:33:22","24.11.2022 8:34:33"
"DBAKH001","61880-9-NEW","24.11.2022 8:34:58","24.11.2022 8:36:07"
"DBAKH001","61880-9-NEW","24.11.2022 8:37:56","24.11.2022 8:39:03"
"DBAKH001","61880-9-NEW","24.11.2022 8:39:47","24.11.2022 8:40:57"
"DBAKH001","61880-9-NEW","24.11.2022 8:41:38","24.11.2022 8:42:43"
"DBAKH001","61880-9-NEW","24.11.2022 8:44:11","24.11.2022 8:45:18"
"DBAKH001","61880-9-NEW","24.11.2022 8:49:59","24.11.2022 8:51:07"
"DBAKH001","61880-9-NEW","24.11.2022 8:56:45","24.11.2022 8:57:43"
"DBAKH001","61880-9-NEW","24.11.2022 8:58:27","24.11.2022 8:59:23"
"VSHAP001","61880_2","25.11.2022 9:12:10","25.11.2022 9:12:12"
"SBUR012","61880_2","25.11.2022 9:25:50","25.11.2022 9:25:52"
"IGRI056","61880_2","25.11.2022 9:30:24","25.11.2022 9:30:27"
"OKASYANOVA","61880_2","21.11.2022 15:28:44","21.11.2022 15:28:47"
"OKOK006","64455_1","21.11.2022 15:47:13","21.11.2022 15:47:13"
"OKOK006","64455_1","21.11.2022 16:14:06","21.11.2022 16:14:15"
"OKOK006","64455_1","21.11.2022 16:15:05","21.11.2022 16:15:09"
"AKAN671","61880_2","22.11.2022 8:18:26","22.11.2022 8:18:29"
"AKAN671","61880_17_new","22.11.2022 8:19:38","22.11.2022 8:19:53"
"AKAN671","61880_2","22.11.2022 8:20:38","22.11.2022 8:20:40"
"AKAN671","61880-9-all","22.11.2022 8:21:47","22.11.2022 8:21:49"
"AKAN671","61880-9-IÀ","22.11.2022 8:22:27","22.11.2022 8:22:32"
"AKAN671","61880-9-IÁ","22.11.2022 8:23:16","22.11.2022 8:23:21"
"AKAN671","61880-9-Â","22.11.2022 8:24:52","22.11.2022 8:24:52"
"AKAN671","61880-9-IIÀ","22.11.2022 8:26:14","22.11.2022 8:26:17"
"AKAN671","61880-9-IIÁ","22.11.2022 8:27:12","22.11.2022 8:27:15"
"AKAN671","61880-9-III","22.11.2022 8:27:41","22.11.2022 8:27:42"
"AKAN671","61880-9-NEW","22.11.2022 8:28:16","22.11.2022 8:28:23"
"AKAN671","61880-9-IÁ","22.11.2022 8:34:31","22.11.2022 8:34:36"
"SBUR012","61880_8","24.11.2022 8:20:26","24.11.2022 8:20:28"
"YUDOR001","61880_2_int_date","24.11.2022 8:21:14","24.11.2022 8:21:16"
"EBEL015","64455_1","24.11.2022 8:53:40","24.11.2022 8:53:40"
"SBUR012","61880_2","24.11.2022 9:02:35","24.11.2022 9:02:37"
"DBAKH001","61880-9-NEW","24.11.2022 9:34:18","24.11.2022 9:34:49"
"DBAKH001","61880-9-NEW","24.11.2022 10:03:12","24.11.2022 10:04:11"
"SBUR012","61880_2","25.11.2022 9:53:24","25.11.2022 9:53:26"
"NYAK001","61880_7","25.11.2022 10:47:00","25.11.2022 10:47:01"
"TVYA001","61880_8","25.11.2022 12:20:07","25.11.2022 12:20:09"
"TVYA001","61880_8","25.11.2022 12:21:16","25.11.2022 12:21:18"
"VSHAP001","61880_8","21.11.2022 8:30:38","21.11.2022 8:30:40"
"OKOK006","64455_1","21.11.2022 16:16:17","21.11.2022 16:16:26"
"OKOK006","64455_1","21.11.2022 16:17:41","21.11.2022 16:17:45"
"TVYA001","61880_2","22.11.2022 7:10:12","22.11.2022 7:10:14"
"VSHAP001","61880_2","23.11.2022 8:58:57","23.11.2022 8:59:00"
"OPRA056","61880_8","23.11.2022 9:38:35","23.11.2022 9:38:37"
"VSHAP001","61880_2","23.11.2022 11:18:36","23.11.2022 11:18:38"
"DBAKH001","61880_17_new","24.11.2022 6:30:09","24.11.2022 6:30:20"
"DBAKH001","61880_17_new","24.11.2022 10:06:02","24.11.2022 10:06:14"
"DBAKH001","61880_17_new","24.11.2022 10:07:20","24.11.2022 10:07:32"
"DBAKH001","61880-9-NEW","24.11.2022 10:08:58","24.11.2022 10:09:57"
"DBAKH001","61880-9-NEW","24.11.2022 10:13:38","24.11.2022 10:14:38"
"DBAKH001","61880_17_new","24.11.2022 10:15:28","24.11.2022 10:15:40"
"ASAU056","64455_1","18.11.2022 11:58:12","18.11.2022 11:58:12"
"ASAU056","64455_1_total","18.11.2022 12:05:59","18.11.2022 12:06:01"
"ASAU056","64455_1","18.11.2022 12:14:26","18.11.2022 12:14:26"
"VSHAP001","61880_2","24.11.2022 8:22:05","24.11.2022 8:22:08"
"TVYA001","61880_2","22.11.2022 7:18:06","22.11.2022 7:18:08"
"VSHAP001","61880_2","22.11.2022 8:20:56","22.11.2022 8:20:58"
"NYAK001","61880_14","22.11.2022 9:00:38","22.11.2022 9:00:39"
"NYAK001","61880_10","22.11.2022 9:07:40","22.11.2022 9:07:41"
"NYAK001","61880_10","22.11.2022 9:13:11","22.11.2022 9:13:12"
"VSHAP001","61880_2","22.11.2022 9:21:55","22.11.2022 9:21:57"
"NYAK001","61880_10","22.11.2022 9:23:56","22.11.2022 9:23:57"
"DBAKH001","61880_17_new","24.11.2022 6:31:02","24.11.2022 6:31:13"
"DBAKH001","61880_17_new","24.11.2022 6:31:45","24.11.2022 6:32:01"
"DBAKH001","61880_17_new","24.11.2022 6:33:48","24.11.2022 6:34:00"
"DBAKH001","61880_17_new","24.11.2022 6:34:28","24.11.2022 6:34:39"
"NYAK001","61880_10","22.11.2022 9:42:37","22.11.2022 9:42:38"
"NYAK001","61880_10","22.11.2022 9:47:38","22.11.2022 9:47:39"
"NYAK001","61880_10","22.11.2022 10:02:32","22.11.2022 10:02:33"
"DBAKH001","61880_17_new","24.11.2022 10:16:44","24.11.2022 10:16:56"
"DBAKH001","61880-9-NEW","24.11.2022 10:17:23","24.11.2022 10:18:21"
"DBAKH001","61880-9-NEW","24.11.2022 10:21:33","24.11.2022 10:22:34"
"DBAKH001","61880_17_new","24.11.2022 10:23:11","24.11.2022 10:23:22"
"DBAKH001","61880-9-NEW","24.11.2022 10:24:50","24.11.2022 10:25:50"
"DBAKH001","61880_17_new","24.11.2022 10:27:42","24.11.2022 10:27:54"
"VSHAP001","61880_2","24.11.2022 13:03:34","24.11.2022 13:03:36"
"NYAK001","61880_14","25.11.2022 10:24:30","25.11.2022 10:24:36"
"NYAK001","61880_14","25.11.2022 10:32:33","25.11.2022 10:32:37"
"YUBRY671","64948","22.11.2022 10:58:16",
"YUBRY671","61759_1","22.11.2022 11:01:56","22.11.2022 11:01:57"
"YUBRY671","64809","22.11.2022 11:04:58",
"YUBRY671","61880_10","22.11.2022 11:05:38","22.11.2022 11:05:39"
"ASUSE","61880_17_new","22.11.2022 13:26:42","22.11.2022 13:26:57"
"ASUSE","61880_1","17.11.2022 16:04:03","17.11.2022 16:04:06"
"ASUSE","61880_1","17.11.2022 16:06:08","17.11.2022 16:06:11"
"ASUSE","61880_1","17.11.2022 16:16:05","17.11.2022 16:16:07"
"DBAKH001","61880_17_new","24.11.2022 6:35:10","24.11.2022 6:35:21"
"DBAKH001","61880_17_new","24.11.2022 10:29:41","24.11.2022 10:29:52"
"DBAKH001","61880-9-NEW","24.11.2022 10:30:23","24.11.2022 10:31:23"
"DBAKH001","61880-9-NEW","24.11.2022 10:32:17","24.11.2022 10:33:24"
"DBAKH001","61880_17_new","24.11.2022 10:33:55","24.11.2022 10:34:08"
"DBAKH001","61880_17_new","24.11.2022 10:35:27","24.11.2022 10:35:43"
"DBAKH001","61880-9-NEW","24.11.2022 10:36:16","24.11.2022 10:37:25"
"DBAKH001","61880-9-NEW","24.11.2022 10:38:20","24.11.2022 10:39:23"
"DBAKH001","61880_17_new","24.11.2022 10:40:23","24.11.2022 10:40:40"
"OPRA056","61880_20","21.11.2022 8:26:08","21.11.2022 8:26:09"
"YUBRY671","61880_10","22.11.2022 10:32:12","22.11.2022 10:32:13"
"YUBRY671","61880_2","22.11.2022 10:40:50","22.11.2022 10:40:52"
"YUBRY671","61880_12","22.11.2022 10:43:54","22.11.2022 10:44:02"
"YUBRY671","61880_11_new","22.11.2022 10:50:53","22.11.2022 10:50:56"
"YUBRY671","61880_8","22.11.2022 10:54:03","22.11.2022 10:54:04"
"EKAR014","61880-9-NEW","21.11.2022 14:43:33","21.11.2022 14:43:49"
"AGAB003","61880_2","22.11.2022 12:34:08","22.11.2022 12:34:10"
"AGAB003","61880_17_new","22.11.2022 12:37:39","22.11.2022 12:37:52"
"AGAB003","61880-9-NEW","22.11.2022 12:42:21","22.11.2022 12:42:44"
"AGAB003","61880-9-NEW","22.11.2022 12:46:43","22.11.2022 12:47:06"
"AGAB003","61880-9-NEW","22.11.2022 12:52:21","22.11.2022 12:52:43"
"AGAB003","61880-9-NEW","22.11.2022 12:54:20","22.11.2022 12:54:43"
"AGAB003","61880-9-NEW","22.11.2022 12:57:16","22.11.2022 12:57:39"
"AGAB003","61880-9-NEW","22.11.2022 12:59:18","22.11.2022 12:59:42"
"AGAB003","61880-9-NEW","22.11.2022 13:01:02","22.11.2022 13:01:26"
"AGAB003","61880-9-NEW","22.11.2022 13:04:08","22.11.2022 13:04:31"
"AGAB003","61880-9-NEW","22.11.2022 13:10:03","22.11.2022 13:10:25"
"AGAB003","61880-9-NEW","22.11.2022 13:11:57","22.11.2022 13:12:20"
"AGAB003","61880-9-NEW","22.11.2022 13:15:32","22.11.2022 13:15:55"
"AGAB003","61880-9-NEW","22.11.2022 13:18:00","22.11.2022 13:18:14"
"AGAB003","462359_rep_year","22.11.2022 13:22:29","22.11.2022 13:27:34"
"EBEL015","64455_1","22.11.2022 14:23:50","22.11.2022 14:23:50"
"DBAKH001","61880_17_new","24.11.2022 6:36:01","24.11.2022 6:36:12"
"DBAKH001","61880_17_new","24.11.2022 6:40:55","24.11.2022 6:41:06"
"DBAKH001","61880_17_new","24.11.2022 6:41:29","24.11.2022 6:41:42"
"EBOCH056","61880_2","21.11.2022 13:15:12","21.11.2022 13:15:15"
"EBOCH056","61880_10","21.11.2022 13:15:40","21.11.2022 13:15:41"
"EBOCH056","61880_10","21.11.2022 13:15:52","21.11.2022 13:15:53"
"EBOCH056","61880_10","21.11.2022 13:16:04","21.11.2022 13:16:05"
"EBOCH056","61880_10","21.11.2022 13:16:21","21.11.2022 13:16:22"
"EBOCH056","61880_10","21.11.2022 13:16:36","21.11.2022 13:16:37"
"EBOCH056","61880_10","21.11.2022 13:16:55","21.11.2022 13:16:56"
"EBOCH056","61880_10","21.11.2022 13:17:36","21.11.2022 13:17:37"
"EBOCH056","61880_10","21.11.2022 13:17:49","21.11.2022 13:17:50"
"DBAKH001","61880_17_new","24.11.2022 10:42:17","24.11.2022 10:42:36"
"DBAKH001","61880-9-NEW","24.11.2022 10:43:03","24.11.2022 10:44:05"
"NYAK001","61880_14","24.11.2022 13:21:10","24.11.2022 13:21:11"
"AELK671","61880_8","17.11.2022 16:34:35","17.11.2022 16:34:37"
"AELK671","61880_19","17.11.2022 16:41:52","17.11.2022 16:41:53"
"VSHAP001","61759_1","19.11.2022 12:37:11","19.11.2022 12:37:12"
"EZAM004","64455_1","21.11.2022 11:06:03","21.11.2022 11:06:11"
"NYAK001","61880_10","22.11.2022 9:31:25","22.11.2022 9:31:26"
"NYAK001","61880_10","22.11.2022 9:33:25","22.11.2022 9:33:26"
"NYAK001","61880_10","22.11.2022 9:35:55","22.11.2022 9:35:56"
"EBEL015","64455_1","22.11.2022 14:26:30","22.11.2022 14:26:30"
"VSHAP001","61759_1","22.11.2022 14:58:16","22.11.2022 14:58:17"
"OPRA056","61880_8","23.11.2022 9:36:07",
"YUDOR001","61880_18","23.11.2022 11:57:05","23.11.2022 11:58:23"
"MMIK001","61880_2","21.11.2022 15:54:07","21.11.2022 15:54:09"
"YUDOR001","61880_2_int_date","22.11.2022 15:32:34","22.11.2022 15:32:35"
"DBAKH001","61880_17_new","24.11.2022 6:42:06","24.11.2022 6:42:18"
"RRUS002","61880_2","22.11.2022 13:11:12","22.11.2022 13:11:14"
"NYAK001","61880_14","24.11.2022 13:25:04","24.11.2022 13:25:04"
"NYAK001","61880_14","24.11.2022 14:15:19","24.11.2022 14:15:19"
"DBAKH001","61880-9-NEW","24.11.2022 14:55:15","24.11.2022 14:56:14"
"MMIK001","61880_2","21.11.2022 9:26:38","21.11.2022 9:26:40"
"EZAM004","64455_1","21.11.2022 11:07:26","21.11.2022 11:07:27"
"EZAM004","64455_1","21.11.2022 11:31:43","21.11.2022 11:31:43"
"EZAM004","64455_1","21.11.2022 11:32:47","21.11.2022 11:32:47"
"ODZY001","61880_18","23.11.2022 15:12:34","23.11.2022 15:14:01"
"YUDOR001","61880_2_int_date","23.11.2022 18:52:04","23.11.2022 18:52:05"
"YUDOR001","61880_13","23.11.2022 18:55:53","23.11.2022 18:55:54"
"DBAKH001","61880_17_new","24.11.2022 6:17:48","24.11.2022 6:17:59"
"EBOCH056","61880_2","18.11.2022 7:48:25","18.11.2022 7:48:27"
"EBOCH056","61880_10","18.11.2022 7:50:56","18.11.2022 7:50:57"
"EBOCH056","61880_10","18.11.2022 7:52:35","18.11.2022 7:52:36"
"EBOCH056","61880_2","18.11.2022 7:57:42","18.11.2022 7:57:44"
"DBAKH001","61880_17_new","24.11.2022 6:50:16","24.11.2022 6:50:27"
"SVAGNER","61880_7","24.11.2022 15:40:14","24.11.2022 15:40:14"
"SVAGNER","61880_20","24.11.2022 15:43:20","24.11.2022 15:43:21"
"SVAGNER","61880_8","24.11.2022 16:15:10","24.11.2022 16:15:12"
"NYAK001","61880_14","25.11.2022 8:04:05","25.11.2022 8:04:06"
"SBUR012","61880_2","25.11.2022 8:05:15","25.11.2022 8:05:17"
"SBUR012","61880_2","18.11.2022 7:09:34","18.11.2022 7:09:36"
"SBUR012","61880_2","18.11.2022 7:48:29","18.11.2022 7:48:31"
"SBUR012","61880_2","18.11.2022 8:08:06","18.11.2022 8:08:08"
"SBUR012","61880_2","18.11.2022 8:24:10","18.11.2022 8:24:12"
"OKASYANOVA","64949","21.11.2022 11:47:54",
"OKASYANOVA","64949","21.11.2022 11:50:21",
"GBOL056","61880-9-NEW","21.11.2022 12:07:23","21.11.2022 12:07:29"
"GBOL056","61880-9-NEW","21.11.2022 12:09:01","21.11.2022 12:09:07"
"GBOL056","61880-9-NEW","21.11.2022 12:59:42","21.11.2022 12:59:51"
"SBUR012","61759_1","21.11.2022 15:06:18","21.11.2022 15:06:19"
"IMOS002","61880_2","21.11.2022 16:07:41","21.11.2022 16:07:43"
"IMOS002","61880_2","21.11.2022 16:08:54","21.11.2022 16:08:56"
"DBAKH001","61880_17_new","24.11.2022 6:51:08","24.11.2022 6:51:19"
"DBAKH001","61880_17_new","24.11.2022 6:51:46","24.11.2022 6:52:05"
"DBAKH001","61880_17_new","24.11.2022 6:52:30","24.11.2022 6:52:43"
"OKOR009","61880_2","21.11.2022 10:58:03","21.11.2022 10:58:05"
"SBUR012","61880_2","25.11.2022 8:17:17","25.11.2022 8:17:19"
"SBUR012","61880_2","25.11.2022 8:31:29","25.11.2022 8:31:31"
"SVAGNER","61880_8","25.11.2022 9:09:53",
"SBUR012","61880_2","18.11.2022 8:47:47","18.11.2022 8:47:49"
"SBUR012","61880_2","18.11.2022 10:32:04","18.11.2022 10:32:06"
"SBUR012","61880_2","18.11.2022 11:47:53","18.11.2022 11:47:55"
"SBUR012","61880_2","21.11.2022 7:27:05","21.11.2022 7:27:07"
"DBAKH001","61880_17_new","24.11.2022 6:20:18","24.11.2022 6:20:28"
"DBAKH001","61880_17_new","24.11.2022 6:21:50","24.11.2022 6:22:00"
"DBAKH001","61880_17_new","24.11.2022 6:23:49","24.11.2022 6:23:59"
"EKAR014","61880-9-NEW","21.11.2022 10:45:52","21.11.2022 10:46:06"
"EKAR014","61880-9-NEW","21.11.2022 10:47:02","21.11.2022 10:47:15"
"EKAR014","61880-9-NEW","21.11.2022 10:48:20","21.11.2022 10:48:34"
"EKAR014","61880-9-NEW","21.11.2022 10:49:19","21.11.2022 10:49:33"
"EKAR014","61880-9-NEW","21.11.2022 10:50:12","21.11.2022 10:50:25"
"EKAR014","61880-9-NEW","21.11.2022 10:51:08","21.11.2022 10:51:21"
"EKAR014","61880-9-NEW","21.11.2022 10:52:16","21.11.2022 10:52:30"
"EKAR014","61880_17_new","21.11.2022 11:04:03","21.11.2022 11:04:14"
"EKAR014","61880_17_new","21.11.2022 11:05:08","21.11.2022 11:05:22"
"EKAR014","61880_17_new","21.11.2022 11:06:11","21.11.2022 11:06:21"
"EKAR014","61880_17_new","21.11.2022 11:07:01","21.11.2022 11:07:13"
"EKAR014","61880_17_new","21.11.2022 11:08:47","21.11.2022 11:08:58"
"YUBRY671","61880_20","22.11.2022 9:59:40","22.11.2022 9:59:41"
"YUBRY671","64948","22.11.2022 10:06:47",
"YUBRY671","64948","22.11.2022 10:07:41",
"YUBRY671","61880_12","22.11.2022 10:10:21","22.11.2022 10:10:28"
"YUBRY671","61880_2","22.11.2022 10:15:03","22.11.2022 10:15:05"
"SBUR012","61880_2","21.11.2022 7:44:25","21.11.2022 7:44:26"
"GBOL056","61880-9-NEW","21.11.2022 7:49:20","21.11.2022 7:49:29"
"GBOL056","61880-9-NEW","21.11.2022 8:13:18","21.11.2022 8:13:27"
"SBUR012","61880_2","21.11.2022 8:33:42","21.11.2022 8:33:44"
"GBOL056","61880-9-NEW","21.11.2022 8:43:37","21.11.2022 8:43:46"
"SBUR012","61880_2","21.11.2022 9:29:55","21.11.2022 9:29:57"
"GBOL056","61880-9-NEW","21.11.2022 9:31:45","21.11.2022 9:31:55"
"SBUR012","61880_2","21.11.2022 9:35:00","21.11.2022 9:35:01"
"DBAKH001","61880_17_new","24.11.2022 6:25:57","24.11.2022 6:26:08"
"DBAKH001","61880_17_new","24.11.2022 6:27:20","24.11.2022 6:27:31"
"DBAKH001","61880_17_new","24.11.2022 6:27:52","24.11.2022 6:28:02"
"EKAR014","61880_17_new","21.11.2022 11:11:00","21.11.2022 11:11:10"
"EKAR014","61880_17_new","21.11.2022 11:11:55","21.11.2022 11:12:06"
"EKAR014","61880_14","21.11.2022 11:12:54","21.11.2022 11:12:59"
"DBAKH001","61880_17_new","24.11.2022 6:53:15","24.11.2022 6:53:27"
"VSHAP001","61759_1","21.11.2022 20:52:44","21.11.2022 20:52:45"
"OKASYANOVA","61880_2","22.11.2022 6:21:43","22.11.2022 6:21:46"
"OKASYANOVA","61880_2","22.11.2022 6:25:44","22.11.2022 6:25:45"
"OKASYANOVA","64949","22.11.2022 6:39:56",
"YUBRY671","61880_1","22.11.2022 10:18:09","22.11.2022 10:18:11"
"AKAN671","61759_1","18.11.2022 11:22:45","18.11.2022 11:22:46"
"GBOL056","61880-9-NEW","21.11.2022 9:53:49","21.11.2022 9:53:58"
"SBUR012","61759_1","21.11.2022 10:26:09","21.11.2022 10:26:10"
"MMIK001","61880_2","21.11.2022 10:31:11","21.11.2022 10:31:12"
"DBAKH001","61880_17_new","24.11.2022 6:12:01","24.11.2022 6:12:12"
"DBAKH001","61880_17_new","24.11.2022 6:28:25","24.11.2022 6:28:36"
"DBAKH001","61880_17_new","24.11.2022 6:29:22","24.11.2022 6:29:33"
"EKAR014","61880_17_new","21.11.2022 14:11:25","21.11.2022 14:11:35"
"EKAR014","61880-9-NEW","21.11.2022 14:12:51","21.11.2022 14:13:04"
"ODZY001","61880_7","21.11.2022 21:14:18","21.11.2022 21:14:19"
"ODZY001","61880_20","21.11.2022 21:42:01","21.11.2022 21:42:01"
"GBOL056","61880-9-NEW","22.11.2022 5:14:44","22.11.2022 5:14:50"
"GBOL056","61880-9-NEW","22.11.2022 5:28:30","22.11.2022 5:28:39"
"GBOL056","61880-9-NEW","22.11.2022 6:24:41","22.11.2022 6:24:50"
"GBOL056","61880-9-NEW","22.11.2022 8:36:56","22.11.2022 8:37:06"
"SBUR012","61880_2","23.11.2022 8:15:01","23.11.2022 8:15:03"
"YUBRY671","64948","22.11.2022 10:19:54",
"YUBRY671","61880_11_new","22.11.2022 10:20:22","22.11.2022 10:20:24"
"YUBRY671","61880_8","22.11.2022 10:22:00","22.11.2022 10:22:01"
"IPES002","61880-9-NEW","22.11.2022 15:29:47","22.11.2022 15:30:40"
"IMOS002","61880_18","22.11.2022 17:16:59","22.11.2022 17:17:03"
"EZAM004","64455_1","21.11.2022 11:43:52","21.11.2022 11:43:53"
"EZAM004","64455_1","21.11.2022 11:44:20","21.11.2022 11:44:20"
"EZAM004","64455_1","21.11.2022 11:47:39","21.11.2022 11:47:48"
"EZAM004","64455_1","21.11.2022 11:48:45","21.11.2022 11:48:45"
"YUDOR001","61880-9-NEW","21.11.2022 12:26:16","21.11.2022 12:26:21"
"NYAK001","61880_14","21.11.2022 9:27:56","21.11.2022 9:27:57"
"NYAK001","61880_3","21.11.2022 9:33:22","21.11.2022 9:33:24"
"NYAK001","61880_14","21.11.2022 10:14:01","21.11.2022 10:14:02"
"NYAK001","61880_14","21.11.2022 10:24:49","21.11.2022 10:24:49"
"SBUR012","61880_2","23.11.2022 8:24:59","23.11.2022 8:25:01"
"SBUR012","61880_2","23.11.2022 8:47:51","23.11.2022 8:47:53"
"SBUR012","61880_2","23.11.2022 10:07:08","23.11.2022 10:07:10"
"SBUR012","61880_2","23.11.2022 13:22:27","23.11.2022 13:22:30"
"ASUSE","61880_18","17.11.2022 17:54:49","17.11.2022 17:57:00"
"ASUSE","61880_18","17.11.2022 18:06:59","17.11.2022 18:09:03"
"YVAS004","64224","18.11.2022 14:25:27","18.11.2022 14:25:35"
"OKASYANOVA","61880_2","22.11.2022 17:53:03","22.11.2022 17:53:05"
"RRUS002","61880_2","21.11.2022 6:48:34","21.11.2022 6:48:36"
"NYAK001","61880_14","21.11.2022 12:38:21","21.11.2022 12:38:26"
"VSKULKINA","64455_1","21.11.2022 12:59:09","21.11.2022 12:59:09"
"VSKULKINA","64455_1","21.11.2022 13:04:58","21.11.2022 13:04:58"
"NYAK001","61880_14","21.11.2022 10:29:35","21.11.2022 10:29:39"
"NYAK001","61880_14","21.11.2022 10:40:05","21.11.2022 10:40:10"
"EZAM004","64455_1","22.11.2022 7:07:00","22.11.2022 7:07:00"
"VSHAP001","61880_2","01.12.2022 7:52:49","01.12.2022 7:52:52"
"IMOS002","61880_2","06.12.2022 16:59:57","06.12.2022 16:59:59"
"IMOS002","61880_2","06.12.2022 17:00:19","06.12.2022 17:00:21"
"IMOS002","61880_2","06.12.2022 17:00:49","06.12.2022 17:00:51"
"SBUR012","61880_2","28.11.2022 10:35:32","28.11.2022 10:35:34"
"VSHAP001","61880_2","30.11.2022 8:12:22","30.11.2022 8:12:24"
"VSHAP001","61880_2","30.11.2022 8:22:45","30.11.2022 8:22:47"
"VSHAP001","61880_19","30.11.2022 9:00:43","30.11.2022 9:00:45"
"VSHAP001","61880_10","30.11.2022 9:34:14","30.11.2022 9:34:16"
"SBUR012","61880_19","28.11.2022 14:11:20","28.11.2022 14:11:23"
"ASAU056","64455_1","09.12.2022 13:03:49","09.12.2022 13:03:56"
"EBEL015","64455_1","12.12.2022 7:17:59","12.12.2022 7:17:59"
"EBEL015","64455_1","12.12.2022 7:20:36","12.12.2022 7:20:36"
"VSHAP001","61880_2","28.11.2022 8:29:51","28.11.2022 8:29:53"
"VSHAP001","61880_2","28.11.2022 10:46:58","28.11.2022 10:47:01"
"VSHAP001","61880_19","28.11.2022 14:13:44","28.11.2022 14:13:45"
"VSHAP001","61880_19","28.11.2022 14:34:21","28.11.2022 14:34:23"
"OKOK006","64224","07.12.2022 8:08:09",
"DSTR056","64224","07.12.2022 8:36:09",
"OKOK006","64949","07.12.2022 9:11:38","07.12.2022 9:11:39"
"OKOK006","64948","07.12.2022 9:21:31","07.12.2022 9:21:34"
"OKOK006","64948","07.12.2022 9:23:12","07.12.2022 9:23:15"
"ILES001","64224","29.11.2022 11:19:31","29.11.2022 11:19:35"
"ILES001","64224","29.11.2022 11:22:36","29.11.2022 11:22:38"
"ILES001","64224","29.11.2022 11:23:38","29.11.2022 11:23:40"
"MMIK001","61880_2","28.11.2022 8:29:10","28.11.2022 8:29:13"
"NSYS002","61880_8","28.11.2022 13:06:00","28.11.2022 13:06:02"
"YVAS004","64224","06.12.2022 9:42:20",
"EBEL015","64455_1","12.12.2022 7:28:46","12.12.2022 7:28:46"
"VSHAP001","61880_19","28.11.2022 14:36:41","28.11.2022 14:36:42"
"MMIK001","61880_2","29.11.2022 7:06:20","29.11.2022 7:06:22"
"MMIK001","61880_2","29.11.2022 8:09:04","29.11.2022 8:09:06"
"SBUR012","61880_2","08.12.2022 8:43:40","08.12.2022 8:43:42"
"VSHAP001","61880_2","06.12.2022 8:01:40","06.12.2022 8:01:42"
"VSHAP001","61880_2","06.12.2022 9:19:16","06.12.2022 9:19:19"
"IGRI056","61880_2","07.12.2022 7:58:15","07.12.2022 7:58:18"
"OKOK006","61880_19","07.12.2022 9:32:05","07.12.2022 9:32:08"
"OKOK006","63051","07.12.2022 10:43:45",
"EBOCH056","61880_19","29.11.2022 6:39:16","29.11.2022 6:39:18"
"ILES001","64224","29.11.2022 11:24:26","29.11.2022 11:24:27"
"ILES001","64224","29.11.2022 11:25:17","29.11.2022 11:25:19"
"OKOR009","61880_2","28.11.2022 9:01:00","28.11.2022 9:01:02"
"YVAS004","61880_18","01.12.2022 10:09:24","01.12.2022 10:10:07"
"SBUR012","61880_2","02.12.2022 7:58:12","02.12.2022 7:58:14"
"SBUR012","61880_2","02.12.2022 8:09:39","02.12.2022 8:09:41"
"RRUS002","61880_19","25.11.2022 13:57:52","25.11.2022 13:57:54"
"IGRI056","61880_2","01.12.2022 11:47:19","01.12.2022 11:47:22"
"SBUR012","61880_2","05.12.2022 7:56:13","05.12.2022 7:56:16"
"SBUR012","61880_2","05.12.2022 9:02:59","05.12.2022 9:03:03"
"OKOK006","61880_17_v3","07.12.2022 10:48:58","07.12.2022 10:49:27"
"OKOK006","63051","07.12.2022 13:06:35",
"OKOK006","61880_19","07.12.2022 13:17:18","07.12.2022 13:17:19"
"OKOK006","64948","07.12.2022 13:32:43","07.12.2022 13:32:46"
"OKOK006","64809","07.12.2022 13:59:42","07.12.2022 13:59:43"
"ILES001","64224","29.11.2022 11:28:12","29.11.2022 11:28:14"
"NYAK001","64224","02.12.2022 8:45:27","02.12.2022 8:45:48"
"NYAK001","64224","02.12.2022 8:46:27","02.12.2022 8:46:32"
"SBUR012","61880_2","02.12.2022 8:57:38","02.12.2022 8:57:40"
"NYAK001","64224","05.12.2022 14:37:03","05.12.2022 14:37:07"
"NYAK001","64224","05.12.2022 14:42:26","05.12.2022 14:42:27"
"OKASYANOVA","61880_2","01.12.2022 8:42:59","01.12.2022 8:43:01"
"OKASYANOVA","64949","01.12.2022 9:59:00",
"IGRI056","61880_2","05.12.2022 9:16:28","05.12.2022 9:16:32"
"SBUR012","61880_2","07.12.2022 10:29:06","07.12.2022 10:29:08"
"OKOK006","63051","08.12.2022 8:12:50","08.12.2022 8:14:43"
"OKOK006","64949","08.12.2022 8:27:40",
"NYAK001","64224","08.12.2022 9:03:47","08.12.2022 9:03:48"
"VSHAP001","61880_2","01.12.2022 13:54:02","01.12.2022 13:54:04"
"ASUSE","61880_10","02.12.2022 13:58:35","02.12.2022 13:58:36"
"ASUSE","61880_10","02.12.2022 13:58:57","02.12.2022 13:58:59"
"OKOK006","61880_8","07.12.2022 14:44:51","07.12.2022 14:44:54"
"DBAKH001","61880_3","08.12.2022 5:54:48","08.12.2022 5:54:49"
"DBAKH001","61880_3","08.12.2022 6:04:49","08.12.2022 6:04:50"
"DBAKH001","61880_17_v3","08.12.2022 7:52:35","08.12.2022 7:52:41"
"DBAKH001","61880_3","08.12.2022 9:02:27","08.12.2022 9:02:29"
"DBAKH001","61880_3","08.12.2022 9:05:58","08.12.2022 9:05:59"
"DBAKH001","61880_3","08.12.2022 9:08:34","08.12.2022 9:08:35"
"DBAKH001","61880_3","08.12.2022 9:12:24","08.12.2022 9:12:25"
"DBAKH001","61880_3","08.12.2022 9:13:57","08.12.2022 9:13:58"
"DBAKH001","61880_3","08.12.2022 9:16:47","08.12.2022 9:16:48"
"NYAK001","64224","06.12.2022 9:39:33",
"NYAK001","64224","06.12.2022 9:40:51",
"NYAK001","64224","06.12.2022 9:43:11",
"NYAK001","64224","05.12.2022 14:46:50","05.12.2022 14:46:51"
"NYAK001","64224","05.12.2022 15:15:07","05.12.2022 15:15:09"
"NYAK001","64224","05.12.2022 15:18:39","05.12.2022 15:18:41"
"NYAK001","64224","08.12.2022 9:26:42","08.12.2022 9:26:46"
"NYAK001","64224","08.12.2022 9:33:27","08.12.2022 9:33:29"
"NYAK001","64224","08.12.2022 9:39:02","08.12.2022 9:39:03"
"ASUSE","61880_19","08.12.2022 9:58:29","08.12.2022 9:58:31"
"TVYA001","61880_2","08.12.2022 9:45:56","08.12.2022 9:45:57"
"ASUSE","61880_19","08.12.2022 12:59:58","08.12.2022 13:00:01"
"EBEL015","64455_1","08.12.2022 13:06:02","08.12.2022 13:06:02"
"EBEL015","64455_1","08.12.2022 13:10:47","08.12.2022 13:10:47"
"OKOK006","64224","06.12.2022 11:27:55",
"OKOK006","64224","06.12.2022 11:28:21",
"OKOK006","64224","06.12.2022 11:28:26",
"GBOL056","61880-9-NEW","08.12.2022 10:41:31","08.12.2022 10:41:35"
"GBOL056","61880_17_v3","08.12.2022 10:50:11","08.12.2022 10:50:21"
"GBOL056","61880_17","08.12.2022 10:55:05","08.12.2022 10:55:12"
"GBOL056","61880_17_v3","08.12.2022 11:54:19","08.12.2022 11:54:29"
"DSTR056","64224","09.12.2022 13:23:38","09.12.2022 13:26:44"
"ASUSE","61880-9-NEW","09.12.2022 18:50:48","09.12.2022 18:50:52"
"NYAK001","64224","08.12.2022 11:37:16","08.12.2022 11:37:18"
"YVAS004","64224","08.12.2022 11:44:39","08.12.2022 11:44:41"
"OKOK006","64455_1","08.12.2022 12:53:05","08.12.2022 12:53:06"
"VSHAP001","61880_2","29.11.2022 9:36:15","29.11.2022 9:36:17"
"VSHAP001","61880_2","29.11.2022 10:12:54","29.11.2022 10:12:56"
"EBEL015","64455_1","08.12.2022 13:19:06","08.12.2022 13:19:06"
"EBEL015","64455_1","08.12.2022 13:22:59","08.12.2022 13:23:05"
"EBEL015","64455_1","08.12.2022 13:35:25","08.12.2022 13:35:25"
"OKOK006","64224","06.12.2022 11:32:30",
"OKOK006","64224","06.12.2022 11:32:49",
"OKOK006","64224","06.12.2022 13:36:00",
"EBEL015","64455_1","12.12.2022 7:29:22","12.12.2022 7:29:23"
"EBEL015","64455_1","12.12.2022 7:46:39","12.12.2022 7:46:39"
"EBEL015","64455_1","12.12.2022 7:53:03","12.12.2022 7:53:03"
"EBEL015","64455_1","12.12.2022 7:53:47","12.12.2022 7:53:48"
"NYAK001","64224","08.12.2022 13:08:27","08.12.2022 13:08:32"
"NYAK001","64224","08.12.2022 13:09:41","08.12.2022 13:09:46"
"NYAK001","64224","08.12.2022 13:12:17","08.12.2022 13:12:21"
"TVYA001","61880_2_on_date","30.11.2022 10:16:47",
"TVYA001","61880_2_int_date","30.11.2022 10:17:03",
"EBEL015","64455_1","08.12.2022 13:35:44","08.12.2022 13:35:45"
"EBEL015","64455_1","08.12.2022 13:37:51","08.12.2022 13:37:51"
"SVAGNER","61880_8","28.11.2022 10:53:36","28.11.2022 10:53:38"
"SVAGNER","61880_8","29.11.2022 10:06:49","29.11.2022 10:06:51"
"VSHAP001","61880_2","07.12.2022 7:35:12","07.12.2022 7:35:14"
"DSTR056","64224","07.12.2022 8:36:59",
"NSYS002","61880_8","12.12.2022 9:47:24","12.12.2022 9:47:26"
"OKOK006","64948","12.12.2022 13:32:11","12.12.2022 13:32:14"
"OKOK006","61880_18","12.12.2022 13:40:59",
"OKOK006","61880_18","12.12.2022 13:54:13","12.12.2022 13:54:48"
"ASUSE","61880-9-NEW","12.12.2022 14:52:45","12.12.2022 14:52:56"
"SVAGNER","61880_8","29.11.2022 12:10:17","29.11.2022 12:10:19"
"SVAGNER","61880_8","29.11.2022 12:10:27","29.11.2022 12:10:29"
"OKOK006","64455_1","08.12.2022 13:47:31","08.12.2022 13:47:31"
"OKOK006","64455_1","08.12.2022 13:47:43","08.12.2022 13:47:43"
"OKOK006","61880_20","09.12.2022 9:53:58","09.12.2022 9:53:58"
"EBEL015","64455_1","08.12.2022 13:37:57","08.12.2022 13:37:58"
"EBEL015","64455_1","08.12.2022 13:38:07","08.12.2022 13:38:07"
"DBAKH001","61880_3","08.12.2022 13:38:47","08.12.2022 13:38:49"
"EBEL015","64455_1","08.12.2022 13:39:33","08.12.2022 13:39:33"
"EBEL015","64455_1","08.12.2022 13:41:17","08.12.2022 13:41:18"
"VSHAP001","61880_2","07.12.2022 8:37:12","07.12.2022 8:37:14"
"DSTR056","64224","07.12.2022 8:37:23",
"DSTR056","64224","07.12.2022 8:38:17",
"SBUR012","61880_2","06.12.2022 8:21:02","06.12.2022 8:21:04"
"SBUR012","61880_2","06.12.2022 8:53:41","06.12.2022 8:53:43"
"EBEL015","64455_1","12.12.2022 7:30:32","12.12.2022 7:30:32"
"EBEL015","64455_1","12.12.2022 7:33:48","12.12.2022 7:33:48"
"VSHAP001","61880_2","02.12.2022 14:48:56","02.12.2022 14:48:58"
"OKOK006","61880_18","09.12.2022 9:55:11",
"ASUSE","61880_18","09.12.2022 14:00:12","09.12.2022 14:01:26"
"EBEL015","64455_1","12.12.2022 7:55:17","12.12.2022 7:55:17"
"NCHER","64809","05.12.2022 16:53:51",
"NCHER","64455_1","05.12.2022 16:55:25","05.12.2022 16:55:35"
"NCHER","61880_2","05.12.2022 17:03:33","05.12.2022 17:03:36"
"EBEL015","64455_1","08.12.2022 13:44:55","08.12.2022 13:44:55"
"DBAKH001","61880_3","08.12.2022 14:23:22","08.12.2022 14:23:24"
"DSTR056","64224","07.12.2022 8:39:13",
"DSTR056","64224","07.12.2022 8:40:52",
"DSTR056","64224","07.12.2022 8:42:25",
"EBEL015","64455_1","12.12.2022 7:56:42","12.12.2022 7:56:43"
"EBEL015","64455_1","12.12.2022 7:58:19","12.12.2022 7:58:19"
"SBUR012","61880_2","12.12.2022 8:12:55","12.12.2022 8:12:57"
"OKOK006","61880_10","12.12.2022 9:00:06","12.12.2022 9:00:08"
"OKOK006","61880_18","12.12.2022 9:08:59","12.12.2022 9:10:21"
"OKOK006","64455_1","02.12.2022 13:05:31","02.12.2022 13:05:32"
"NYAK001","64224","06.12.2022 9:33:32",
"NYAK001","64224","06.12.2022 9:33:40",
"RRUS002","61880_2","08.12.2022 14:26:23","08.12.2022 14:26:25"
"ASUSE","61880-9-NEW","08.12.2022 18:19:25","08.12.2022 18:19:38"
"ASUSE","61880-9-NEW","08.12.2022 18:44:32","08.12.2022 18:44:42"
"SBUR012","61880_2","09.12.2022 7:51:54","09.12.2022 7:51:56"
"SBUR012","61880_2","09.12.2022 9:08:36","09.12.2022 9:08:38"
"SBUR012","61880_2","09.12.2022 9:45:17","09.12.2022 9:45:19"
"SBUR012","61880_2","07.12.2022 7:59:34","07.12.2022 7:59:37"
"TVYA001","61880_2","07.12.2022 10:56:12","07.12.2022 10:56:14"
"TVYA001","61880_20","07.12.2022 11:00:12","07.12.2022 11:00:12"
"NYAK001","64224","07.12.2022 11:03:29",
"NYAK001","61759_1","07.12.2022 11:03:59","07.12.2022 11:04:00"
"EKAR014","61880-9-NEW","12.12.2022 13:54:32","12.12.2022 13:54:46"
"OKOK006","64809","12.12.2022 16:21:45","12.12.2022 16:21:47"
"OKOK006","64809","12.12.2022 16:22:03","12.12.2022 16:22:04"
"AGAB003","63051","13.12.2022 6:34:43","13.12.2022 6:36:37"
"AGAB003","63051","13.12.2022 6:39:47","13.12.2022 6:41:44"
"AGAB003","63051","13.12.2022 6:44:17","13.12.2022 6:46:08"
"SVAGNER","61880_8","13.12.2022 6:45:06","13.12.2022 6:45:08"
"AGAB003","63051","13.12.2022 6:48:14","13.12.2022 6:50:00"
"AGAB003","462359_rep_year","13.12.2022 6:52:40","13.12.2022 6:57:40"
"ASAU056","64455_1","13.12.2022 8:06:53","13.12.2022 8:06:58"
"VSHAP001","61880_2","13.12.2022 8:34:12","13.12.2022 8:34:14"
"VSHAP001","61880_2","05.12.2022 8:31:46","05.12.2022 8:31:49"
"VSHAP001","61880_2","05.12.2022 10:03:24","05.12.2022 10:03:26"
"NYAK001","64224","06.12.2022 9:51:23",
"NYAK001","61880_14","06.12.2022 9:51:38","06.12.2022 9:51:39"
"TNIK008","64224","09.12.2022 10:25:37","09.12.2022 10:25:39"
"OKOK006","64455_1","09.12.2022 13:01:56","09.12.2022 13:02:02"
"OKOK006","64455_1","09.12.2022 13:03:35","09.12.2022 13:03:41"
"SBUR012","61880_2","09.12.2022 13:53:07","09.12.2022 13:53:09"
"SBUR012","61880_2","07.12.2022 8:58:48","07.12.2022 8:58:50"
"VSHAP001","61880_2","07.12.2022 13:01:34","07.12.2022 13:01:35"
"VSHAP001","61880_2","07.12.2022 13:27:59","07.12.2022 13:28:01"
"VSHAP001","61880_2","07.12.2022 13:29:44","07.12.2022 13:29:46"
"EBEL015","64455_1","12.12.2022 7:39:05","12.12.2022 7:39:05"
"EBEL015","64455_1","12.12.2022 7:41:33","12.12.2022 7:41:33"
"EBEL015","64455_1","12.12.2022 7:44:34","12.12.2022 7:44:34"
"EBEL015","64455_1","12.12.2022 7:45:29","12.12.2022 7:45:29"
"SBUR012","61880_2","30.11.2022 8:32:36","30.11.2022 8:32:39"
"SBUR012","61880_2","30.11.2022 8:53:52","30.11.2022 8:53:54"
"SBUR012","61880_2","30.11.2022 9:24:45","30.11.2022 9:24:47"
"SBUR012","61880_2","30.11.2022 9:43:36","30.11.2022 9:43:38"
"SBUR012","61880_10","30.11.2022 9:51:41","30.11.2022 9:51:43"
"SBUR012","61880_10","30.11.2022 9:55:02","30.11.2022 9:55:04"
"ASUSE","64224","07.12.2022 2:28:59",
"ASUSE","64224","07.12.2022 2:29:51",
"ASUSE","64224","07.12.2022 2:30:00",
"ASUSE","64224","07.12.2022 2:30:08",
"SBUR012","61880_1","30.11.2022 14:16:58","30.11.2022 14:17:02"
"SBUR012","61880_19","30.11.2022 14:17:39","30.11.2022 14:17:41"
"VSHAP001","61880_19","07.12.2022 13:35:24","07.12.2022 13:35:25"
"SVAGNER","61880_11_new","07.12.2022 16:35:42","07.12.2022 16:35:45"
"SVAGNER","61880_20","07.12.2022 16:38:24","07.12.2022 16:38:24"
"SVAGNER","61880_20","07.12.2022 16:38:46","07.12.2022 16:38:47"
"OKASYANOVA","64949","08.12.2022 7:02:11",
"VSHAP001","61880_2","12.12.2022 9:19:02","12.12.2022 9:19:04"
"AGAB003","61880-9-NEW","12.12.2022 9:26:47","12.12.2022 9:27:30"
"AGAB003","61880-9-NEW","12.12.2022 9:28:38","12.12.2022 9:29:19"
"SBUR012","61880_2","12.12.2022 9:39:17","12.12.2022 9:39:19"
"VSHAP001","61880_2","12.12.2022 9:48:06","12.12.2022 9:48:08"
"OKOK006","61880-9-NEW","12.12.2022 9:55:34","12.12.2022 9:56:27"
"OKOK006","61880-9-NEW","12.12.2022 9:56:40","12.12.2022 9:56:54"
"SBUR012","61880_2","12.12.2022 10:38:12","12.12.2022 10:38:14"
"SBUR012","61880_2","30.11.2022 10:03:28","30.11.2022 10:03:30"
"VSHAP001","61880_2","02.12.2022 7:27:39","02.12.2022 7:27:41"
"VSHAP001","61880_2","02.12.2022 7:43:01","02.12.2022 7:43:03"
"NYAK001","64224","06.12.2022 9:52:20",
"ODZY001","61880_7","28.11.2022 15:55:37","28.11.2022 15:55:38"
"SBUR012","61880_2","29.11.2022 8:25:19","29.11.2022 8:25:21"
"SBUR012","61880_2","29.11.2022 9:11:40","29.11.2022 9:11:42"
"OKOK006","64455_1","01.12.2022 12:29:51","01.12.2022 12:29:52"
"AGAB003","63051","07.12.2022 10:33:54",
"AGAB003","63051","07.12.2022 10:34:12",
"AGAB003","61880-9-NEW","07.12.2022 10:37:36","07.12.2022 10:37:40"
"OKASYANOVA","61880_2","08.12.2022 7:14:35","08.12.2022 7:14:38"
"VSHAP001","61880_2","08.12.2022 8:41:17","08.12.2022 8:41:19"
"VSHAP001","61880_2","08.12.2022 9:18:52","08.12.2022 9:18:54"
"VSHAP001","61880_2","08.12.2022 9:19:42","08.12.2022 9:19:44"
"TVYA001","61880_2","12.12.2022 8:22:06","12.12.2022 8:22:08"
"TVYA001","61880_2","12.12.2022 9:18:14","12.12.2022 9:18:16"
"AGAB003","61880_17_new","12.12.2022 10:47:51","12.12.2022 10:48:07"
"AGAB003","61880_17_v3","12.12.2022 10:51:16","12.12.2022 10:51:33"
"EBEL015","64455_1","02.12.2022 13:13:14","02.12.2022 13:13:14"
"EBEL015","64455_1","02.12.2022 13:32:06","02.12.2022 13:32:06"
"EBEL015","64455_1","02.12.2022 13:35:10","02.12.2022 13:35:10"
"EBEL015","64455_1","02.12.2022 13:38:57","02.12.2022 13:38:57"
"NYAK001","64224","06.12.2022 9:38:03",
"EBEL015","64455_1","07.12.2022 14:57:34","07.12.2022 14:57:35"
"EBEL015","64455_1","12.12.2022 7:11:57","12.12.2022 7:11:57"
"EBEL015","64455_1","12.12.2022 7:17:34","12.12.2022 7:17:34"
"VSHAP001","61880_2","08.12.2022 9:20:47","08.12.2022 9:20:49"
"DBAKH001","61880_17_v3","08.12.2022 14:50:44","08.12.2022 14:51:05"
"EBEL015","64455_1","09.12.2022 8:22:43","09.12.2022 8:22:43"
"EBEL015","64455_1","09.12.2022 8:23:14","09.12.2022 8:23:15"
"OKOK006","61880_7","29.11.2022 19:09:57","29.11.2022 19:09:57"
"SBUR012","61880_2","01.12.2022 8:24:27","01.12.2022 8:24:29"
"SBUR012","61880_2","01.12.2022 8:30:51","01.12.2022 8:30:54"
"SBUR012","61880_2","01.12.2022 9:15:38","01.12.2022 9:15:40"
"ASUSE","61880_10","01.12.2022 17:42:13","01.12.2022 17:42:15"
"ASUSE","61880_10","01.12.2022 17:42:37","01.12.2022 17:42:39"
"ASUSE","61880_10","01.12.2022 19:08:28","01.12.2022 19:08:29"
"SBUR012","61880_2","08.12.2022 7:58:00","08.12.2022 7:58:03"
"NYAK001","64224","06.12.2022 12:52:57",
"IMOS002","61880_2","06.12.2022 16:57:58","06.12.2022 16:58:00"
"IMOS002","61880_2","06.12.2022 16:58:32","06.12.2022 16:58:34"
"IMOS002","61880_2","06.12.2022 16:59:30","06.12.2022 16:59:32"
"SBUR012","61880_2","28.11.2022 8:25:53","28.11.2022 8:25:56"
"SBUR012","61880_2","28.11.2022 8:37:53","28.11.2022 8:37:55"
"SBUR012","61880_2","28.11.2022 9:39:39","28.11.2022 9:39:41"
"SBUR012","61880_2","28.11.2022 9:52:33","28.11.2022 9:52:36"
"VSHAP001","61880_2","09.12.2022 8:36:32","09.12.2022 8:36:35"
"OKOK006","61880_8","09.12.2022 10:24:56","09.12.2022 10:24:58"
"NYAK001","61880_20","09.12.2022 10:36:00","09.12.2022 10:36:01"
"VSHAP001","61880_10","09.12.2022 10:44:19","09.12.2022 10:44:20"
"VSHAP001","61880-9-NEW","09.12.2022 11:21:50","09.12.2022 11:22:03"
"VSHAP001","61880_10","09.12.2022 12:40:48","09.12.2022 12:40:49"
"VSHAP001","61880_2","09.12.2022 13:01:25","09.12.2022 13:01:27"
"ASAU056","64455_1","09.12.2022 13:02:03","09.12.2022 13:02:06"
"NYAK001","64224","05.12.2022 10:04:51","05.12.2022 10:04:56"
"EKAR014","61880_3","07.12.2022 11:40:48","07.12.2022 11:40:49"
"EKAR014","61880_3","07.12.2022 11:42:58","07.12.2022 11:42:59"
"EKAR014","61880_17_v3","07.12.2022 11:45:37","07.12.2022 11:45:55"
"NYAK001","64224","08.12.2022 7:56:24","08.12.2022 7:56:26"
"NYAK001","63051","08.12.2022 8:11:32","08.12.2022 8:11:32"
"NYAK001","63051","08.12.2022 8:12:49","08.12.2022 8:13:15"
"AELK671","61880_8","19.12.2022 13:28:06","19.12.2022 13:28:08"
"AELK671","61880_20","19.12.2022 14:10:13","19.12.2022 14:10:14"
"AELK671","61880_2_int_date","19.12.2022 14:13:02",
"AELK671","61759_1","19.12.2022 14:14:52","19.12.2022 14:14:52"
"AELK671","61880_1","19.12.2022 14:15:46","19.12.2022 14:15:49"
"IGRI056","61880_2","14.12.2022 8:03:16","14.12.2022 8:03:19"
"TESTBURD","61759_1","14.12.2022 13:00:50","14.12.2022 13:00:50"
"EBEL015","64455_1","15.12.2022 11:14:04","15.12.2022 11:14:04"
"EBEL015","64455_1","15.12.2022 11:14:24","15.12.2022 11:14:25"
"SBUR012","61880_2","14.12.2022 10:38:12","14.12.2022 10:38:14"
"SBUR012","61880_2","14.12.2022 10:47:26","14.12.2022 10:47:28"
"SBUR012","61759_1","14.12.2022 11:03:59","14.12.2022 11:04:00"
"SBUR012","61759_1","14.12.2022 11:04:48","14.12.2022 11:04:48"
"MMIK001","61880_2","20.12.2022 15:18:21","20.12.2022 15:18:23"
"OKASYANOVA","61880_2","20.12.2022 16:21:35","20.12.2022 16:21:37"
"OKOR009","61880_2","20.12.2022 16:28:43","20.12.2022 16:28:45"
"IGRI056","61880_2","21.12.2022 10:45:15","21.12.2022 10:45:18"
"EBEL015","64455_1","14.12.2022 8:01:43","14.12.2022 8:01:44"
"EBEL015","64455_1","14.12.2022 8:02:02","14.12.2022 8:02:02"
"EBEL015","64455_1","14.12.2022 8:59:40","14.12.2022 8:59:41"
"SBUR012","61880_2","15.12.2022 8:41:15","15.12.2022 8:41:17"
"VSHAP001","61880_2","13.12.2022 9:22:24","13.12.2022 9:22:25"
"VSHAP001","61880_17_v3","13.12.2022 11:24:57","13.12.2022 11:25:16"
"VSHAP001","61880_17","13.12.2022 11:40:55","13.12.2022 11:41:02"
"VSHAP001","61880_17","13.12.2022 11:48:08","13.12.2022 11:48:13"
"VSHAP001","61880_17","13.12.2022 11:53:10","13.12.2022 11:53:16"
"VSHAP001","61880_17","13.12.2022 11:57:17","13.12.2022 11:57:23"
"EBEL015","64455_1","15.12.2022 13:18:47","15.12.2022 13:18:47"
"MMIK001","61880_2","19.12.2022 9:56:44","19.12.2022 9:56:46"
"AELK671","61880_11_new","19.12.2022 14:18:36","19.12.2022 14:18:38"
"TMAL004","61880_2","20.12.2022 14:54:24","20.12.2022 14:54:27"
"EBOCH056","61880_2","21.12.2022 6:29:54","21.12.2022 6:29:56"
"OKASYANOVA","61880_2","20.12.2022 10:35:03","20.12.2022 10:35:05"
"IGRI056","61880_2","21.12.2022 10:45:38","21.12.2022 10:45:40"
"NYAK001","61880_14","21.12.2022 13:58:52","21.12.2022 13:58:53"
"NYAK001","61880_14","21.12.2022 14:06:06","21.12.2022 14:06:07"
"NSYS002","61880_20","21.12.2022 14:09:33","21.12.2022 14:09:34"
"SBUR012","61880_2","15.12.2022 9:27:19","15.12.2022 9:27:21"
"AELK671","61880_12","19.12.2022 14:17:43","19.12.2022 14:17:49"
"EBOCH056","61880_19","20.12.2022 9:12:35","20.12.2022 9:12:37"
"EBOCH056","61880_2","20.12.2022 15:00:02","20.12.2022 15:00:03"
"EBEL015","64455_1","13.12.2022 14:13:51","13.12.2022 14:13:52"
"EBEL015","64455_1","13.12.2022 14:14:47","13.12.2022 14:14:47"
"EBEL015","64455_1","13.12.2022 14:15:21","13.12.2022 14:15:22"
"SBUR012","61880_2","14.12.2022 8:29:36","14.12.2022 8:29:38"
"ASUSE","64949","15.12.2022 13:26:07","15.12.2022 13:26:08"
"ASUSE","64949","15.12.2022 13:29:18",
"MMIK001","61880_2","20.12.2022 11:14:08","20.12.2022 11:14:10"
"EBOCH056","61880_2","21.12.2022 6:30:14","21.12.2022 6:30:16"
"EBOCH056","61880_2","21.12.2022 6:34:37","21.12.2022 6:34:39"
"RRUS002","61880_2","21.12.2022 6:56:53","21.12.2022 6:56:56"
"TVYA001","61880_2","19.12.2022 8:10:27","19.12.2022 8:10:29"
"MMIK001","61880_2","19.12.2022 13:35:39","19.12.2022 13:35:41"
"IGRI056","61880_2","21.12.2022 12:48:47","21.12.2022 12:48:50"
"MMIK001","61880_2","21.12.2022 14:00:56","21.12.2022 14:00:58"
"AKAN671","61880_7","19.12.2022 15:02:24","19.12.2022 15:02:25"
"ASUSE","61880_8","20.12.2022 12:51:53",
"ASUSE","61880_8","20.12.2022 12:52:03","20.12.2022 12:52:03"
"ASUSE","61880_8","20.12.2022 12:56:47","20.12.2022 12:56:49"
"EBEL015","64455_1","15.12.2022 13:20:56","15.12.2022 13:20:56"
"EBEL015","64455_1","15.12.2022 13:23:20","15.12.2022 13:23:21"
"EBEL015","64455_1","15.12.2022 13:29:50","15.12.2022 13:29:51"
"VSHAP001","61880_2","16.12.2022 9:25:42","16.12.2022 9:25:45"
"NSYS002","61880_8","13.12.2022 12:49:56","13.12.2022 12:49:59"
"OKOR009","61880_2","14.12.2022 11:44:27","14.12.2022 11:44:29"
"OKOR009","61880_18","14.12.2022 11:48:26","14.12.2022 11:49:12"
"OKOR009","61880_18","14.12.2022 11:53:30","14.12.2022 11:54:14"
"OKOK006","61880-9-NEW","15.12.2022 10:44:20","15.12.2022 10:44:26"
"OKOK006","61880-9-NEW","15.12.2022 11:04:44","15.12.2022 11:04:47"
"OKOK006","61880_3","15.12.2022 11:26:53","15.12.2022 11:26:55"
"OKOK006","64455_1","15.12.2022 13:09:47","15.12.2022 13:09:48"
"OKOK006","64455_1","15.12.2022 13:17:04","15.12.2022 13:17:05"
"OKOK006","64455_1","15.12.2022 13:20:22","15.12.2022 13:20:22"
"SBUR012","61880_2","13.12.2022 8:58:37","13.12.2022 8:58:39"
"SBUR012","61880_2","13.12.2022 9:07:39","13.12.2022 9:07:41"
"SBUR012","61880_2","13.12.2022 9:39:45","13.12.2022 9:39:47"
"IGRI056","61880_2","16.12.2022 8:25:15","16.12.2022 8:25:18"
"MMIK001","61880_2","13.12.2022 8:41:01","13.12.2022 8:41:03"
"MMIK001","61880_2","13.12.2022 8:42:29","13.12.2022 8:42:31"
"OKOK006","61880_8","14.12.2022 8:21:13","14.12.2022 8:21:15"
"OKOK006","61880_8","14.12.2022 15:15:50","14.12.2022 15:15:52"
"SBUR012","61880_2","13.12.2022 12:44:13","13.12.2022 12:44:14"
"ASUSE","61880_3","15.12.2022 13:59:55","15.12.2022 13:59:56"
"DBAKH001","61880_17_v3","19.12.2022 9:28:59","19.12.2022 9:29:14"
"TMAL004","61880_2","20.12.2022 12:01:32","20.12.2022 12:01:34"
"EBOCH056","61880_2","21.12.2022 7:12:10","21.12.2022 7:12:12"
"MMIK001","61880_2","13.12.2022 12:09:56","13.12.2022 12:09:59"
"MMIK001","61880_2","19.12.2022 15:05:08","19.12.2022 15:05:10"
"SBUR012","61880_2","20.12.2022 8:23:07","20.12.2022 8:23:09"
"SBUR012","61880_2","20.12.2022 8:41:05","20.12.2022 8:41:07"
"VSHAP001","61880_2","15.12.2022 7:51:32","15.12.2022 7:51:34"
"VSHAP001","61880_2","15.12.2022 8:39:58","15.12.2022 8:40:00"
"MMIK001","61880_2","19.12.2022 7:13:29","19.12.2022 7:13:31"
"EBOCH056","61880_2","20.12.2022 15:03:51","20.12.2022 15:03:53"
"VSHAP001","61880_19","13.12.2022 13:21:19","13.12.2022 13:21:22"
"IPES002","64483_1","13.12.2022 16:41:04","13.12.2022 16:41:56"
"IPES002","64455_1_total","13.12.2022 16:49:49","13.12.2022 16:49:54"
"IPES002","64455_1_total","13.12.2022 16:50:36","13.12.2022 16:50:39"
"IPES002","64455_1_total","13.12.2022 16:53:54","13.12.2022 16:53:57"
"TVYA001","61880_2","21.12.2022 7:23:13","21.12.2022 7:23:15"
"VSHAP001","61880_2","21.12.2022 8:09:38","21.12.2022 8:09:40"
"EBOCH056","61880_10","21.12.2022 8:12:10","21.12.2022 8:12:11"
"EBOCH056","61880_10","21.12.2022 8:12:23","21.12.2022 8:12:24"
"EBOCH056","61880_2","21.12.2022 8:12:45","21.12.2022 8:12:47"
"EBOCH056","61880_8","21.12.2022 8:22:56","21.12.2022 8:22:59"
"NSYS002","61880_20","14.12.2022 12:10:00","14.12.2022 12:10:01"
"MMIK001","61880_2","19.12.2022 18:17:57","19.12.2022 18:17:59"
"SBUR012","61880_2","20.12.2022 9:07:46","20.12.2022 9:07:48"
"SBUR012","61759_1","20.12.2022 11:48:21","20.12.2022 11:48:22"
"EBOCH056","61880_2","20.12.2022 15:05:01","20.12.2022 15:05:03"
"EKAR014","61880_17_v3","20.12.2022 15:54:34","20.12.2022 15:54:48"
"EKAR014","61880_17_v3","20.12.2022 15:56:19","20.12.2022 15:56:33"
"OKASYANOVA","61880_2","21.12.2022 6:49:24","21.12.2022 6:49:26"
"OKOK006","64224","14.12.2022 18:56:28","14.12.2022 18:58:39"
"MMIK001","61880_2","16.12.2022 9:10:29","16.12.2022 9:10:32"
"VSHAP001","61880_2","16.12.2022 9:48:28","16.12.2022 9:48:30"
"OKOK006","64224","16.12.2022 18:49:35","16.12.2022 18:55:01"
"MMIK001","61880_2","21.12.2022 8:39:06","21.12.2022 8:39:09"
"VSHAP001","61880_2","21.12.2022 9:19:24","21.12.2022 9:19:26"
"RRUS002","61880_2","21.12.2022 10:01:12","21.12.2022 10:01:14"
"NSYS002","61880_8","21.12.2022 13:07:36","21.12.2022 13:07:39"
"SBUR012","61759_1","20.12.2022 13:31:14","20.12.2022 13:31:15"
"EKAR014","61880-9-NEW","20.12.2022 15:14:56","20.12.2022 15:15:07"
"EKAR014","61880-9-NEW","20.12.2022 15:28:05","20.12.2022 15:28:16"
"EKAR014","61880-9-NEW","20.12.2022 15:29:20","20.12.2022 15:29:32"
"EKAR014","61880-9-NEW","20.12.2022 15:30:35","20.12.2022 15:30:47"
"EKAR014","61880-9-NEW","20.12.2022 15:31:36","20.12.2022 15:31:48"
"EKAR014","61880-9-NEW","20.12.2022 15:32:30","20.12.2022 15:32:42"
"EKAR014","61880-9-NEW","20.12.2022 15:33:34","20.12.2022 15:33:46"
"EKAR014","61880_17_v3","20.12.2022 15:36:43","20.12.2022 15:36:59"
"EKAR014","61880_14","20.12.2022 15:44:38","20.12.2022 15:44:42"
"EKAR014","61880_17_v3","20.12.2022 15:48:10","20.12.2022 15:48:24"
"EKAR014","61880_17_v3","20.12.2022 15:49:32","20.12.2022 15:49:46"
"SBUR012","61880_2","21.12.2022 8:21:36","21.12.2022 8:21:39"
"SBUR012","61880_2","21.12.2022 8:33:40","21.12.2022 8:33:43"
"OKASYANOVA","61880_2","21.12.2022 8:33:53","21.12.2022 8:33:55"
"OKASYANOVA","61880_2","21.12.2022 9:00:36","21.12.2022 9:00:39"
"RRUS002","61880_2","19.12.2022 7:00:12","19.12.2022 7:00:14"
"EBOCH056","61880_2","19.12.2022 8:27:58","19.12.2022 8:28:00"
"EBOCH056","61880_19","19.12.2022 10:51:28","19.12.2022 10:51:29"
"AELK671","61880_2_on_date","19.12.2022 14:19:48",
"AKAN671","61759_1","16.12.2022 13:51:34","16.12.2022 13:51:34"
"EBOCH056","61880_2","19.12.2022 8:20:19","19.12.2022 8:20:21"
"VSHAP001","61759_1","20.12.2022 8:00:10","20.12.2022 8:00:11"
"VSHAP001","61880_2","20.12.2022 9:45:43","20.12.2022 9:45:44"
"IGRI056","61880_2","13.12.2022 13:07:44","13.12.2022 13:07:46"
"IGRI056","61880_2","13.12.2022 13:08:10","13.12.2022 13:08:12"
"ASUSE","61880_3","15.12.2022 15:51:56","15.12.2022 15:51:57"
"VSHAP001","61880_2","19.12.2022 8:27:06","19.12.2022 8:27:08"
"VSHAP001","61880_2","19.12.2022 8:43:34","19.12.2022 8:43:36"
"NSYS002","61880_8","16.12.2022 13:42:24","16.12.2022 13:42:27"
"GBOL056","61880_17_new","21.12.2022 9:00:46","21.12.2022 9:01:05"
"SBUR012","61880_2","21.12.2022 9:33:30","21.12.2022 9:33:32"
"SBUR012","61880_8","21.12.2022 9:35:58","21.12.2022 9:36:00"
"TVYA001","61880_2","15.12.2022 7:10:04","15.12.2022 7:10:06"
"TVYA001","61880_2","15.12.2022 8:05:11","15.12.2022 8:05:13"
"AELK671","61880_2_int_date","19.12.2022 14:20:47",
"AELK671","61880_2","19.12.2022 14:21:14","19.12.2022 14:21:16"
"AELK671","61880_10","19.12.2022 14:24:12","19.12.2022 14:24:13"
"VSHAP001","61880_2","20.12.2022 10:01:49","20.12.2022 10:01:51"
"VSHAP001","61880_2_int_date","20.12.2022 10:07:45","20.12.2022 10:07:46"
"NYAK001","61880_14","20.12.2022 10:12:00","20.12.2022 10:12:01"
"VSHAP001","61880_19","20.12.2022 10:12:56","20.12.2022 10:12:57"
"VSHAP001","61880_2","19.12.2022 10:41:58","19.12.2022 10:42:00"
"VSHAP001","61880_2","19.12.2022 11:34:43","19.12.2022 11:34:45"
"VSHAP001","61880_2_int_date","19.12.2022 11:53:50","19.12.2022 11:53:51"
"VSHAP001","61880_2","19.12.2022 12:22:36","19.12.2022 12:22:38"
"VSHAP001","61880_19","19.12.2022 12:42:29","19.12.2022 12:42:31"
"VSHAP001","61880_19","19.12.2022 12:47:24","19.12.2022 12:47:26"
"SBUR012","61880_2","21.12.2022 9:55:40","21.12.2022 9:55:43"
"ANAY001","61880_8","21.12.2022 10:11:11",
"ANAY001","61880_8","21.12.2022 10:11:22",
"ANAY001","61880_8","21.12.2022 10:11:39",
"VSHAP001","61880_2_int_date","19.12.2022 14:26:57","19.12.2022 14:26:59"
"VSHAP001","61880_2","19.12.2022 14:31:06","19.12.2022 14:31:08"
"VSHAP001","61880_2","19.12.2022 14:42:39","19.12.2022 14:42:41"
"SBUR012","61880_8","19.12.2022 14:42:55","19.12.2022 14:42:57"
"AKAN671","61880-9-NEW","19.12.2022 14:44:43","19.12.2022 14:44:51"
"AKAN671","61880-9-all","19.12.2022 14:47:00","19.12.2022 14:47:02"
"AKAN671","61880_2","19.12.2022 14:49:28","19.12.2022 14:49:30"
"AKAN671","61880_17_v3","19.12.2022 14:50:48","19.12.2022 14:50:58"
"OKASYANOVA","61880_8","14.12.2022 9:39:57","14.12.2022 9:39:59"
"OKASYANOVA","61880_2","14.12.2022 9:41:24","14.12.2022 9:41:26"
"SVAGNER","61880_8","16.12.2022 13:47:20","16.12.2022 13:47:24"
"VSHAP001","61880_19","20.12.2022 10:14:36","20.12.2022 10:14:37"
"RRUS002","61880_2","16.12.2022 13:48:17","16.12.2022 13:48:20"
"RRUS002","61880_2","16.12.2022 14:18:00","16.12.2022 14:18:02"
"VSHAP001","61759_1","19.12.2022 13:17:23","19.12.2022 13:17:24"
"RRUS002","61880_2","20.12.2022 7:58:07","20.12.2022 7:58:10"
"OKOK006","61880_8","13.12.2022 15:03:35",
"OKOK006","61880_8","13.12.2022 15:03:43","13.12.2022 15:03:46"
"OKOK006","64948","13.12.2022 15:48:41","13.12.2022 15:48:44"
"OKOK006","64948","13.12.2022 15:49:07","13.12.2022 15:49:10"
"OKOK006","61880_20","13.12.2022 15:59:48","13.12.2022 15:59:50"
"VSHAP001","61880_2","14.12.2022 9:29:00","14.12.2022 9:29:02"
"VSHAP001","61880_2","14.12.2022 10:05:58","14.12.2022 10:06:00"
"AKAN671","61880_17_new","19.12.2022 14:52:02","19.12.2022 14:52:12"
"AKAN671","61880_17","19.12.2022 14:53:20","19.12.2022 14:53:26"
"AKAN671","64809","19.12.2022 14:55:48",
"MMIK001","61880_2","14.12.2022 12:34:38","14.12.2022 12:34:40"
"OKOK006","61880_2_int_date","16.12.2022 10:44:07","16.12.2022 10:44:08"
"OKOK006","61880_2_int_date","16.12.2022 10:48:50","16.12.2022 10:48:51"
"AELK671","61880_19","19.12.2022 14:29:03","19.12.2022 14:29:04"
"EBEL015","64455_1","16.12.2022 7:59:37","16.12.2022 7:59:38"
"MMIK001","61880_2","20.12.2022 13:04:34","20.12.2022 13:04:36"
"MMIK001","61880_2","20.12.2022 13:48:40","20.12.2022 13:48:42"
"RRUS002","61880_2","20.12.2022 13:51:08","20.12.2022 13:51:10"
"OKOK006","61880_11_new","13.12.2022 16:00:29","13.12.2022 16:00:33"
"OKOK006","64948","13.12.2022 16:16:53","13.12.2022 16:16:55"
"OKOK006","61880_8","13.12.2022 16:17:37","13.12.2022 16:17:39"
"NYAK001","61880_14","19.12.2022 10:54:31","19.12.2022 10:54:32"
"VSHAP001","61880_2","19.12.2022 14:57:20","19.12.2022 14:57:22"
"OKOK006","61880_8","19.12.2022 15:09:44","19.12.2022 15:09:46"
"VSHAP001","61880_2","19.12.2022 15:16:19","19.12.2022 15:16:21"
"VSHAP001","61880_2_int_date","19.12.2022 15:25:15","19.12.2022 15:25:16"
"EKAR014","61880-9-NEW","14.12.2022 13:43:10","14.12.2022 13:43:26"
"NYAK001","61880_14","20.12.2022 10:24:42","20.12.2022 10:24:46"
"NYAK001","61880_14","20.12.2022 10:39:49","20.12.2022 10:39:49"
"VSHAP001","61880_19","20.12.2022 11:16:03","20.12.2022 11:16:05"
"NYAK001","61880_10","20.12.2022 11:19:42","20.12.2022 11:19:43"
"NYAK001","61880_10","20.12.2022 11:23:25","20.12.2022 11:23:26"
"NYAK001","61880_10","20.12.2022 11:25:08","20.12.2022 11:25:09"
"NYAK001","61880_10","20.12.2022 11:30:58","20.12.2022 11:30:59"
"NYAK001","61880_10","20.12.2022 11:33:14","20.12.2022 11:33:14"
"NYAK001","61880_10","20.12.2022 11:36:46","20.12.2022 11:36:47"
"RRUS002","61880_2","19.12.2022 9:56:02","19.12.2022 9:56:04"
"RRUS002","61880_19","19.12.2022 11:55:10","19.12.2022 11:55:12"
"TVYA001","61880_2","20.12.2022 14:12:13","20.12.2022 14:12:15"
"EKAR014","61880_17_v3","20.12.2022 15:51:10","20.12.2022 15:51:26"
"GBOL056","61880-9-NEW","14.12.2022 13:50:05","14.12.2022 13:50:11"
"NYAK001","61880_14","19.12.2022 10:55:42","19.12.2022 10:55:42"
"NYAK001","61880_14","19.12.2022 10:57:10","19.12.2022 10:57:15"
"NYAK001","61880_14","19.12.2022 11:23:04","19.12.2022 11:23:05"
"GBOL056","61880-9-NEW","15.12.2022 7:19:34","15.12.2022 7:19:39"
"GBOL056","61880-9-NEW","15.12.2022 7:20:18","15.12.2022 7:20:22"
"GBOL056","61880_17_v3","15.12.2022 9:30:03","15.12.2022 9:30:16"
"GBOL056","61880_17_v3","15.12.2022 9:31:06","15.12.2022 9:31:17"
"GBOL056","61880_17","15.12.2022 9:32:00","15.12.2022 9:32:06"
"GBOL056","61880_17","15.12.2022 9:32:29","15.12.2022 9:32:35"
"VSHAP001","61880_2_int_date","19.12.2022 15:40:54","19.12.2022 15:40:55"
"TVYA001","61880_2","16.12.2022 14:25:23","16.12.2022 14:25:25"
"VSHAP001","61759_1","20.12.2022 11:38:41","20.12.2022 11:38:41"
"NSYS002","61880_8","21.12.2022 10:11:28","21.12.2022 10:11:31"
"ANAY001","61880_8","21.12.2022 10:13:20","21.12.2022 10:13:22"
"ANAY001","61880_20","21.12.2022 10:20:15","21.12.2022 10:20:16"
"ANAY001","61880_20","21.12.2022 10:21:19","21.12.2022 10:21:19"
"RRUS002","61880_2","16.12.2022 9:53:44","16.12.2022 9:53:46"
"EKAR014","61880_17_v3","20.12.2022 15:52:42","20.12.2022 15:52:57"
"EKAR014","61880_17_v3","20.12.2022 15:53:17","20.12.2022 15:53:32"
"NYAK001","61880_14","19.12.2022 11:24:22","19.12.2022 11:24:26"
"NYAK001","61880_14","19.12.2022 11:29:23","19.12.2022 11:29:24"
"NYAK001","61880_14","19.12.2022 11:32:18","19.12.2022 11:32:19"
"NSYS002","61880_8","20.12.2022 12:48:53","20.12.2022 12:48:55"
"VSHAP001","61880_2_int_date","19.12.2022 15:46:06","19.12.2022 15:46:07"
"VSHAP001","61880_2_int_date","19.12.2022 15:54:24","19.12.2022 15:54:25"
"VSHAP001","61880_2","19.12.2022 16:23:13","19.12.2022 16:23:15"
"VSHAP001","61880_2_int_date","19.12.2022 16:58:56","19.12.2022 16:58:57"
"VSHAP001","61880_2_int_date","19.12.2022 17:04:29","19.12.2022 17:04:30"
"SBUR012","61880_2","16.12.2022 8:19:30","16.12.2022 8:19:33"
"SBUR012","61759_1","16.12.2022 8:29:50","16.12.2022 8:29:51"
"SBUR012","61880_2","16.12.2022 9:58:40","16.12.2022 9:58:42"
"SBUR012","61880_2","16.12.2022 10:24:38","16.12.2022 10:24:40"
"IGRI056","61880_2","16.12.2022 11:48:58","16.12.2022 11:49:01"
"IGRI056","61880_2","16.12.2022 11:51:09","16.12.2022 11:51:11"
"SBUR012","61880_2","19.12.2022 6:38:33","19.12.2022 6:38:35"
"SBUR012","61880_2","19.12.2022 8:13:36","19.12.2022 8:13:38"
"EBEL015","64455_1","15.12.2022 13:07:25","15.12.2022 13:07:25"
"EBEL015","64455_1","15.12.2022 13:12:22","15.12.2022 13:12:23"
"EBEL015","64455_1","15.12.2022 13:12:48","15.12.2022 13:12:48"
"EBEL015","64455_1","15.12.2022 13:16:15","15.12.2022 13:16:15"
"IMOS002","61880_18","14.12.2022 10:27:19","14.12.2022 10:29:51"
"IMOS002","61880_18","14.12.2022 10:31:45","14.12.2022 10:34:21"
"MMIK001","61880_2","19.12.2022 12:17:32","19.12.2022 12:17:34"
"MMIK001","61880_2","20.12.2022 7:07:15","20.12.2022 7:07:17"
"GBOL056","61880_17_v3","19.12.2022 9:23:32","19.12.2022 9:23:43"
"YVAS004","64224","19.12.2022 13:52:14","19.12.2022 13:52:19"
"SBUR012","61880_8","19.12.2022 14:48:15","19.12.2022 14:48:18"
"SBUR012","61880_19","19.12.2022 15:14:23","19.12.2022 15:14:24"
"SBUR012","61759_1","19.12.2022 8:51:27","19.12.2022 8:51:27"
"SBUR012","61880_2","19.12.2022 9:11:33","19.12.2022 9:11:36"
"SBUR012","61880_2","19.12.2022 10:00:37","19.12.2022 10:00:39"
"SBUR012","61880_2","19.12.2022 12:01:21","19.12.2022 12:01:23"
"RRUS002","61880_2","13.12.2022 12:08:08","13.12.2022 12:08:10"
"IPES002","64455_1","14.12.2022 17:29:50","14.12.2022 17:29:57"
"MMIK001","61880_2","15.12.2022 8:56:27","15.12.2022 8:56:30"
"ASAU056","64455_1","14.12.2022 6:58:33","14.12.2022 6:58:39"
"ASUSE","61880-9-NEW","19.12.2022 17:33:35","19.12.2022 17:33:55"
"MMIK001","61880_2","20.12.2022 8:20:37","20.12.2022 8:20:39"
"MMIK001","61880_2","20.12.2022 8:20:56","20.12.2022 8:20:58"
"RRUS002","61880_2","20.12.2022 14:47:10","20.12.2022 14:47:13"
"ASAU056","64455_1","19.12.2022 7:41:00","19.12.2022 7:41:07"
"SBUR012","61759_1","21.12.2022 13:08:05","21.12.2022 13:08:06"
"RRUS002","61880_2","21.12.2022 13:14:43","21.12.2022 13:14:45"
"NSYS002","61880_2","21.12.2022 13:43:21","21.12.2022 13:43:23"
"AKAN671","61880-9-NEW","21.12.2022 13:48:37","21.12.2022 13:48:46"
"TVYA001","61880_8","27.12.2022 15:02:51","27.12.2022 15:02:53"
"SVAGNER","61880_8","27.12.2022 16:10:21","27.12.2022 16:10:23"
"OKOK006","64224","27.12.2022 16:35:32","27.12.2022 16:35:35"
"OKOK006","64224","27.12.2022 16:36:49","27.12.2022 16:36:55"
"DSTR056","61880_2_on_date","23.12.2022 6:58:05","23.12.2022 6:58:06"
"DSTR056","61880_2_int_date","23.12.2022 6:59:42",
"IGRI056","61880_2","23.12.2022 8:10:48","23.12.2022 8:10:50"
"DBAKH001","61880-9-NEW","26.12.2022 7:45:10","26.12.2022 7:47:16"
"DBAKH001","61880-9-NEW","26.12.2022 7:47:43","26.12.2022 7:49:39"
"DBAKH001","61880-9-NEW","26.12.2022 7:51:12","26.12.2022 7:53:09"
"DBAKH001","61880-9-NEW","26.12.2022 7:54:21","26.12.2022 7:56:15"
"DBAKH001","61880-9-NEW","26.12.2022 7:56:48","26.12.2022 7:58:48"
"DBAKH001","61880-9-NEW","26.12.2022 10:29:59","26.12.2022 10:31:56"
"DBAKH001","61880-9-NEW","26.12.2022 11:03:49","26.12.2022 11:28:54"
"DBAKH001","61880-9-NEW","22.12.2022 9:59:53","22.12.2022 10:02:01"
"ANAY001","61880_20","23.12.2022 14:25:44","23.12.2022 14:25:45"
"DBAKH001","61880_17_v3","24.12.2022 9:57:21","24.12.2022 9:57:35"
"DBAKH001","61880_17_v3","24.12.2022 9:58:13","24.12.2022 9:58:27"
"DBAKH001","61880_17_v3","24.12.2022 9:59:26","24.12.2022 9:59:40"
"VSHAP001","61880_2","26.12.2022 9:20:17","26.12.2022 9:20:19"
"VSHAP001","61880_2","26.12.2022 9:47:09","26.12.2022 9:47:11"
"VSHAP001","61880_2_int_date","26.12.2022 9:50:45",
"ASUSE","61880-9-IÀ","26.12.2022 10:55:26",
"ASUSE","61880_2","26.12.2022 11:04:47","26.12.2022 11:04:50"
"SVAGNER","61880_2","22.12.2022 9:00:19","22.12.2022 9:00:21"
"SVAGNER","61880_2","22.12.2022 9:00:53","22.12.2022 9:00:56"
"TVYA001","61880_2","26.12.2022 7:50:32","26.12.2022 7:50:34"
"YUDOR001","61759_1","26.12.2022 12:01:34","26.12.2022 12:01:34"
"TVYA001","61880_2","22.12.2022 7:14:43","22.12.2022 7:14:45"
"AGAB003","61880_2","22.12.2022 8:18:43","22.12.2022 8:18:45"
"AGAB003","61880_17_v3","26.12.2022 13:51:49","26.12.2022 13:52:05"
"DBAKH001","61880_17_v3","24.12.2022 10:01:45","24.12.2022 10:02:00"
"DBAKH001","61880_17_v3","24.12.2022 10:02:56","24.12.2022 10:03:11"
"DBAKH001","61880_17_v3","24.12.2022 10:03:40","24.12.2022 10:03:55"
"ASUSE","61759_1","26.12.2022 11:05:54","26.12.2022 11:05:55"
"ASUSE","61880_3","26.12.2022 11:06:34","26.12.2022 11:06:36"
"ASUSE","61880_2_int_date","26.12.2022 11:39:35",
"ASUSE","61880_2_int_date","26.12.2022 11:46:05",
"ASUSE","61880_2_int_date","26.12.2022 11:55:34","26.12.2022 11:55:38"
"VSHAP001","61880_2","22.12.2022 8:22:54","22.12.2022 8:22:56"
"VSHAP001","61880_2","22.12.2022 8:38:01","22.12.2022 8:38:03"
"VSHAP001","61880_2","22.12.2022 9:19:53","22.12.2022 9:19:55"
"VSHAP001","61880_2_int_date","22.12.2022 9:21:47","22.12.2022 9:21:48"
"VSHAP001","61880_2_int_date","22.12.2022 9:32:01","22.12.2022 9:32:02"
"VSHAP001","61880_2","22.12.2022 9:46:32","22.12.2022 9:46:34"
"AGAB003","61880_17_v3","26.12.2022 13:54:05","26.12.2022 13:54:22"
"AGAB003","61880_17_v3","26.12.2022 13:55:25","26.12.2022 13:55:41"
"AGAB003","61880_17_v3","26.12.2022 14:01:14","26.12.2022 14:01:32"
"DBAKH001","61880_17_v3","24.12.2022 10:04:56","24.12.2022 10:05:10"
"DBAKH001","61880_17_v3","24.12.2022 10:07:32","24.12.2022 10:07:47"
"DBAKH001","61880_17_v3","24.12.2022 10:08:49","24.12.2022 10:09:03"
"IKUZAKOVA","64455_1_total","26.12.2022 12:00:44","26.12.2022 12:00:48"
"VSHAP001","61880_2_on_date","26.12.2022 12:09:20","26.12.2022 12:09:21"
"VSHAP001","61880_19","26.12.2022 12:10:55","26.12.2022 12:10:56"
"VSHAP001","61880_2_on_date","26.12.2022 12:11:51","26.12.2022 12:11:52"
"ILES001","64224","22.12.2022 12:43:43","22.12.2022 12:58:29"
"YUDOR001","61880_1","26.12.2022 12:01:52","26.12.2022 12:01:54"
"YUDOR001","64949","26.12.2022 12:02:31","26.12.2022 12:02:31"
"YUDOR001","64809","26.12.2022 12:02:47","26.12.2022 12:04:32"
"YUDOR001","61880_15","26.12.2022 12:27:03","26.12.2022 12:27:03"
"YUDOR001","63051","26.12.2022 12:27:59","26.12.2022 12:27:59"
"YUDOR001","61880_2_int_date","26.12.2022 12:28:29","26.12.2022 12:28:33"
"MMIK001","61880_2","26.12.2022 9:27:54","26.12.2022 9:27:57"
"AGAB003","61880_17_v3","26.12.2022 13:19:19","26.12.2022 13:19:37"
"AGAB003","61880_17_v3","26.12.2022 13:20:24","26.12.2022 13:20:41"
"DBAKH001","64809","23.12.2022 9:24:26",
"DBAKH001","61880-9-NEW","23.12.2022 10:56:52","23.12.2022 11:21:24"
"DBAKH001","61880_17_v3","24.12.2022 10:09:49","24.12.2022 10:10:03"
"DBAKH001","61880_17_v3","24.12.2022 10:10:40","24.12.2022 10:10:54"
"DBAKH001","61880_17_v3","24.12.2022 10:16:05","24.12.2022 10:16:20"
"EBEL015","64455_1","26.12.2022 13:36:23","26.12.2022 13:36:39"
"DBAKH001","61880-9-NEW","26.12.2022 15:05:35","26.12.2022 15:28:49"
"DBAKH001","61880-9-NEW","26.12.2022 15:06:41","26.12.2022 15:08:33"
"OSER006","61880_19","26.12.2022 15:11:20","26.12.2022 15:11:21"
"OSER006","61880_19","26.12.2022 15:17:26","26.12.2022 15:17:28"
"YUDOR001","64224","26.12.2022 12:50:12","26.12.2022 15:23:07"
"IKUZAKOVA","64455_1_total","27.12.2022 8:00:17","27.12.2022 8:00:21"
"SBUR012","61880_2","27.12.2022 8:30:37","27.12.2022 8:30:39"
"SBUR012","61880_2","27.12.2022 8:57:33","27.12.2022 8:57:35"
"ASUSETEST","61759_1","26.12.2022 11:24:28","26.12.2022 11:24:29"
"ASUSETEST","61880_10","26.12.2022 11:24:59","26.12.2022 11:25:00"
"ASUSETEST","61880_2_int_date","26.12.2022 11:25:47",
"AGAB003","61880_17_v3","26.12.2022 13:22:56","26.12.2022 13:23:11"
"DBAKH001","61880_17_v3","24.12.2022 10:17:15","24.12.2022 10:17:30"
"DBAKH001","61880_17_v3","24.12.2022 10:17:56","24.12.2022 10:18:11"
"DBAKH001","61880_17_v3","24.12.2022 10:18:49","24.12.2022 10:19:04"
"GBOL056","61880_17_new","27.12.2022 5:58:50","27.12.2022 5:59:00"
"GBOL056","61880-9-NEW","27.12.2022 6:33:38","27.12.2022 6:33:49"
"MMIK001","61880_2","27.12.2022 7:58:54","27.12.2022 7:58:56"
"MMIK001","61880_2","27.12.2022 8:02:21","27.12.2022 8:02:23"
"AGAB003","63051","27.12.2022 8:13:32","27.12.2022 8:15:37"
"AGAB003","63051","27.12.2022 8:19:20","27.12.2022 8:21:22"
"AGAB003","63051","27.12.2022 8:23:31","27.12.2022 8:25:34"
"SBUR012","61880_2","27.12.2022 9:01:14","27.12.2022 9:01:16"
"SBUR012","61880_2","27.12.2022 9:17:48","27.12.2022 9:17:50"
"SBUR012","61880_2","27.12.2022 10:42:00","27.12.2022 10:42:02"
"IPES002","64483_1","27.12.2022 14:55:11","27.12.2022 14:55:58"
"IPES002","64483_1","27.12.2022 15:05:25","27.12.2022 15:05:56"
"IPES002","64483_1","27.12.2022 15:07:04","27.12.2022 15:07:36"
"IPES002","64483_1","27.12.2022 15:09:20","27.12.2022 15:09:52"
"IPES002","64483_1","27.12.2022 15:21:02","27.12.2022 15:21:32"
"AGAB003","61880_17_v3","26.12.2022 13:26:07","26.12.2022 13:26:22"
"AGAB003","61880_17_v3","26.12.2022 13:28:50","26.12.2022 13:29:04"
"AGAB003","61880_17_v3","26.12.2022 13:30:57","26.12.2022 13:31:12"
"DBAKH001","61880_17_v3","24.12.2022 10:19:32","24.12.2022 10:19:47"
"DBAKH001","61880_17_v3","24.12.2022 10:20:13","24.12.2022 10:20:29"
"DBAKH001","61880_17_v3","24.12.2022 10:21:05","24.12.2022 10:21:19"
"MMIK001","61880_2","27.12.2022 8:26:38","27.12.2022 8:26:40"
"MMIK001","61880_2","27.12.2022 8:27:44","27.12.2022 8:27:47"
"AGAB003","64224","27.12.2022 8:28:45","27.12.2022 8:30:28"
"MMIK001","61880_2","27.12.2022 8:30:01","27.12.2022 8:30:03"
"OKOK006","64455_1","27.12.2022 16:43:18","27.12.2022 16:43:18"
"VSHAP001","61880_2_int_date","28.12.2022 7:26:49","28.12.2022 7:26:53"
"VSHAP001","61880_2_int_date","28.12.2022 7:33:52","28.12.2022 7:33:55"
"VSHAP001","61880_2_int_date","28.12.2022 7:39:38","28.12.2022 7:39:41"
"IPES002","64455_1","26.12.2022 11:59:21","26.12.2022 11:59:37"
"AGAB003","61880_17_v3","26.12.2022 13:36:08","26.12.2022 13:36:23"
"AGAB003","61880_17_v3","26.12.2022 13:39:29","26.12.2022 13:39:43"
"DBAKH001","61880_17_v3","24.12.2022 10:21:46","24.12.2022 10:22:01"
"DBAKH001","61880_17_v3","24.12.2022 10:22:27","24.12.2022 10:22:45"
"DBAKH001","61880_17_v3","24.12.2022 10:23:13","24.12.2022 10:23:28"
"MMIK001","61880_2","27.12.2022 8:33:51","27.12.2022 8:33:53"
"MMIK001","61880_2","27.12.2022 8:34:57","27.12.2022 8:34:59"
"MMIK001","61880_2","27.12.2022 8:39:24","27.12.2022 8:39:26"
"MMIK001","61880_2","27.12.2022 8:49:35","27.12.2022 8:49:37"
"DBAKH001","61880_17_v3","26.12.2022 11:44:15","26.12.2022 11:44:35"
"DBAKH001","61880_17_v3","26.12.2022 11:45:04","26.12.2022 11:45:24"
"DBAKH001","61880_17_v3","26.12.2022 11:47:43","26.12.2022 11:48:06"
"DBAKH001","61880-9-NEW","26.12.2022 11:49:06","26.12.2022 11:50:57"
"OKOK006","64455_1","27.12.2022 16:44:06","27.12.2022 16:44:06"
"AGAB003","61880_17_v3","26.12.2022 13:40:27","26.12.2022 13:40:42"
"AGAB003","61880_17_v3","26.12.2022 14:34:45","26.12.2022 14:35:01"
"AGAB003","61880_17_v3","26.12.2022 14:42:00","26.12.2022 14:42:15"
"NSYS002","61880_20","21.12.2022 14:32:15","21.12.2022 14:32:16"
"NSYS002","61880_20","21.12.2022 14:40:30","21.12.2022 14:40:31"
"NSYS002","61880_2","21.12.2022 15:13:24","21.12.2022 15:13:26"
"NSYS002","61880_2","21.12.2022 15:15:25","21.12.2022 15:15:27"
"DBAKH001","61880_17_v3","24.12.2022 10:24:26","24.12.2022 10:24:42"
"SVAGNER","61880_8","21.12.2022 14:29:54","21.12.2022 14:29:57"
"NSYS002","61880_8","26.12.2022 13:08:26","26.12.2022 13:08:28"
"NSYS002","61880_20","26.12.2022 13:35:46","26.12.2022 13:35:47"
"NSYS002","61880_2","26.12.2022 13:36:39","26.12.2022 13:36:41"
"AGAB003","64224","27.12.2022 8:54:37","27.12.2022 9:00:50"
"ANAY001","61880_20","26.12.2022 13:23:57","26.12.2022 13:23:58"
"ANAY001","61880_20","26.12.2022 13:26:12","26.12.2022 13:26:12"
"EBEL015","64455_1","28.12.2022 6:13:56","28.12.2022 6:13:56"
"EBEL015","64455_1","28.12.2022 6:53:14","28.12.2022 6:53:14"
"EBEL015","64455_1","28.12.2022 7:01:48","28.12.2022 7:01:49"
"VSHAP001","61880_2","28.12.2022 7:23:00","28.12.2022 7:23:03"
"AGAB003","61880_17_v3","26.12.2022 14:44:11","26.12.2022 14:44:25"
"AGAB003","462359_rep_year","26.12.2022 14:46:33","26.12.2022 14:52:22"
"AGAB003","63051","26.12.2022 14:54:51","26.12.2022 14:56:49"
"AGAB003","63051","26.12.2022 15:01:17","26.12.2022 15:03:18"
"AGAB003","61880-9-NEW","26.12.2022 15:10:12","26.12.2022 15:10:40"
"AGAB003","61880-9-NEW","26.12.2022 15:21:57","26.12.2022 15:22:25"
"AGAB003","61880-9-NEW","26.12.2022 15:23:59","26.12.2022 15:24:26"
"AGAB003","61880-9-NEW","26.12.2022 15:26:21","26.12.2022 15:26:49"
"AGAB003","61880-9-NEW","26.12.2022 15:28:21","26.12.2022 15:28:49"
"AGAB003","61880-9-NEW","26.12.2022 15:30:18","26.12.2022 15:30:45"
"AGAB003","61880-9-NEW","26.12.2022 15:31:58","26.12.2022 15:32:25"
"AGAB003","61880-9-NEW","26.12.2022 15:33:43","26.12.2022 15:34:10"
"AGAB003","61880-9-NEW","26.12.2022 15:35:58","26.12.2022 15:36:25"
"AGAB003","61880-9-NEW","26.12.2022 15:38:16","26.12.2022 15:38:43"
"AGAB003","61880-9-NEW","26.12.2022 15:40:14","26.12.2022 15:40:40"
"EBEL015","64455_1","27.12.2022 8:06:04","27.12.2022 8:06:05"
"EBEL015","64455_1","27.12.2022 8:17:31","27.12.2022 8:17:31"
"DBAKH001","61880_17_v3","24.12.2022 10:25:14","24.12.2022 10:25:29"
"DBAKH001","61880_17_v3","24.12.2022 10:25:56","24.12.2022 10:26:11"
"DBAKH001","61880_17_v3","24.12.2022 10:27:02","24.12.2022 10:27:19"
"DBAKH001","61880_17_v3","24.12.2022 10:27:52","24.12.2022 10:28:07"
"OKOK006","61880_17_v3","26.12.2022 13:38:42","26.12.2022 13:38:56"
"OKOK006","64224","26.12.2022 13:52:31","26.12.2022 14:16:25"
"MMIK001","61880_2","27.12.2022 8:59:59","27.12.2022 9:00:01"
"VSHAP001","61880_2","28.12.2022 8:08:07","28.12.2022 8:08:10"
"SBUR012","61880_2","28.12.2022 8:15:55","28.12.2022 8:15:58"
"VSHAP001","61880_2_int_date","28.12.2022 8:19:52","28.12.2022 8:19:55"
"SBUR012","61880_2","28.12.2022 8:21:13","28.12.2022 8:21:15"
"EBEL015","64455_1","27.12.2022 8:39:13","27.12.2022 8:39:13"
"VSHAP001","61880_2","27.12.2022 9:02:00","27.12.2022 9:02:02"
"VSHAP001","61880_2","27.12.2022 9:16:23","27.12.2022 9:16:25"
"SVAGNER","61880_8","27.12.2022 20:39:16","27.12.2022 20:39:19"
"DBAKH001","61880_17_v3","24.12.2022 10:28:57","24.12.2022 10:29:14"
"DBAKH001","61880_17_v3","24.12.2022 10:29:42","24.12.2022 10:29:57"
"DBAKH001","61880_17_v3","24.12.2022 10:30:25","24.12.2022 10:30:40"
"DBAKH001","61880-9-NEW","24.12.2022 10:31:28","24.12.2022 10:33:16"
"DBAKH001","61880-9-NEW","24.12.2022 10:36:28","24.12.2022 10:38:13"
"DBAKH001","61880-9-NEW","24.12.2022 10:38:37","24.12.2022 10:40:23"
"DBAKH001","61880-9-NEW","24.12.2022 10:44:07","24.12.2022 10:45:53"
"DBAKH001","61880-9-NEW","24.12.2022 10:50:03","24.12.2022 10:51:51"
"DBAKH001","61880-9-NEW","24.12.2022 10:54:40","24.12.2022 10:56:25"
"DBAKH001","61880-9-NEW","24.12.2022 11:08:25","24.12.2022 11:10:11"
"DBAKH001","61880-9-NEW","24.12.2022 11:14:10","24.12.2022 11:16:03"
"DBAKH001","61880-9-NEW","24.12.2022 11:16:42","24.12.2022 11:18:35"
"DBAKH001","61880-9-NEW","24.12.2022 11:21:18","24.12.2022 11:23:04"
"DBAKH001","61880-9-NEW","24.12.2022 11:30:10","24.12.2022 11:32:03"
"DBAKH001","61880-9-NEW","24.12.2022 11:55:47","24.12.2022 11:57:36"
"DBAKH001","61880-9-NEW","24.12.2022 11:58:08","24.12.2022 11:59:53"
"DBAKH001","61880-9-NEW","24.12.2022 12:58:06","24.12.2022 13:20:13"
"RRUS002","61880_19","27.12.2022 9:04:15","27.12.2022 9:04:17"
"MMIK001","61880_2","27.12.2022 9:04:36","27.12.2022 9:04:38"
"MMIK001","61880_2","27.12.2022 9:05:59","27.12.2022 9:06:01"
"MMIK001","61880_2","27.12.2022 9:08:32","27.12.2022 9:08:34"
"NYAK001","61880_14","21.12.2022 14:10:23","21.12.2022 14:10:24"
"NYAK001","61880_14","21.12.2022 14:13:06","21.12.2022 14:13:06"
"NYAK001","61880_14","21.12.2022 14:15:28","21.12.2022 14:15:28"
"IGRI056","61880_2","22.12.2022 13:59:59","22.12.2022 14:00:02"
"VSHAP001","61880_2","23.12.2022 7:54:06","23.12.2022 7:54:08"
"VSHAP001","61880_2","23.12.2022 8:11:27","23.12.2022 8:11:30"
"VSHAP001","61880_2_int_date","23.12.2022 8:13:29",
"DBAKH001","61880_17_v3","24.12.2022 13:49:25","24.12.2022 13:49:44"
"SBUR012","61880_2","26.12.2022 8:28:56","26.12.2022 8:28:59"
"SBUR012","61880_2","26.12.2022 8:58:27","26.12.2022 8:58:28"
"SBUR012","61880_2","26.12.2022 9:09:55","26.12.2022 9:09:57"
"GBOL056","61880-9-NEW","22.12.2022 5:26:52","22.12.2022 5:27:02"
"GBOL056","61880-9-NEW","22.12.2022 5:27:43","22.12.2022 5:27:53"
"GBOL056","61880-9-NEW","22.12.2022 5:28:17","22.12.2022 5:28:28"
"GBOL056","61880-9-NEW","22.12.2022 5:28:54","22.12.2022 5:29:05"
"GBOL056","61880-9-NEW","22.12.2022 5:29:25","22.12.2022 5:29:35"
"GBOL056","61880-9-NEW","22.12.2022 5:30:00","22.12.2022 5:30:10"
"GBOL056","61880-9-NEW","22.12.2022 5:30:33","22.12.2022 5:30:44"
"GBOL056","61880-9-NEW","22.12.2022 5:31:08","22.12.2022 5:31:18"
"GBOL056","61880-9-NEW","22.12.2022 5:31:42","22.12.2022 5:31:52"
"IPES002","64455_1","22.12.2022 14:21:14","22.12.2022 14:21:23"
"IPES002","64455_1","22.12.2022 14:41:46","22.12.2022 14:42:04"
"IPES002","64455_1","22.12.2022 14:46:57","22.12.2022 14:47:08"
"NYAK001","61880_14","21.12.2022 14:16:55","21.12.2022 14:16:55"
"NYAK001","61880_14","21.12.2022 14:18:16","21.12.2022 14:18:16"
"NYAK001","61880_14","21.12.2022 14:20:50","21.12.2022 14:20:51"
"VSHAP001","61880_2_int_date","23.12.2022 8:13:41",
"VSHAP001","61880_2_int_date","23.12.2022 8:13:59",
"VSHAP001","61880_2_int_date","23.12.2022 8:15:45",
"VSHAP001","61880_2_int_date","23.12.2022 8:19:39",
"SBUR012","61880_19","21.12.2022 16:41:21","21.12.2022 16:41:23"
"DBAKH001","61880-9-NEW","22.12.2022 6:00:42","22.12.2022 6:01:42"
"DBAKH001","61880_17_v3","22.12.2022 6:06:12","22.12.2022 6:06:31"
"RRUS002","61880_2","22.12.2022 11:55:06","22.12.2022 11:55:08"
"RRUS002","61880_8","22.12.2022 12:00:28","22.12.2022 12:00:31"
"DBAKH001","61880_17_v3","22.12.2022 19:11:15","22.12.2022 19:11:35"
"DBAKH001","61880_17_v3","22.12.2022 19:12:08","22.12.2022 19:12:29"
"OKASYANOVA","64949","22.12.2022 19:43:24",
"OKASYANOVA","64809","22.12.2022 19:43:51",
"DBAKH001","61880_17_v3","24.12.2022 13:55:50","24.12.2022 13:56:08"
"ASUSETEST","61880-9-IÀ","26.12.2022 11:36:54","26.12.2022 11:50:38"
"NYAK001","61880_14","21.12.2022 14:22:47","21.12.2022 14:22:48"
"YUDOR001","61880_2_int_date","23.12.2022 6:41:42",
"YUDOR001","61880_2_int_date","23.12.2022 6:42:43",
"DBAKH001","61880-9-NEW","26.12.2022 7:06:46","26.12.2022 7:08:43"
"DBAKH001","61880-9-NEW","26.12.2022 7:09:46","26.12.2022 7:11:35"
"DBAKH001","61880-9-NEW","26.12.2022 7:12:02","26.12.2022 7:14:02"
"DBAKH001","61880-9-NEW","26.12.2022 7:14:51","26.12.2022 7:16:54"
"DBAKH001","61880-9-NEW","26.12.2022 7:17:55","26.12.2022 7:19:56"
"DBAKH001","61880-9-NEW","26.12.2022 7:20:48","26.12.2022 7:22:43"
"DBAKH001","61880-9-NEW","26.12.2022 7:23:15","26.12.2022 7:25:09"
"DBAKH001","61880-9-NEW","26.12.2022 7:25:34","26.12.2022 7:27:35"
"DBAKH001","61880-9-NEW","26.12.2022 7:29:58","26.12.2022 7:31:53"
"DBAKH001","61880-9-NEW","26.12.2022 7:32:47","26.12.2022 7:34:43"
"DBAKH001","61880-9-NEW","26.12.2022 7:35:10","26.12.2022 7:37:04"
"DBAKH001","61880-9-NEW","26.12.2022 7:38:16","26.12.2022 7:40:11"
"DBAKH001","61880-9-NEW","26.12.2022 7:40:41","26.12.2022 7:42:38"
"SBUR012","61759_1","22.12.2022 20:30:41","22.12.2022 20:30:41"
"VSHAP001","61880_2","23.12.2022 8:45:45","23.12.2022 8:45:48"
"VSHAP001","61880_2_int_date","23.12.2022 8:48:23",
"VSHAP001","61880_2_int_date","23.12.2022 8:55:07",
"OKASYANOVA","61880_2","23.12.2022 14:41:56","23.12.2022 14:41:58"
"OKASYANOVA","61880_2_on_date","23.12.2022 14:42:55",
"OKOK006","64455_1","24.12.2022 19:34:29","24.12.2022 19:34:34"
"GBOL056","61880_17","26.12.2022 5:17:05","26.12.2022 5:17:11"
"GBOL056","61880_17","26.12.2022 5:17:35","26.12.2022 5:17:40"
"GBOL056","61880_17","26.12.2022 8:35:57","26.12.2022 8:36:03"
"SBUR012","61880_2","26.12.2022 10:01:10","26.12.2022 10:01:12"
"ASUSETEST","61880_2","26.12.2022 11:51:39","26.12.2022 11:51:41"
"ASUSETEST","61880_20","26.12.2022 11:53:19","26.12.2022 11:53:20"
"EZAM004","64483_1","26.12.2022 14:02:25","26.12.2022 14:03:09"
"EZAM004","64483_1","26.12.2022 14:23:17","26.12.2022 14:23:51"
"EZAM004","64483_1","26.12.2022 14:37:55","26.12.2022 14:38:31"
"EZAM004","64455_1_total","26.12.2022 14:52:15","26.12.2022 14:52:18"
"MMIK001","61880_2","27.12.2022 9:11:52","27.12.2022 9:11:54"
"MMIK001","61880_2","27.12.2022 9:14:29","27.12.2022 9:14:31"
"MMIK001","61880_2","23.12.2022 7:56:36","23.12.2022 7:56:38"
"MMIK001","61880_2","23.12.2022 7:56:52","23.12.2022 7:56:54"
"IGRI056","61880_2","23.12.2022 8:38:36","23.12.2022 8:38:39"
"ASUSE","61880-9-IÀ","24.12.2022 17:39:11","24.12.2022 17:52:21"
"MMIK001","61880_2","26.12.2022 7:44:37","26.12.2022 7:44:40"
"VSHAP001","61880_2","23.12.2022 10:12:52","23.12.2022 10:12:55"
"DBAKH001","61880-9-NEW","23.12.2022 11:08:18","23.12.2022 11:31:56"
"DBAKH001","61880-9-NEW","24.12.2022 9:16:14","24.12.2022 9:38:44"
"DBAKH001","61880_17_v3","24.12.2022 9:46:12","24.12.2022 9:46:30"
"DBAKH001","61880_17_new","24.12.2022 9:50:27","24.12.2022 9:50:45"
"DBAKH001","61880_17_v3","24.12.2022 9:53:35","24.12.2022 9:53:49"
"OKASYANOVA","61880_2","21.12.2022 15:08:30","21.12.2022 15:08:32"
"OKASYANOVA","61759_1","21.12.2022 15:15:48","21.12.2022 15:15:49"
"OKASYANOVA","61880_13","21.12.2022 15:16:56","21.12.2022 15:16:58"
"OKASYANOVA","61880_19","21.12.2022 15:32:18","21.12.2022 15:32:21"
"EBEL015","64455_1","22.12.2022 6:36:16","22.12.2022 6:36:17"
"RRUS002","61880_2","23.12.2022 6:24:57","23.12.2022 6:24:59"
"RRUS002","61880_10","23.12.2022 8:33:17","23.12.2022 8:33:18"
"RRUS002","61880_10","23.12.2022 8:33:34","23.12.2022 8:33:35"
"RRUS002","61880_10","23.12.2022 8:33:50","23.12.2022 8:33:52"
"RRUS002","61880_10","23.12.2022 8:34:07","23.12.2022 8:34:09"
"RRUS002","61880_10","23.12.2022 8:34:23","23.12.2022 8:34:25"
"RRUS002","61880_10","23.12.2022 8:35:23","23.12.2022 8:35:25"
"RRUS002","61880_10","23.12.2022 8:35:50","23.12.2022 8:35:51"
"RRUS002","61880_10","23.12.2022 8:36:07","23.12.2022 8:36:09"
"RRUS002","61880_10","23.12.2022 8:36:45","23.12.2022 8:36:46"
"RRUS002","61880_10","23.12.2022 8:37:43","23.12.2022 8:37:44"
"RRUS002","61880_10","23.12.2022 8:37:58","23.12.2022 8:37:59"
"RRUS002","61880_10","23.12.2022 8:38:13","23.12.2022 8:38:14"
"RRUS002","61880_10","23.12.2022 8:38:46","23.12.2022 8:38:47"
"RRUS002","61880_10","23.12.2022 8:39:02","23.12.2022 8:39:03"
"RRUS002","61880_10","23.12.2022 8:39:17","23.12.2022 8:39:19"
"RRUS002","61880_10","23.12.2022 8:39:34","23.12.2022 8:39:35"
"OKASYANOVA","61880_2","26.12.2022 7:35:50","26.12.2022 7:35:52"
"MMIK001","61880_2","26.12.2022 7:44:57","26.12.2022 7:44:59"
"MMIK001","61880_2","26.12.2022 8:42:13","26.12.2022 8:42:15"
"OKASYANOVA","61880_19","26.12.2022 11:44:59","26.12.2022 11:45:01"
"ASUSE","61880_2_int_date","26.12.2022 12:05:30","26.12.2022 12:05:33"
"EKAR014","61880-9-NEW","26.12.2022 13:03:18","26.12.2022 13:03:30"
"EKAR014","61880_17_v3","26.12.2022 13:05:49","26.12.2022 13:06:05"
"YUDOR001","61880_2_int_date","23.12.2022 6:43:34",
"SBUR012","61880_2","23.12.2022 8:42:51","23.12.2022 8:42:53"
"SBUR012","61880_2","23.12.2022 9:02:23","23.12.2022 9:02:25"
"SBUR012","61880_2","23.12.2022 9:56:43","23.12.2022 9:56:45"
"ASAU056","64455_1","26.12.2022 10:16:47","26.12.2022 10:16:56"
"VSHAP001","61880_2_int_date","26.12.2022 10:38:05",
"ASUSE","61880_2_int_date","26.12.2022 11:28:59",
"ASUSE","61880_10","26.12.2022 11:29:35","26.12.2022 11:29:36"
"ASUSE","64949","26.12.2022 11:30:21","26.12.2022 11:30:21"
"ASUSE","61880_8","26.12.2022 11:30:38","26.12.2022 11:30:40"
"ASUSE","64455_1","26.12.2022 11:31:12","26.12.2022 11:31:14"
"ASUSE","61880_2_int_date","26.12.2022 11:32:14",
"ASUSE","61880-9-IÀ","26.12.2022 11:36:56","26.12.2022 11:50:43"
"MMIK001","61880_2","27.12.2022 9:16:39","27.12.2022 9:16:41"
"OKASYANOVA","61880_10","27.12.2022 10:22:14","27.12.2022 10:22:14"
"OKASYANOVA","61880_2","27.12.2022 10:22:30","27.12.2022 10:22:31"
"IGRI056","61880_2_int_date","27.12.2022 11:33:05","27.12.2022 11:33:08"
"IGRI056","61880_2_int_date","27.12.2022 13:49:12","27.12.2022 13:49:16"
"SBUR012","61880_2","22.12.2022 8:27:56","22.12.2022 8:27:59"
"SBUR012","61880_2","22.12.2022 8:32:31","22.12.2022 8:32:33"
"SBUR012","61880_2","22.12.2022 9:27:48","22.12.2022 9:27:51"
"EBEL015","64455_1","23.12.2022 11:22:34","23.12.2022 11:22:52"
"ASUSE","61880_2_int_date","26.12.2022 11:58:14","26.12.2022 11:58:18"
"ASUSE","61880_2_int_date","26.12.2022 12:24:31","26.12.2022 12:24:34"
"OKASYANOVA","61880_2","23.12.2022 14:09:06","23.12.2022 14:09:08"
"AGAB003","61880_2","23.12.2022 15:13:49","23.12.2022 15:13:52"
"DBAKH001","61880_17_v3","24.12.2022 9:55:56","24.12.2022 9:56:11"
"DBAKH001","61880_17_v3","24.12.2022 9:56:38","24.12.2022 9:56:53"
"VSHAP001","61759_1","21.12.2022 14:49:40","21.12.2022 14:49:41"
"NYAK001","61880_14","26.12.2022 8:33:16","26.12.2022 8:33:16"
"NYAK001","61880_10","26.12.2022 10:22:25","26.12.2022 10:22:26"
"YUDOR001","61880_2_int_date","26.12.2022 10:42:51",
"YUDOR001","61880_2_int_date","26.12.2022 10:45:56",
"ASUSE","61880_2_int_date","26.12.2022 11:39:27",
"TVYA001","61880_2","13.01.2023 13:50:16","13.01.2023 13:50:19"
"EKAR014","64809","13.01.2023 14:18:51","13.01.2023 14:19:53"
"EKAR014","64809","13.01.2023 14:27:03","13.01.2023 14:27:07"
"EKAR014","64809","13.01.2023 14:42:41","13.01.2023 14:43:37"
"VSHAP001","61880_1","13.01.2023 15:14:59","13.01.2023 15:15:03"
"YUDOR001","61880_19","30.12.2022 13:54:22","30.12.2022 13:54:24"
"DBAKH001","61880-9-NEW","09.01.2023 14:28:22","09.01.2023 14:49:33"
"RRUS002","61880_2","10.01.2023 12:19:35","10.01.2023 12:19:37"
"AKAN671","64809","13.01.2023 13:24:07",
"RRUS002","61880_2_int_date","16.01.2023 8:23:37","16.01.2023 8:23:40"
"EBOCH056","64948","16.01.2023 8:23:47","16.01.2023 8:23:49"
"RRUS002","61880_2_int_date","16.01.2023 8:24:48","16.01.2023 8:24:51"
"TNIK008","61880_19","28.12.2022 14:08:44","28.12.2022 14:08:46"
"SBUR012","61880_2","29.12.2022 8:06:29","29.12.2022 8:06:31"
"SBUR012","61880_2","29.12.2022 8:21:45","29.12.2022 8:21:47"
"SBUR012","61880_2","29.12.2022 9:02:56","29.12.2022 9:02:58"
"SVAGNER","61880_8","30.12.2022 7:36:53","30.12.2022 7:36:56"
"TNIK008","64224","09.01.2023 7:14:49",
"TNIK008","64224","09.01.2023 7:14:57",
"TNIK008","64224","09.01.2023 7:18:10","09.01.2023 7:18:14"
"OKASYANOVA","61880_2","09.01.2023 7:28:13","09.01.2023 7:28:15"
"OKASYANOVA","61880_2","09.01.2023 7:28:34","09.01.2023 7:28:36"
"OKASYANOVA","61880_2","09.01.2023 10:43:46","09.01.2023 10:43:49"
"NYAK001","64224","06.01.2023 10:34:32","06.01.2023 10:34:34"
"NYAK001","64224","06.01.2023 10:42:17","06.01.2023 10:42:18"
"NYAK001","64224","06.01.2023 10:47:11","06.01.2023 10:47:13"
"SBUR012","61880_2","29.12.2022 9:52:26","29.12.2022 9:52:28"
"SBUR012","61880_2","29.12.2022 12:00:55","29.12.2022 12:00:58"
"YUDOR001","61880_2_int_date","30.12.2022 7:12:05","30.12.2022 7:12:09"
"YUDOR001","61880_2_int_date","30.12.2022 9:00:56","30.12.2022 9:00:59"
"VSHAP001","61880_2","09.01.2023 10:43:53","09.01.2023 10:43:56"
"VSHAP001","61880_2_int_date","09.01.2023 10:50:39","09.01.2023 10:50:42"
"VSHAP001","61880_2","09.01.2023 10:53:09","09.01.2023 10:53:11"
"VSHAP001","61880_2_int_date","09.01.2023 10:57:16","09.01.2023 10:57:19"
"VSHAP001","61880_2","09.01.2023 11:02:43","09.01.2023 11:02:45"
"VSHAP001","61880_2_int_date","09.01.2023 11:06:38","09.01.2023 11:06:41"
"MMIK001","61880_2","05.01.2023 9:27:28","05.01.2023 9:27:30"
"OKASYANOVA","61880_2","09.01.2023 11:41:47","09.01.2023 11:41:49"
"OKASYANOVA","61880_2","09.01.2023 14:10:03","09.01.2023 14:10:05"
"NYAK001","64224","06.01.2023 10:52:05","06.01.2023 10:52:06"
"NYAK001","64224","06.01.2023 10:57:09","06.01.2023 10:57:10"
"NYAK001","64224","06.01.2023 11:56:57","06.01.2023 11:57:04"
"YUDOR001","61880_2_int_date","30.12.2022 9:33:43","30.12.2022 9:33:47"
"YUDOR001","61880_2_int_date","30.12.2022 9:55:19","30.12.2022 9:55:22"
"YUDOR001","61880_2_int_date","30.12.2022 10:05:17","30.12.2022 10:05:20"
"TVYA001","61880_2","29.12.2022 9:25:37","29.12.2022 9:25:39"
"VSHAP001","61880_2","09.01.2023 11:11:40","09.01.2023 11:11:42"
"VSHAP001","61880_2_int_date","09.01.2023 11:13:16","09.01.2023 11:13:19"
"VSHAP001","61880_2_int_date","09.01.2023 11:17:37","09.01.2023 11:17:40"
"VSHAP001","61880_2_int_date","09.01.2023 11:21:28","09.01.2023 11:21:32"
"VSHAP001","61880_2_int_date","09.01.2023 11:24:52","09.01.2023 11:24:55"
"VSHAP001","61880_2","09.01.2023 11:55:58","09.01.2023 11:56:00"
"IPES002","64649","29.12.2022 15:48:52","29.12.2022 15:48:53"
"EBEL015","64455_1","10.01.2023 9:47:24","10.01.2023 9:47:24"
"EBEL015","64455_1","10.01.2023 9:47:36","10.01.2023 9:47:37"
"RRUS002","61880_2","11.01.2023 13:52:53","11.01.2023 13:52:55"
"MPRI001","61880_12","28.12.2022 11:30:57","28.12.2022 11:31:06"
"YUDOR001","61880_19","29.12.2022 9:08:59","29.12.2022 9:09:01"
"YUDOR001","61880_2_int_date","29.12.2022 12:18:32","29.12.2022 12:18:36"
"YUDOR001","61880_2_int_date","29.12.2022 12:26:46","29.12.2022 12:26:50"
"YUDOR001","61880_2_int_date","30.12.2022 10:23:49","30.12.2022 10:23:53"
"ASUSE","64483_1","30.12.2022 12:13:41","30.12.2022 12:14:11"
"ASUSE","64483_1","30.12.2022 12:17:17","30.12.2022 12:17:44"
"ASUSE","64483_1","30.12.2022 14:45:17","30.12.2022 14:45:42"
"OKOK006","64809","30.12.2022 14:51:56","30.12.2022 14:51:57"
"OKOK006","61880_3","30.12.2022 15:37:56","30.12.2022 15:37:58"
"ASUSE","64483_1","30.12.2022 17:30:47","30.12.2022 17:31:14"
"NYAK001","64224","08.01.2023 10:04:18","08.01.2023 10:04:21"
"MPRI001","61759_1","29.12.2022 9:13:45","29.12.2022 9:13:46"
"TMEL156","64483_1","29.12.2022 11:12:40","29.12.2022 11:13:07"
"VSHAP001","61880_2","09.01.2023 11:58:49","09.01.2023 11:58:51"
"VSHAP001","61880_2_int_date","09.01.2023 12:29:57","09.01.2023 12:30:01"
"VSHAP001","61880_2","09.01.2023 14:01:01","09.01.2023 14:01:03"
"VSHAP001","61880_2_int_date","09.01.2023 14:02:22","09.01.2023 14:02:25"
"VSHAP001","61880_2_int_date","09.01.2023 14:15:13","09.01.2023 14:15:16"
"OKOK006","64483_1","28.12.2022 15:38:37","28.12.2022 15:39:03"
"OKOK006","64483_1","28.12.2022 15:39:19","28.12.2022 15:39:43"
"OKOK006","64455_1","28.12.2022 15:39:58","28.12.2022 15:40:00"
"OKOK006","64455_1","28.12.2022 15:42:23","28.12.2022 15:42:29"
"OKOK006","64483_1","28.12.2022 15:46:03","28.12.2022 15:46:26"
"OKOK006","64224","28.12.2022 16:19:58","28.12.2022 16:20:05"
"EKAR014","64809","13.01.2023 13:09:34",
"RRUS002","61880_2","28.12.2022 9:10:07","28.12.2022 9:10:09"
"ASAU056","64483_1","28.12.2022 10:22:37","28.12.2022 10:23:10"
"ASAU056","64483_1","28.12.2022 10:23:34","28.12.2022 10:23:59"
"ASAU056","64483_1","28.12.2022 10:24:30","28.12.2022 10:24:56"
"ASAU056","64483_1","28.12.2022 10:27:40","28.12.2022 10:28:06"
"ASAU056","64483_1","28.12.2022 10:29:45","28.12.2022 10:32:39"
"NYAK001","64224","06.01.2023 13:38:57","06.01.2023 13:38:59"
"VSHAP001","61759_1","11.01.2023 13:39:24","11.01.2023 13:39:25"
"RRUS002","61880_2","29.12.2022 9:55:54","29.12.2022 9:55:56"
"RRUS002","61880_2","29.12.2022 9:56:43","29.12.2022 9:56:45"
"SBUR012","61880_2","10.01.2023 8:41:02","10.01.2023 8:41:05"
"SBUR012","61880_2","10.01.2023 9:23:36","10.01.2023 9:23:39"
"TMAL004","61880_2","09.01.2023 9:12:56","09.01.2023 9:12:58"
"TMAL004","61880_2","09.01.2023 9:13:41","09.01.2023 9:13:43"
"IGRI056","61880_2","09.01.2023 15:08:24","09.01.2023 15:08:26"
"OKASYANOVA","61880_2","13.01.2023 14:04:48","13.01.2023 14:04:50"
"OKASYANOVA","61880_2","13.01.2023 14:05:18","13.01.2023 14:05:20"
"RRUS002","61880_2","16.01.2023 7:16:14","16.01.2023 7:16:17"
"DSTR056","64224","06.01.2023 12:32:10","06.01.2023 12:35:15"
"ASAU056","64455_1","10.01.2023 7:18:06","10.01.2023 7:18:12"
"VSHAP001","61759_1","11.01.2023 14:10:34","11.01.2023 14:10:35"
"VSHAP001","61880_19","10.01.2023 17:45:47","10.01.2023 17:45:49"
"IMOS002","61880_18","11.01.2023 10:56:12","11.01.2023 10:56:53"
"RRUS002","61880_2","12.01.2023 6:37:20","12.01.2023 6:37:22"
"RRUS002","61880_2_int_date","12.01.2023 6:43:42",
"ASUSE","61880_2","09.01.2023 15:54:55","09.01.2023 15:54:57"
"ASUSE","61880_2","09.01.2023 15:55:40","09.01.2023 15:55:42"
"ASUSE","61880_2_int_date","09.01.2023 16:30:47","09.01.2023 16:30:50"
"ASUSE","61880_2_int_date","09.01.2023 16:31:02","09.01.2023 16:31:05"
"SBUR012","61880_2","11.01.2023 9:44:23","11.01.2023 9:44:25"
"TVYA001","61880_2","29.12.2022 13:10:31","29.12.2022 13:10:33"
"SBUR012","61880_2","30.12.2022 11:10:33","30.12.2022 11:10:35"
"SBUR012","61880_2","30.12.2022 11:11:37","30.12.2022 11:11:39"
"SBUR012","61880_2","30.12.2022 12:28:18","30.12.2022 12:28:20"
"IGRI056","64948","30.12.2022 10:53:25","30.12.2022 10:53:29"
"VSHAP001","61759_1","11.01.2023 14:28:38","11.01.2023 14:28:39"
"VSHAP001","61759_1","11.01.2023 14:30:36","11.01.2023 14:30:37"
"YUDOR001","61880_8","11.01.2023 15:27:21","11.01.2023 15:27:23"
"SBUR012","61880_2","12.01.2023 6:57:35","12.01.2023 6:57:37"
"SBUR012","61880_2","12.01.2023 8:27:54","12.01.2023 8:27:56"
"SBUR012","61880_2","12.01.2023 9:21:03","12.01.2023 9:21:05"
"ASAU056","64455_1","09.01.2023 7:13:06","09.01.2023 7:13:12"
"ASAU056","64455_1","09.01.2023 7:16:41","09.01.2023 7:16:43"
"ASAU056","64455_1","09.01.2023 7:17:32","09.01.2023 7:17:35"
"YVAS004","64224","10.01.2023 10:29:50","10.01.2023 10:30:14"
"ASAU056","64455_1","09.01.2023 12:41:07","09.01.2023 12:41:14"
"VSHAP001","61880_2","11.01.2023 7:48:54","11.01.2023 7:48:56"
"VSHAP001","61880_2","11.01.2023 8:35:05","11.01.2023 8:35:07"
"VSHAP001","61759_1","11.01.2023 14:37:17","11.01.2023 14:37:18"
"VSHAP001","61759_1","11.01.2023 15:15:27","11.01.2023 15:15:28"
"VSHAP001","61759_1","11.01.2023 15:25:01","11.01.2023 15:25:01"
"IGRI056","61880_2","29.12.2022 10:19:30","29.12.2022 10:19:32"
"IGRI056","61880_2","29.12.2022 12:16:36","29.12.2022 12:16:38"
"EBOCH056","61880_2","12.01.2023 11:58:33","12.01.2023 11:58:35"
"YVAS004","64224","10.01.2023 13:46:25","10.01.2023 13:46:49"
"TNIK008","64224","11.01.2023 10:34:15","11.01.2023 10:34:18"
"TNIK008","64224","11.01.2023 10:41:45","11.01.2023 10:41:47"
"EBEL015","64455_1","10.01.2023 7:32:16","10.01.2023 7:32:17"
"EBEL015","64455_1","10.01.2023 7:33:16","10.01.2023 7:33:17"
"EBOCH056","61880_2","16.01.2023 7:32:45","16.01.2023 7:32:47"
"EBOCH056","61880_11_new","16.01.2023 7:33:20","16.01.2023 7:33:24"
"VSHAP001","61880_2","12.01.2023 8:25:30","12.01.2023 8:25:33"
"VSHAP001","61880_2","12.01.2023 8:40:50","12.01.2023 8:40:52"
"VSHAP001","61880_2","12.01.2023 14:18:10","12.01.2023 14:18:12"
"EBOCH056","61759_1","12.01.2023 12:02:02","12.01.2023 12:02:03"
"ASUSE","61880_3","12.01.2023 17:29:01","12.01.2023 17:29:02"
"SBUR012","61880_2","13.01.2023 7:26:45","13.01.2023 7:26:47"
"SBUR012","61880_2","13.01.2023 8:25:39","13.01.2023 8:25:41"
"NYAK001","64224","10.01.2023 9:11:00","10.01.2023 9:11:04"
"TNIK008","64224","11.01.2023 10:43:25","11.01.2023 10:43:26"
"MPRI001","61759_1","11.01.2023 12:10:05","11.01.2023 12:10:06"
"EBOCH056","64948","10.01.2023 10:08:28","10.01.2023 10:08:31"
"EBOCH056","61880_19","10.01.2023 10:10:18","10.01.2023 10:10:20"
"EBOCH056","61880_2","10.01.2023 10:15:18","10.01.2023 10:15:20"
"EBOCH056","61880_8","10.01.2023 12:45:40","10.01.2023 12:45:43"
"VSHAP001","61880_2","12.01.2023 14:20:43","12.01.2023 14:20:45"
"VSHAP001","61880_2","12.01.2023 14:22:20","12.01.2023 14:22:22"
"ASUSE","61880_3","13.01.2023 10:08:46","13.01.2023 10:08:48"
"VSHAP001","61880_2","16.01.2023 8:14:07","16.01.2023 8:14:09"
"AGAB003","61880-9-NEW","16.01.2023 8:48:19","16.01.2023 8:48:40"
"MPRI001","61759_1","09.01.2023 12:12:33","09.01.2023 12:12:34"
"MPRI001","61759_1","09.01.2023 12:19:14","09.01.2023 12:19:15"
"YUDOR001","64948","10.01.2023 9:55:42","10.01.2023 9:55:45"
"YUDOR001","64949","10.01.2023 10:12:31","10.01.2023 10:12:32"
"ILES001","64224","12.01.2023 8:12:06","12.01.2023 8:12:08"
"ILES001","64224","12.01.2023 8:12:29","12.01.2023 8:12:32"
"ILES001","64224","12.01.2023 8:13:53","12.01.2023 8:13:59"
"EBOCH056","61880_2_on_date","12.01.2023 11:57:15",
"IMOS002","61880_2","10.01.2023 15:59:15","10.01.2023 15:59:18"
"IMOS002","61880_2","10.01.2023 16:20:27","10.01.2023 16:20:29"
"EBOCH056","64948","16.01.2023 7:33:51","16.01.2023 7:33:53"
"EBOCH056","64948","16.01.2023 7:55:07","16.01.2023 7:55:10"
"TNIK008","64224","16.01.2023 7:59:42","16.01.2023 7:59:58"
"MMIK001","61880_2","16.01.2023 8:09:09","16.01.2023 8:09:11"
"ASAU056","64483_1","28.12.2022 10:53:00","28.12.2022 10:53:28"
"ASAU056","64483_1","28.12.2022 10:54:06","28.12.2022 10:54:34"
"ASAU056","64483_1","28.12.2022 10:56:57","28.12.2022 10:57:23"
"ASAU056","64483_1","28.12.2022 12:10:32","28.12.2022 12:10:58"
"ASAU056","64483_1","28.12.2022 12:13:14","28.12.2022 12:13:43"
"ASAU056","64455_1_total","28.12.2022 12:26:50","28.12.2022 12:26:54"
"MPRI001","61880_12","28.12.2022 14:52:22","28.12.2022 14:52:31"
"NYAK001","64224","28.12.2022 16:26:33","28.12.2022 16:26:39"
"SBUR012","61880_2","30.12.2022 8:04:10","30.12.2022 8:04:12"
"YUDOR001","61880_2","10.01.2023 10:15:59","10.01.2023 10:16:01"
"YUDOR001","61880_2_int_date","10.01.2023 10:16:38","10.01.2023 10:16:42"
"YUDOR001","61880_2_int_date","10.01.2023 10:19:34","10.01.2023 10:19:38"
"IGRI056","61880_2","11.01.2023 12:36:32","11.01.2023 12:36:35"
"VSHAP001","61880_2","13.01.2023 7:43:17","13.01.2023 7:43:19"
"GBOL056","61880_3","09.01.2023 8:05:52","09.01.2023 8:05:52"
"DBAKH001","61880-9-NEW","10.01.2023 6:15:42","10.01.2023 6:35:36"
"ASUSE","64224","12.01.2023 12:56:56","12.01.2023 12:57:56"
"EBEL015","64455_1","12.01.2023 14:08:31","12.01.2023 14:08:32"
"VSHAP001","61880_2","12.01.2023 18:00:03","12.01.2023 18:00:05"
"OKOK006","63051","13.01.2023 11:05:46","13.01.2023 11:07:42"
"OKOK006","61880_8","13.01.2023 12:38:34",
"OKOK006","61880_8","13.01.2023 12:38:47","13.01.2023 12:38:49"
"OKOK006","61880_8","13.01.2023 12:40:14","13.01.2023 12:40:16"
"SBUR012","61880_2","16.01.2023 8:19:33","16.01.2023 8:19:35"
"SBUR012","61880_2","30.12.2022 8:42:03","30.12.2022 8:42:05"
"SBUR012","61880_2","30.12.2022 9:04:51","30.12.2022 9:04:54"
"SBUR012","61880_2","30.12.2022 9:24:10","30.12.2022 9:24:12"
"SBUR012","61880_2","30.12.2022 9:47:50","30.12.2022 9:47:52"
"VSHAP001","61880_2_int_date","28.12.2022 8:29:57","28.12.2022 8:30:00"
"VSHAP001","61880_2_int_date","28.12.2022 9:20:42","28.12.2022 9:20:45"
"VSHAP001","61880_2_int_date","28.12.2022 9:40:43","28.12.2022 9:40:46"
"VSHAP001","61880_2","13.01.2023 9:03:06","13.01.2023 9:03:08"
"VSHAP001","61880_2","13.01.2023 9:07:28","13.01.2023 9:07:31"
"SBUR012","61880_2","13.01.2023 9:12:51","13.01.2023 9:12:53"
"IPES002","64483_1","29.12.2022 9:44:17","29.12.2022 9:44:53"
"EBEL015","64455_1","03.01.2023 7:56:49","03.01.2023 7:56:50"
"NYAK001","64224","04.01.2023 15:28:34","04.01.2023 15:28:38"
"NYAK001","64224","04.01.2023 15:53:45","04.01.2023 15:53:49"
"ILES001","64224","30.12.2022 6:07:40","30.12.2022 6:07:49"
"OKASYANOVA","61880_2","31.12.2022 10:48:49","31.12.2022 10:48:51"
"OKASYANOVA","61880_2","31.12.2022 10:49:14","31.12.2022 10:49:16"
"OKASYANOVA","61880_2_on_date","31.12.2022 10:50:40",
"OKASYANOVA","61880_2_int_date","31.12.2022 10:50:53",
"VSHAP001","61880_2","28.12.2022 9:48:42","28.12.2022 9:48:44"
"VSHAP001","61880_2","28.12.2022 9:50:27","28.12.2022 9:50:30"
"VSHAP001","61880_2","28.12.2022 10:22:40","28.12.2022 10:22:43"
"VSHAP001","61880_2_int_date","28.12.2022 10:25:42","28.12.2022 10:25:46"
"VSHAP001","61880_2","10.01.2023 8:24:41","10.01.2023 8:24:43"
"VSHAP001","61880_2","10.01.2023 9:57:48","10.01.2023 9:57:51"
"VSHAP001","61880_19","10.01.2023 13:47:26","10.01.2023 13:47:26"
"NYAK001","64224","04.01.2023 15:58:11","04.01.2023 15:58:30"
"NYAK001","64224","04.01.2023 15:59:03","04.01.2023 15:59:06"
"TMAL004","61880_2","06.01.2023 10:04:27","06.01.2023 10:04:30"
"RRUS002","61880_2","05.01.2023 9:16:08","05.01.2023 9:16:11"
"RRUS002","61880_13","05.01.2023 9:45:22","05.01.2023 9:45:30"
"RRUS002","64949","05.01.2023 9:49:32",
"OKOK006","61880_2_int_date","10.01.2023 12:05:49","10.01.2023 12:05:53"
"OKOK006","61880_2","10.01.2023 12:05:58","10.01.2023 12:06:01"
"SBUR012","61880_2","11.01.2023 8:31:02","11.01.2023 8:31:04"
"SBUR012","61880_2","28.12.2022 9:34:01","28.12.2022 9:34:03"
"SBUR012","61880_19","28.12.2022 13:31:09","28.12.2022 13:31:11"
"NSYS002","61880_20","30.12.2022 8:27:11","30.12.2022 8:27:12"
"MMIK001","61880_2","30.12.2022 15:11:27","30.12.2022 15:11:29"
"MMIK001","61880_2","30.12.2022 15:18:50","30.12.2022 15:18:52"
"DBAKH001","61880-9-NEW","09.01.2023 12:04:33","09.01.2023 12:25:05"
"DBAKH001","61880-9-NEW","09.01.2023 12:35:28","09.01.2023 12:55:36"
"RRUS002","61880_2_int_date","12.01.2023 11:32:20","12.01.2023 11:32:23"
"VSHAP001","61880_2","13.01.2023 9:20:24","13.01.2023 9:20:26"
"ASUSE","64948","13.01.2023 10:39:38","13.01.2023 10:39:41"
"ASUSE","64948","13.01.2023 10:47:38","13.01.2023 10:47:41"
"EBEL015","64455_1","13.01.2023 11:51:27","13.01.2023 11:51:28"
"YVAS004","64224","06.01.2023 17:38:54","06.01.2023 17:38:56"
"SBUR012","61880_2","09.01.2023 6:06:18","09.01.2023 6:06:20"
"SBUR012","61880_2","09.01.2023 6:22:30","09.01.2023 6:22:32"
"SBUR012","61880_2","11.01.2023 9:06:57","11.01.2023 9:06:59"
"SBUR012","61880_2","11.01.2023 13:32:00","11.01.2023 13:32:02"
"SBUR012","61880_2","11.01.2023 13:34:40","11.01.2023 13:34:42"
"RRUS002","61880_2_int_date","12.01.2023 6:36:01",
"MMIK001","61880_2","30.12.2022 15:20:55","30.12.2022 15:20:57"
"MMIK001","61880_2","30.12.2022 15:43:58","30.12.2022 15:44:00"
"VSHAP001","61880_2_int_date","09.01.2023 8:18:10","09.01.2023 8:18:13"
"VSHAP001","61880_2_int_date","09.01.2023 8:18:55","09.01.2023 8:18:59"
"VSHAP001","61880_2_int_date","09.01.2023 8:22:18","09.01.2023 8:22:22"
"VSHAP001","61880_2","09.01.2023 8:56:58","09.01.2023 8:57:00"
"VSHAP001","61880_2_int_date","09.01.2023 9:11:38","09.01.2023 9:11:41"
"VSHAP001","61880_2_int_date","09.01.2023 9:16:21","09.01.2023 9:16:24"
"TVYA001","61880_2","09.01.2023 8:39:05","09.01.2023 8:39:07"
"RRUS002","61880_2","13.01.2023 12:25:09","13.01.2023 12:25:11"
"AKAN671","64809","13.01.2023 13:09:13",
"EKAR014","64809","13.01.2023 13:20:34",
"SBUR012","61880_2","28.12.2022 8:52:32","28.12.2022 8:52:34"
"SBUR012","61880_2","09.01.2023 8:12:15","09.01.2023 8:12:16"
"SBUR012","61880_2","09.01.2023 12:15:45","09.01.2023 12:15:47"
"VSHAP001","61880_2","29.12.2022 17:18:51","29.12.2022 17:18:54"
"NYAK001","64224","10.01.2023 14:40:55","10.01.2023 14:41:21"
"VSHAP001","61759_1","10.01.2023 17:44:06","10.01.2023 17:44:07"
"VSHAP001","61880_2","29.12.2022 7:51:56","29.12.2022 7:51:58"
"GBOL056","61880-9-NEW","29.12.2022 12:33:51","29.12.2022 12:34:31"
"GBOL056","61880-9-NEW","29.12.2022 12:44:50","29.12.2022 12:44:54"
"IGRI056","61880_2","09.01.2023 10:09:10","09.01.2023 10:09:12"
"VSHAP001","61880_2","09.01.2023 10:24:04","09.01.2023 10:24:06"
"VSHAP001","61880_2_int_date","09.01.2023 10:36:43","09.01.2023 10:36:47"
"VSHAP001","61880_2_int_date","09.01.2023 10:41:47","09.01.2023 10:41:51"
"IGRI056","61880_2","19.01.2023 8:07:10","19.01.2023 8:07:12"
"RRUS002","61880_2","19.01.2023 8:27:13","19.01.2023 8:27:15"
"EZAM004","64455_1","19.01.2023 8:53:34","19.01.2023 8:53:35"
"AKAN671","61880_2","19.01.2023 8:42:04","19.01.2023 8:42:06"
"AKAN671","64809","19.01.2023 8:44:26",
"TVYA001","61880_2","19.01.2023 15:44:12","19.01.2023 15:44:14"
"YUDOR001","61880_19","19.01.2023 16:17:57","19.01.2023 16:17:59"
"VSHAP001","61880_2","19.01.2023 8:25:43","19.01.2023 8:25:45"
"VSHAP001","61880_2","19.01.2023 9:12:58","19.01.2023 9:13:01"
"VSHAP001","61880_19","19.01.2023 9:15:34","19.01.2023 9:15:36"
"VSHAP001","61880_2","17.01.2023 8:34:27","17.01.2023 8:34:30"
"VSHAP001","61880_1","17.01.2023 9:17:46","17.01.2023 9:17:49"
"VSHAP001","61880_2","17.01.2023 11:03:44","17.01.2023 11:03:47"
"EBEL015","64455_1","16.01.2023 13:45:24","16.01.2023 13:45:25"
"EZAM004","64455_1","19.01.2023 9:25:53","19.01.2023 9:25:53"
"EBEL015","64455_1","19.01.2023 9:29:38","19.01.2023 9:29:39"
"VSHAP001","61880_2","19.01.2023 11:34:52","19.01.2023 11:34:55"
"EDEM011","64483_1","17.01.2023 8:28:09","17.01.2023 8:28:35"
"YUDOR001","61880_19","19.01.2023 16:20:29","19.01.2023 16:20:31"
"YUDOR001","61880_19","19.01.2023 16:23:06","19.01.2023 16:23:07"
"YUDOR001","61880_19","19.01.2023 17:30:32","19.01.2023 17:30:34"
"AGAB003","61880_3","16.01.2023 9:26:26","16.01.2023 9:26:27"
"OPRI005","61880_19","17.01.2023 12:48:42","17.01.2023 12:48:45"
"OPRI005","61880_19","17.01.2023 13:33:13","17.01.2023 13:33:15"
"VSHAP001","61880_2","19.01.2023 9:17:56","19.01.2023 9:17:58"
"VSHAP001","61759_1","17.01.2023 13:12:57","17.01.2023 13:12:58"
"IGRI056","61880_2","18.01.2023 9:01:52","18.01.2023 9:01:54"
"IGRI056","61880_2","18.01.2023 9:19:53","18.01.2023 9:19:55"
"VSHAP001","61880_19","19.01.2023 11:39:24","19.01.2023 11:39:26"
"EBEL015","64455_1","19.01.2023 11:45:34","19.01.2023 11:45:35"
"EBEL015","64455_1","19.01.2023 11:55:00","19.01.2023 11:55:01"
"AELK671","61880_8","18.01.2023 15:25:12","18.01.2023 15:25:15"
"AELK671","61880_19","18.01.2023 15:26:24","18.01.2023 15:26:26"
"AELK671","61880_7","18.01.2023 15:34:59","18.01.2023 15:34:59"
"VSHAP001","61880_19","19.01.2023 9:24:57","19.01.2023 9:24:59"
"RRUS002","61880_2","19.01.2023 9:59:26","19.01.2023 9:59:29"
"ASAU056","64455_1_total","19.01.2023 13:37:21","19.01.2023 13:37:24"
"OPRI005","61880_19","20.01.2023 6:38:54","20.01.2023 6:38:55"
"OKASYANOVA","61880_2","16.01.2023 11:50:08","16.01.2023 11:50:10"
"OKASYANOVA","61880_2","16.01.2023 11:50:51","16.01.2023 11:50:53"
"ASUSE","64483_1","16.01.2023 14:08:11","16.01.2023 14:11:07"
"NYAK001","61880_10","18.01.2023 16:03:37","18.01.2023 16:03:38"
"NYAK001","61880_10","18.01.2023 16:04:29","18.01.2023 16:04:30"
"NYAK001","61880_14","18.01.2023 16:05:43","18.01.2023 16:05:47"
"EBOCH056","61880_2","19.01.2023 12:07:42","19.01.2023 12:07:44"
"EBEL015","64455_1","19.01.2023 12:17:32","19.01.2023 12:17:33"
"DBAKH001","61880-9-NEW","19.01.2023 12:20:49","19.01.2023 12:20:56"
"VSHAP001","61759_1","19.01.2023 12:21:22","19.01.2023 12:21:23"
"MPRI001","61759_1","18.01.2023 13:14:59","18.01.2023 13:15:00"
"AELK671","61880_7","18.01.2023 15:36:21","18.01.2023 15:36:21"
"OKASYANOVA","61880_2","18.01.2023 15:44:23","18.01.2023 15:44:26"
"ASUSE","64483_1","19.01.2023 18:26:49","19.01.2023 18:27:22"
"ASUSE","64483_1","19.01.2023 18:28:04",
"OPRI005","61880_19","20.01.2023 6:40:54","20.01.2023 6:40:55"
"OPRI005","61880_19","20.01.2023 6:44:18","20.01.2023 6:44:19"
"OPRI005","61880_19","20.01.2023 6:44:40","20.01.2023 6:44:41"
"EBOCH056","61880_2","17.01.2023 8:56:41","17.01.2023 8:56:43"
"EBOCH056","61880_2","17.01.2023 9:01:05","17.01.2023 9:01:07"
"IGRI056","61880_2","19.01.2023 7:59:26","19.01.2023 7:59:28"
"AGAB003","64809","16.01.2023 13:59:08","16.01.2023 13:59:09"
"AGAB003","64809","16.01.2023 13:59:31","16.01.2023 13:59:32"
"AGAB003","64809","16.01.2023 14:00:37","16.01.2023 14:00:38"
"VSHAP001","61880_2","19.01.2023 13:07:45","19.01.2023 13:07:47"
"OKASYANOVA","61880_2","18.01.2023 15:45:18","18.01.2023 15:45:20"
"AELK671","61880_19","18.01.2023 15:48:00","18.01.2023 15:48:01"
"AELK671","61880_19","18.01.2023 15:48:22","18.01.2023 15:48:23"
"ASUSE","64483_1","19.01.2023 18:38:36","19.01.2023 18:40:56"
"ASUSE","64483_1","19.01.2023 19:16:48","19.01.2023 19:17:14"
"ASUSE","64483_1","19.01.2023 19:18:05",
"ASUSE","64483_1","19.01.2023 19:18:23",
"ASUSE","64483_1","19.01.2023 19:20:23",
"ASUSE","64483_1","19.01.2023 19:20:49","19.01.2023 19:21:14"
"ASUSE","64483_1","19.01.2023 19:22:18","19.01.2023 19:22:45"
"RRUS002","61880_19","20.01.2023 6:48:27","20.01.2023 6:48:29"
"OPRI005","61880_19","20.01.2023 6:50:07","20.01.2023 6:50:08"
"OPRI005","61880_19","20.01.2023 6:50:40","20.01.2023 6:50:41"
"IGRI056","61880_2","19.01.2023 8:00:19","19.01.2023 8:00:21"
"IGRI056","61880_2","19.01.2023 8:01:26","19.01.2023 8:01:28"
"IGRI056","61880_2","19.01.2023 8:02:11","19.01.2023 8:02:13"
"AGAB003","64809","16.01.2023 12:45:11","16.01.2023 12:45:12"
"VSHAP001","61880_2","19.01.2023 13:25:19","19.01.2023 13:25:22"
"VSHAP001","61880_2","19.01.2023 13:42:56","19.01.2023 13:42:59"
"AELK671","61880_2","18.01.2023 15:50:23","18.01.2023 15:50:25"
"AELK671","61880_1","18.01.2023 16:28:38","18.01.2023 16:28:41"
"AELK671","61880_12","18.01.2023 16:29:19","18.01.2023 16:29:26"
"AELK671","61880_11_new","18.01.2023 16:29:57","18.01.2023 16:30:00"
"AELK671","61880_20","18.01.2023 16:30:54","18.01.2023 16:30:55"
"AELK671","61880_10","18.01.2023 16:31:51","18.01.2023 16:31:52"
"NYAK001","61880_14","18.01.2023 10:17:38","18.01.2023 10:17:42"
"NYAK001","61880_14","18.01.2023 10:27:18","18.01.2023 10:27:22"
"NYAK001","61880_14","18.01.2023 10:32:44","18.01.2023 10:32:44"
"OSER006","61880_19","17.01.2023 9:05:55","17.01.2023 9:05:56"
"OSER006","61880_19","17.01.2023 9:06:04","17.01.2023 9:06:06"
"OSER006","61880_19","17.01.2023 9:07:01","17.01.2023 9:07:01"
"OSER006","61880_19","17.01.2023 9:07:07","17.01.2023 9:07:09"
"RRUS002","61880_2","19.01.2023 6:28:23","19.01.2023 6:28:26"
"RRUS002","61880_2_int_date","19.01.2023 6:40:25","19.01.2023 6:40:27"
"AKAN671","61880-9-all","19.01.2023 8:57:34",
"AKAN671","61880_7","19.01.2023 9:02:27","19.01.2023 9:02:28"
"GBOL056","61880_17_new","19.01.2023 14:08:13","19.01.2023 14:08:32"
"SBUR012","61880_2","16.01.2023 8:59:58","16.01.2023 9:00:00"
"EBEL015","64455_1_total","17.01.2023 7:15:01","17.01.2023 7:15:02"
"EBEL015","64455_1_total","17.01.2023 7:16:51","17.01.2023 7:16:55"
"EBEL015","64483_1","17.01.2023 7:22:11","17.01.2023 7:22:37"
"EBEL015","64483_1","17.01.2023 7:28:53","17.01.2023 7:29:18"
"EBEL015","64483_1","17.01.2023 7:35:10",
"EBEL015","64483_1","17.01.2023 7:35:20",
"EBEL015","64483_1","17.01.2023 7:35:37",
"EBEL015","64483_1","17.01.2023 7:37:12","17.01.2023 7:37:50"
"OKOK006","64224","17.01.2023 11:17:12","17.01.2023 11:23:35"
"AELK671","61759_1","18.01.2023 16:32:32","18.01.2023 16:32:33"
"NYAK001","61880_14","18.01.2023 10:33:57","18.01.2023 10:33:58"
"NYAK001","61880_14","18.01.2023 10:35:02","18.01.2023 10:35:02"
"NYAK001","61880_14","18.01.2023 10:36:13","18.01.2023 10:36:14"
"OSER006","61880_19","17.01.2023 9:08:11","17.01.2023 9:08:11"
"OSER006","61880_19","17.01.2023 9:08:16","17.01.2023 9:08:17"
"EBEL015","64455_1","18.01.2023 6:40:18","18.01.2023 6:40:19"
"EBEL015","64455_1","18.01.2023 7:40:39","18.01.2023 7:40:40"
"EBEL015","64455_1_total","18.01.2023 8:02:51","18.01.2023 8:02:52"
"TVYA001","61880_2","16.01.2023 10:36:06","16.01.2023 10:36:08"
"EBOCH056","61880_2","19.01.2023 6:40:57","19.01.2023 6:41:00"
"EBOCH056","61880_10","19.01.2023 6:45:25","19.01.2023 6:45:26"
"EBOCH056","61880_10","19.01.2023 6:45:36","19.01.2023 6:45:36"
"EBOCH056","61880_10","19.01.2023 6:45:48","19.01.2023 6:45:49"
"EBOCH056","61880_10","19.01.2023 6:46:14","19.01.2023 6:46:15"
"EBOCH056","61880_10","19.01.2023 6:46:24","19.01.2023 6:46:25"
"EBOCH056","61880_10","19.01.2023 6:46:33","19.01.2023 6:46:34"
"EBOCH056","61880_10","19.01.2023 6:46:58","19.01.2023 6:46:58"
"EBOCH056","61880_1","19.01.2023 6:47:18","19.01.2023 6:47:20"
"OKASYANOVA","61880_2","18.01.2023 18:02:26","18.01.2023 18:02:29"
"ASUSE","64224","19.01.2023 10:51:50","19.01.2023 10:56:27"
"ASUSE","61880_19","19.01.2023 17:30:46","19.01.2023 17:30:48"
"IMOS002","61880_2","16.01.2023 11:55:05","16.01.2023 11:55:07"
"IMOS002","61880_2","16.01.2023 11:55:19","16.01.2023 11:55:22"
"IMOS002","61880_2","16.01.2023 13:35:57","16.01.2023 13:35:59"
"IMOS002","61880_2","16.01.2023 15:48:39","16.01.2023 15:48:41"
"TVYA001","61880_2","18.01.2023 7:01:45","18.01.2023 7:01:48"
"EBEL015","64455_1","18.01.2023 8:46:24","18.01.2023 8:46:24"
"NYAK001","61880_14","18.01.2023 10:59:57","18.01.2023 10:59:57"
"EDEM011","64483_1","17.01.2023 7:12:38","17.01.2023 7:13:03"
"EDEM011","64483_1","17.01.2023 7:17:06","17.01.2023 7:17:47"
"EDEM011","64483_1","17.01.2023 8:25:35",
"EBOCH056","61880_1","19.01.2023 6:47:44","19.01.2023 6:47:46"
"EBOCH056","61880_19","19.01.2023 6:48:23","19.01.2023 6:48:25"
"EBOCH056","61880_2","19.01.2023 6:50:33","19.01.2023 6:50:36"
"ASUSE","61880_19","19.01.2023 17:32:51","19.01.2023 17:32:53"
"ASUSE","64948","19.01.2023 17:33:06","19.01.2023 17:33:10"
"OSER006","61880_19","19.01.2023 17:37:07","19.01.2023 17:37:08"
"OSER006","61880_19","19.01.2023 17:43:07","19.01.2023 17:43:09"
"IMOS002","61880_2","16.01.2023 15:49:05","16.01.2023 15:49:07"
"IMOS002","61880_2","16.01.2023 16:45:00","16.01.2023 16:45:03"
"EBEL015","64483_1","17.01.2023 7:04:41","17.01.2023 7:07:30"
"RRUS002","61880_2","17.01.2023 7:33:51","17.01.2023 7:33:54"
"VSHAP001","61880_2","16.01.2023 9:15:44","16.01.2023 9:15:46"
"ASAU056","64455_1","16.01.2023 13:51:11","16.01.2023 13:51:16"
"NYAK001","61880_14","18.01.2023 11:17:59","18.01.2023 11:18:04"
"AELK671","61880_8","18.01.2023 13:41:37",
"EBOCH056","61880_2","19.01.2023 6:53:03","19.01.2023 6:53:05"
"EBOCH056","61880_2","19.01.2023 6:54:03","19.01.2023 6:54:05"
"EBOCH056","61880_2","19.01.2023 7:06:34","19.01.2023 7:06:36"
"OSER006","61880_19","19.01.2023 17:43:12","19.01.2023 17:43:13"
"YUDOR001","61880_19","19.01.2023 19:08:02","19.01.2023 19:08:03"
"SBUR012","61759_1","19.01.2023 21:51:39","19.01.2023 21:51:40"
"NYAK001","61880_14","18.01.2023 10:39:44","18.01.2023 10:39:45"
"NYAK001","61880_14","18.01.2023 10:56:39","18.01.2023 10:56:43"
"EBEL015","64455_1","18.01.2023 12:48:27","18.01.2023 12:48:28"
"AELK671","61880_8","18.01.2023 13:41:46",
"AELK671","61880_8","18.01.2023 13:43:10","18.01.2023 13:43:13"
"AELK671","61880_1","18.01.2023 13:45:15","18.01.2023 13:45:18"
"AELK671","61880_12","18.01.2023 13:47:46","18.01.2023 13:47:53"
"OKASYANOVA","61880_19","19.01.2023 7:05:58","19.01.2023 7:06:00"
"EBOCH056","61880_2","19.01.2023 7:07:05","19.01.2023 7:07:07"
"SBUR012","61880_2","19.01.2023 8:12:30","19.01.2023 8:12:33"
"SBUR012","61880_2","18.01.2023 8:18:52","18.01.2023 8:18:55"
"SBUR012","61880_2","18.01.2023 8:42:18","18.01.2023 8:42:21"
"GBOL056","61880_3","19.01.2023 8:55:46","19.01.2023 8:55:47"
"OPRI005","61880_19","20.01.2023 6:06:13","20.01.2023 6:06:15"
"VSHAP001","61759_1","18.01.2023 8:00:27","18.01.2023 8:00:28"
"VSHAP001","61880_2","18.01.2023 8:59:24","18.01.2023 8:59:26"
"VSHAP001","61880_2","18.01.2023 9:51:29","18.01.2023 9:51:31"
"ASAU056","64483_1","18.01.2023 13:19:09","18.01.2023 13:19:47"
"ASAU056","64455_1_total","18.01.2023 13:43:22","18.01.2023 13:43:26"
"ASAU056","64455_1","18.01.2023 13:47:26","18.01.2023 13:47:34"
"AELK671","61880_11_new","18.01.2023 13:48:30","18.01.2023 13:48:33"
"AELK671","61880_2","18.01.2023 13:49:25","18.01.2023 13:49:27"
"AELK671","61880_20","18.01.2023 13:50:13","18.01.2023 13:50:14"
"AELK671","61880_10","18.01.2023 13:50:58","18.01.2023 13:50:58"
"SBUR012","61880_2","19.01.2023 8:30:52","19.01.2023 8:30:55"
"SBUR012","61880_2","19.01.2023 8:54:09","19.01.2023 8:54:11"
"ASUSE","61880_14","19.01.2023 14:21:19","19.01.2023 14:21:24"
"EZAM004","64455_1","17.01.2023 15:09:35","17.01.2023 15:09:36"
"EBEL015","64455_1","19.01.2023 7:49:35","19.01.2023 7:49:36"
"EBEL015","64455_1","19.01.2023 9:21:41","19.01.2023 9:21:42"
"EBEL015","64455_1","19.01.2023 9:22:33","19.01.2023 9:22:34"
"EBOCH056","61880_2","18.01.2023 7:46:40","18.01.2023 7:46:42"
"EBOCH056","61880_2","18.01.2023 7:47:38","18.01.2023 7:47:40"
"VSHAP001","61880_2","18.01.2023 11:15:03","18.01.2023 11:15:06"
"RRUS002","61880_2","18.01.2023 8:35:00","18.01.2023 8:35:02"
"AELK671","61759_1","18.01.2023 13:52:21","18.01.2023 13:52:22"
"GBOL056","61880_3","18.01.2023 13:56:02","18.01.2023 13:56:03"
"AGAB003","61880_2","18.01.2023 15:10:59","18.01.2023 15:11:01"
"EBOCH056","61880_2","16.01.2023 9:04:05","16.01.2023 9:04:07"
"VSHAP001","61880_2","19.01.2023 14:26:52","19.01.2023 14:26:54"
"OSER006","61880_19","19.01.2023 14:38:33","19.01.2023 14:38:34"
"OSER006","61880_10","19.01.2023 14:40:15","19.01.2023 14:40:16"
"GBOL056","61880_3","19.01.2023 14:44:28","19.01.2023 14:44:29"
"GBOL056","61880_3","19.01.2023 14:45:03","19.01.2023 14:45:04"
"RRUS002","61880_2","19.01.2023 12:20:02","19.01.2023 12:20:05"
"RRUS002","61880_19","19.01.2023 12:25:51","19.01.2023 12:25:53"
"RRUS002","61880_2","19.01.2023 13:36:21","19.01.2023 13:36:23"
"IPES002","64455_1_total","19.01.2023 13:36:58","19.01.2023 13:37:02"
"IPES002","64455_1_total","19.01.2023 13:44:23","19.01.2023 13:44:27"
"IPES002","64455_1_total","19.01.2023 13:45:00","19.01.2023 13:45:04"
"IPES002","64455_1_total","19.01.2023 13:45:47","19.01.2023 13:45:48"
"IPES002","64455_1_total","19.01.2023 13:46:11","19.01.2023 13:46:15"
"VSHAP001","61880_2","18.01.2023 11:22:30","18.01.2023 11:22:32"
"VSHAP001","61880_2","18.01.2023 12:12:37","18.01.2023 12:12:39"
"VSHAP001","61880_2","18.01.2023 12:57:27","18.01.2023 12:57:30"
"IGRI056","61880_2","19.01.2023 8:03:05","19.01.2023 8:03:07"
"NYAK001","61880_14","19.01.2023 8:03:50","19.01.2023 8:03:54"
"IGRI056","61880_2","19.01.2023 8:03:59","19.01.2023 8:04:01"
"VSHAP001","61880_2","16.01.2023 10:29:26","16.01.2023 10:29:29"
"VSHAP001","61880_2","16.01.2023 10:32:40","16.01.2023 10:32:42"
"ASUSE","61880_19","19.01.2023 15:07:10","19.01.2023 15:07:12"
"ASAU056","64455_1","16.01.2023 13:42:20","16.01.2023 13:42:29"
"RRUS002","61880_19","20.01.2023 6:20:10","20.01.2023 6:20:12"
"RRUS002","61880_2","20.01.2023 6:29:51","20.01.2023 6:29:54"
"EBEL015","64455_1","17.01.2023 8:36:25","17.01.2023 8:36:26"
"EBEL015","64455_1_total","17.01.2023 11:39:16","17.01.2023 11:39:17"
"EBEL015","64455_1_total","17.01.2023 11:39:30","17.01.2023 11:39:31"
"EBEL015","64483_1","17.01.2023 11:39:58","17.01.2023 11:40:36"
"EBEL015","64455_1_total","17.01.2023 11:47:23","17.01.2023 11:47:24"
"EBEL015","64455_1_total","17.01.2023 11:47:33","17.01.2023 11:47:34"
"OKASYANOVA","61880_2","18.01.2023 13:45:21","18.01.2023 13:45:23"
"OKASYANOVA","61880_2","18.01.2023 13:47:22","18.01.2023 13:47:24"
"SBUR012","61880_2","17.01.2023 8:39:52","17.01.2023 8:39:54"
"SBUR012","61880_2","17.01.2023 8:45:32","17.01.2023 8:45:34"
"SBUR012","61880_2","17.01.2023 11:05:36","17.01.2023 11:05:38"
"SBUR012","61759_1","19.01.2023 15:11:55","19.01.2023 15:11:56"
"ASUSE","61880_19","19.01.2023 15:16:25","19.01.2023 15:16:25"
"ASUSE","61880_19","19.01.2023 15:16:36","19.01.2023 15:16:36"
"EDEM011","64483_1","16.01.2023 12:16:22","16.01.2023 12:19:28"
"TVYA001","61880_2","17.01.2023 15:52:16","17.01.2023 15:52:18"
"OPRI005","61880_19","20.01.2023 6:32:54","20.01.2023 6:32:56"
"OPRI005","61880_19","20.01.2023 6:33:05","20.01.2023 6:33:06"
"EBEL015","64455_1","18.01.2023 16:17:34","18.01.2023 16:17:35"
"VSHAP001","61759_1","18.01.2023 16:43:52","18.01.2023 16:43:53"
"TVYA001","61880_2","19.01.2023 7:38:31","19.01.2023 7:38:33"
"IGRI056","61880_2","19.01.2023 8:04:52","19.01.2023 8:04:54"
"IGRI056","61880_2","19.01.2023 8:05:13","19.01.2023 8:05:15"
"IGRI056","61880_2","19.01.2023 8:06:14","19.01.2023 8:06:16"
"ASUSE","61880_19","19.01.2023 15:16:44","19.01.2023 15:16:44"
"ASUSE","61880_19","19.01.2023 15:16:48","19.01.2023 15:16:49"
"SBUR012","61880_19","19.01.2023 15:20:08","19.01.2023 15:20:10"
"VSHAP001","61759_1","19.01.2023 7:31:23","19.01.2023 7:31:24"
"VSHAP001","61880_2","19.01.2023 7:41:09","19.01.2023 7:41:11"
"VSHAP001","61880_19","19.01.2023 8:00:47","19.01.2023 8:00:48"
"IGRI056","61880_2","19.01.2023 7:49:55","19.01.2023 7:49:57"
"IGRI056","61880_2","19.01.2023 7:56:54","19.01.2023 7:56:56"
"IGRI056","61880_2","19.01.2023 7:57:43","19.01.2023 7:57:45"
"EKAR014","61880_17_v3","20.01.2023 11:00:19","20.01.2023 11:00:40"
"EKAR014","61880_17_v3","20.01.2023 11:01:29","20.01.2023 11:01:47"
"EKAR014","61880_17_v3","20.01.2023 11:02:41","20.01.2023 11:02:58"
"EKAR014","61880-9-NEW","20.01.2023 11:03:44","20.01.2023 11:03:58"
"EKAR014","61880_14","20.01.2023 11:04:55","20.01.2023 11:05:01"
"OPRI005","61880_19","20.01.2023 6:56:04","20.01.2023 6:56:06"
"OPRI005","61880_19","20.01.2023 8:13:18","20.01.2023 8:13:20"
"EBOCH056","61880_19","20.01.2023 9:43:29","20.01.2023 9:43:31"
"EBOCH056","61880_1","20.01.2023 9:44:40","20.01.2023 9:44:43"
"RRUS002","61880_2","20.01.2023 12:08:47","20.01.2023 12:08:50"
"RRUS002","61880_1","20.01.2023 12:09:16","20.01.2023 12:09:19"
"RRUS002","61880_1","20.01.2023 12:10:00","20.01.2023 12:10:02"
"RRUS002","61880_1","20.01.2023 12:11:15","20.01.2023 12:11:17"
"ASUSE","61880_14","20.01.2023 9:22:17","20.01.2023 9:22:18"
"ASUSE","61880_14","20.01.2023 9:23:05","20.01.2023 9:23:05"
"ASUSE","61880_14","20.01.2023 9:23:57","20.01.2023 9:24:02"
"IMOS002","61880_2","20.01.2023 16:38:17","20.01.2023 16:38:19"
"RRUS002","61880_2","22.01.2023 9:12:22","22.01.2023 9:12:24"
"NYAK001","61880_14","20.01.2023 12:56:20","20.01.2023 12:56:24"
"ASUSE","61880_20","20.01.2023 13:08:24","20.01.2023 13:08:25"
"ASUSE","61880_19","20.01.2023 15:00:07","20.01.2023 15:00:09"
"OKASYANOVA","61880_2","20.01.2023 16:34:38","20.01.2023 16:34:40"
"EBOCH056","61880_19","20.01.2023 10:23:03","20.01.2023 10:23:04"
"EBOCH056","61880_1","20.01.2023 10:23:42","20.01.2023 10:23:44"
"OSER006","61880_19","20.01.2023 17:47:44","20.01.2023 17:47:46"
"OSER006","61880_19","20.01.2023 17:49:56","20.01.2023 17:49:57"
"GBOL056","61880_17_new","20.01.2023 8:29:51","20.01.2023 8:30:14"
"GBOL056","61880_17_new","20.01.2023 8:42:29","20.01.2023 8:42:46"
"GBOL056","61880_17_new","20.01.2023 8:43:11","20.01.2023 8:43:27"
"EBOCH056","61880_2","23.01.2023 13:29:15","23.01.2023 13:29:18"
"AGAB003","61880_17_new","23.01.2023 13:29:25","23.01.2023 13:29:45"
"OKASYANOVA","61880_2","23.01.2023 13:38:41","23.01.2023 13:38:44"
"OKASYANOVA","61880_19","23.01.2023 13:59:16","23.01.2023 13:59:18"
"YUDOR001","61759_1","20.01.2023 21:35:43","20.01.2023 21:35:44"
"OPRI005","61880_19","23.01.2023 6:09:58","23.01.2023 6:10:01"
"OKASYANOVA","61880_2","23.01.2023 9:29:05","23.01.2023 9:29:08"
"DBAKH001","61880_17_v3","21.01.2023 9:45:15","21.01.2023 9:45:31"
"DBAKH001","61880_17_v3","21.01.2023 9:45:59","21.01.2023 9:46:15"
"DBAKH001","61880_17_v3","21.01.2023 9:47:06","21.01.2023 9:47:21"
"GBOL056","61880_17_new","20.01.2023 8:44:04","20.01.2023 8:44:21"
"GBOL056","61880_17","20.01.2023 8:44:55","20.01.2023 8:45:02"
"GBOL056","61880_17","20.01.2023 8:45:29","20.01.2023 8:45:35"
"GBOL056","61880_17","20.01.2023 8:45:58","20.01.2023 8:46:05"
"GBOL056","61880_17","20.01.2023 8:46:28","20.01.2023 8:46:34"
"GBOL056","61880-9-NEW","20.01.2023 8:48:12","20.01.2023 8:48:15"
"GBOL056","61880-9-NEW","20.01.2023 8:48:39","20.01.2023 8:48:42"
"GBOL056","61880-9-NEW","20.01.2023 8:49:06","20.01.2023 8:49:09"
"GBOL056","61880-9-NEW","20.01.2023 8:49:30","20.01.2023 8:49:33"
"GBOL056","61880-9-NEW","20.01.2023 8:50:11","20.01.2023 8:50:13"
"GBOL056","61880-9-NEW","20.01.2023 8:51:01","20.01.2023 8:51:04"
"GBOL056","61880-9-NEW","20.01.2023 8:52:50","20.01.2023 8:52:53"
"GBOL056","61880-9-NEW","20.01.2023 8:53:18","20.01.2023 8:53:21"
"GBOL056","61880-9-NEW","20.01.2023 8:53:44","20.01.2023 8:53:48"
"GBOL056","61880-9-NEW","20.01.2023 8:58:11","20.01.2023 8:58:18"
"GBOL056","61880-9-NEW","20.01.2023 8:58:43","20.01.2023 8:58:50"
"GBOL056","61880_17_new","20.01.2023 9:01:02","20.01.2023 9:01:28"
"GBOL056","61880_17_new","20.01.2023 9:02:06","20.01.2023 9:02:25"
"AGAB003","61880_2","23.01.2023 13:59:43","23.01.2023 13:59:45"
"AGAB003","61880_17_v3","23.01.2023 14:04:52","23.01.2023 14:05:11"
"AGAB003","61880_17_v3","23.01.2023 14:08:10","23.01.2023 14:08:27"
"AELK671","61880_2","23.01.2023 9:39:49","23.01.2023 9:39:52"
"AGAB003","61880_2","23.01.2023 10:47:53","23.01.2023 10:47:55"
"NYAK001","61880_10","23.01.2023 14:16:19","23.01.2023 14:16:20"
"NYAK001","61880_10","23.01.2023 14:19:29","23.01.2023 14:19:30"
"VSHAP001","61880_2","23.01.2023 14:20:57","23.01.2023 14:20:59"
"NYAK001","61880_10","23.01.2023 14:21:45","23.01.2023 14:21:46"
"NYAK001","61880_10","23.01.2023 14:24:24","23.01.2023 14:24:25"
"NYAK001","61880_10","23.01.2023 14:26:16","23.01.2023 14:26:17"
"DBAKH001","61880_17_v3","21.01.2023 9:47:50","21.01.2023 9:48:07"
"DBAKH001","61880_17_v3","21.01.2023 9:48:37","21.01.2023 9:48:54"
"DBAKH001","61880_17_v3","21.01.2023 9:49:24","21.01.2023 9:49:41"
"IMOS002","61880_2","20.01.2023 16:37:32","20.01.2023 16:37:34"
"ASUSE","61880_14","20.01.2023 17:02:46","20.01.2023 17:02:51"
"ASUSE","61880_19","20.01.2023 17:52:02","20.01.2023 17:52:03"
"ASUSE","61880_19","20.01.2023 18:22:38","20.01.2023 18:22:40"
"VSHAP001","61880_2","23.01.2023 14:08:42","23.01.2023 14:08:45"
"OPRI005","61880_19","23.01.2023 14:14:10","23.01.2023 14:14:12"
"AGAB003","61880_17_v3","23.01.2023 14:30:18","23.01.2023 14:30:34"
"AKAN671","61880_2","20.01.2023 15:31:37","20.01.2023 15:31:39"
"AKAN671","61880-9-NEW","20.01.2023 15:32:44","20.01.2023 15:32:53"
"AKAN671","61880-9-all","20.01.2023 15:35:15",
"AKAN671","61880_17_new","20.01.2023 15:37:39","20.01.2023 15:37:55"
"AKAN671","61880_17_v3","20.01.2023 15:38:53","20.01.2023 15:39:09"
"DBAKH001","61880_17_v3","21.01.2023 9:50:22","21.01.2023 9:50:38"
"DBAKH001","61880_17_v3","21.01.2023 9:51:15","21.01.2023 9:51:32"
"DBAKH001","61880_17_v3","21.01.2023 9:52:02","21.01.2023 9:52:18"
"DBAKH001","61880_17_v3","21.01.2023 10:20:36","21.01.2023 10:20:52"
"DBAKH001","61880_17_v3","21.01.2023 10:21:43","21.01.2023 10:22:01"
"DBAKH001","61880_17_v3","21.01.2023 10:22:34","21.01.2023 10:22:49"
"DBAKH001","61880_17_v3","21.01.2023 10:23:34","21.01.2023 10:23:52"
"AGAB003","61880_17_v3","23.01.2023 14:44:00","23.01.2023 14:44:15"
"AGAB003","61880_17_v3","23.01.2023 14:46:22","23.01.2023 14:46:38"
"IMOS002","61880_2","23.01.2023 14:53:32","23.01.2023 14:53:34"
"AKAN671","61880_7","20.01.2023 15:41:04","20.01.2023 15:41:04"
"ASUSE","61880_2","23.01.2023 14:19:06","23.01.2023 14:19:08"
"ASUSE","61880_2","23.01.2023 14:26:58","23.01.2023 14:27:00"
"NYAK001","61880_10","23.01.2023 14:31:17","23.01.2023 14:31:18"
"OKASYANOVA","61880_2","20.01.2023 14:03:01","20.01.2023 14:03:03"
"OKASYANOVA","61880_2","20.01.2023 14:15:58","20.01.2023 14:16:00"
"DBAKH001","61880-9-NEW","20.01.2023 16:00:34","20.01.2023 16:24:04"
"DBAKH001","61880_17_v3","21.01.2023 9:53:00","21.01.2023 9:53:19"
"DBAKH001","61880_17_v3","21.01.2023 10:27:55","21.01.2023 10:28:11"
"DBAKH001","61880_17_v3","21.01.2023 10:29:59","21.01.2023 10:30:15"
"DBAKH001","61880-9-NEW","21.01.2023 10:32:42","21.01.2023 10:56:17"
"DBAKH001","61880-9-NEW","21.01.2023 11:06:05","21.01.2023 11:07:10"
"DBAKH001","61880-9-NEW","21.01.2023 11:09:15","21.01.2023 11:10:17"
"DBAKH001","61880-9-NEW","21.01.2023 11:22:28","21.01.2023 11:23:30"
"DBAKH001","61880-9-NEW","21.01.2023 11:24:52","21.01.2023 11:25:55"
"DBAKH001","61880-9-NEW","21.01.2023 11:27:13","21.01.2023 11:28:15"
"DBAKH001","61880-9-NEW","21.01.2023 11:29:23","21.01.2023 11:30:26"
"DBAKH001","61880-9-NEW","21.01.2023 11:32:20","21.01.2023 11:33:23"
"DBAKH001","61880-9-NEW","21.01.2023 11:34:36","21.01.2023 11:35:39"
"DBAKH001","61880-9-NEW","21.01.2023 11:37:35","21.01.2023 11:38:38"
"DBAKH001","61880-9-NEW","21.01.2023 11:39:12","21.01.2023 11:40:15"
"DBAKH001","61880-9-NEW","21.01.2023 11:40:39","21.01.2023 11:41:41"
"DBAKH001","61880-9-NEW","21.01.2023 11:42:12","21.01.2023 11:43:15"
"DBAKH001","61880-9-NEW","21.01.2023 11:43:57","21.01.2023 11:45:03"
"DBAKH001","61880-9-NEW","21.01.2023 11:46:02","21.01.2023 11:47:07"
"DBAKH001","61880-9-NEW","21.01.2023 11:48:03","21.01.2023 11:49:06"
"DBAKH001","61880-9-NEW","21.01.2023 11:49:36","21.01.2023 11:50:39"
"DBAKH001","61880-9-NEW","21.01.2023 11:51:09","21.01.2023 11:52:12"
"DBAKH001","61880-9-NEW","21.01.2023 11:52:57","21.01.2023 11:54:00"
"DBAKH001","61880-9-NEW","21.01.2023 11:56:05","21.01.2023 11:57:09"
"DBAKH001","61880-9-NEW","21.01.2023 11:58:47","21.01.2023 11:59:50"
"DBAKH001","61880-9-NEW","21.01.2023 12:03:20","21.01.2023 12:04:26"
"DBAKH001","61880-9-NEW","21.01.2023 12:09:44","21.01.2023 12:10:48"
"DBAKH001","61880-9-NEW","21.01.2023 12:12:28","21.01.2023 12:13:32"
"DBAKH001","61880-9-NEW","21.01.2023 12:14:08","21.01.2023 12:15:11"
"DBAKH001","61880-9-NEW","21.01.2023 12:15:48","21.01.2023 12:16:52"
"DBAKH001","61880-9-NEW","21.01.2023 12:19:01","21.01.2023 12:20:03"
"DBAKH001","61880-9-NEW","21.01.2023 12:20:57","21.01.2023 12:22:02"
"DBAKH001","61880-9-NEW","21.01.2023 12:22:37","21.01.2023 12:23:40"
"DBAKH001","61880-9-NEW","21.01.2023 12:24:14","21.01.2023 12:25:17"
"DBAKH001","61880-9-NEW","21.01.2023 12:25:49","21.01.2023 12:26:52"
"DBAKH001","61880-9-NEW","21.01.2023 12:27:28","21.01.2023 12:28:31"
"DBAKH001","61880-9-NEW","21.01.2023 12:32:22","21.01.2023 12:55:36"
"DBAKH001","61880_17_v3","20.01.2023 16:40:24","20.01.2023 16:40:44"
"DBAKH001","61880-9-NEW","20.01.2023 19:15:08","20.01.2023 19:40:55"
"DBAKH001","61880_17_v3","20.01.2023 19:45:12","20.01.2023 19:45:41"
"RRUS002","61880_2","23.01.2023 13:35:31","23.01.2023 13:35:33"
"RRUS002","61880_8","23.01.2023 13:36:01","23.01.2023 13:36:03"
"RRUS002","61880_1","20.01.2023 12:12:16","20.01.2023 12:12:19"
"RRUS002","61880_1","20.01.2023 12:12:56","20.01.2023 12:12:58"
"AGAB003","61880_17_v3","23.01.2023 14:32:00","23.01.2023 14:32:19"
"OPRI005","61880_19","23.01.2023 14:34:19","23.01.2023 14:34:21"
"YUDOR001","61880_19","20.01.2023 7:10:20","20.01.2023 7:10:22"
"DBAKH001","61880_17_v3","21.01.2023 9:53:48","21.01.2023 9:54:04"
"DBAKH001","61880_17_v3","21.01.2023 9:55:22","21.01.2023 9:55:40"
"DBAKH001","61880_17_v3","21.01.2023 12:56:17","21.01.2023 12:56:34"
"VSHAP001","61759_1","21.01.2023 19:43:02","21.01.2023 19:43:02"
"RRUS002","61880_2","22.01.2023 9:18:20","22.01.2023 9:18:22"
"RRUS002","61880_2","23.01.2023 13:36:52","23.01.2023 13:36:55"
"RRUS002","61880_10","23.01.2023 13:37:23","23.01.2023 13:37:24"
"RRUS002","61880_10","23.01.2023 13:37:55","23.01.2023 13:37:55"
"RRUS002","61880_8","23.01.2023 13:38:17","23.01.2023 13:38:19"
"RRUS002","61880_8","23.01.2023 13:38:29","23.01.2023 13:38:31"
"AGAB003","61880_17_v3","23.01.2023 14:10:03","23.01.2023 14:10:20"
"RRUS002","61880_2","20.01.2023 13:30:09","20.01.2023 13:30:11"
"RRUS002","61880_2","20.01.2023 16:24:11","20.01.2023 16:24:13"
"RRUS002","61880_2","20.01.2023 16:25:52","20.01.2023 16:25:54"
"DBAKH001","61880_17_v3","21.01.2023 9:56:07","21.01.2023 9:56:23"
"DBAKH001","61880_17_v3","21.01.2023 9:57:17","21.01.2023 9:57:33"
"DBAKH001","61880_17_v3","21.01.2023 9:58:09","21.01.2023 9:58:26"
"VSHAP001","61759_1","22.01.2023 9:38:05","22.01.2023 9:38:06"
"RRUS002","61880_2","23.01.2023 6:22:09","23.01.2023 6:22:12"
"RRUS002","61880_19","23.01.2023 6:57:03","23.01.2023 6:57:04"
"TVYA001","61880_2","23.01.2023 9:05:58","23.01.2023 9:06:00"
"TVYA001","61880_2","23.01.2023 9:08:16","23.01.2023 9:08:18"
"TVYA001","61880_2","23.01.2023 10:50:41","23.01.2023 10:50:43"
"EBEL015","64455_1_total","23.01.2023 11:26:07","23.01.2023 11:26:11"
"AGAB003","61880_17_v3","23.01.2023 14:12:02","23.01.2023 14:12:20"
"IMOS002","61880_2","23.01.2023 14:54:52","23.01.2023 14:54:54"
"RRUS002","61759_1","20.01.2023 16:28:13","20.01.2023 16:28:13"
"RRUS002","61880_12","20.01.2023 16:28:59","20.01.2023 16:29:07"
"RRUS002","61880_20","20.01.2023 16:30:39","20.01.2023 16:30:39"
"ASUSE","64224","23.01.2023 14:06:06","23.01.2023 14:09:36"
"AGAB003","61880_17_v3","23.01.2023 14:33:43","23.01.2023 14:34:01"
"DBAKH001","61880_17_v3","21.01.2023 9:59:18","21.01.2023 9:59:34"
"DBAKH001","61880_17_v3","21.01.2023 10:00:13","21.01.2023 10:00:29"
"DBAKH001","61880_17_v3","21.01.2023 10:01:01","21.01.2023 10:01:18"
"SBUR012","61880_2","23.01.2023 8:26:01","23.01.2023 8:26:04"
"AKAN671","61880-9-all","23.01.2023 8:36:09",
"MMIK001","61880_2","23.01.2023 8:42:53","23.01.2023 8:42:55"
"MMIK001","61880_2","23.01.2023 8:53:11","23.01.2023 8:53:13"
"NYAK001","61880_14","23.01.2023 11:07:09","23.01.2023 11:07:09"
"NYAK001","61880_14","23.01.2023 11:08:32","23.01.2023 11:08:32"
"NYAK001","61880_14","23.01.2023 11:35:08","23.01.2023 11:35:08"
"GBOL056","61880_17","23.01.2023 9:10:26","23.01.2023 9:10:32"
"GBOL056","61880_17","23.01.2023 9:11:27","23.01.2023 9:11:32"
"GBOL056","61880-9-NEW","23.01.2023 9:47:49","23.01.2023 9:48:02"
"OPRI005","61880_19","23.01.2023 14:05:34","23.01.2023 14:05:35"
"OPRI005","61880_19","23.01.2023 14:05:59","23.01.2023 14:06:00"
"AGAB003","61880_17_v3","23.01.2023 14:37:39","23.01.2023 14:37:54"
"DBAKH001","61880_17_v3","21.01.2023 10:02:13","21.01.2023 10:02:30"
"DBAKH001","61880_17_v3","21.01.2023 10:03:56","21.01.2023 10:04:12"
"DBAKH001","61880_17_v3","21.01.2023 10:04:56","21.01.2023 10:05:12"
"SBUR012","61880_2","23.01.2023 8:55:50","23.01.2023 8:55:52"
"RRUS002","61880_2","23.01.2023 9:09:11","23.01.2023 9:09:13"
"SBUR012","61880_2","23.01.2023 9:44:21","23.01.2023 9:44:23"
"TVYA001","61880_2","20.01.2023 7:32:27","20.01.2023 7:32:29"
"AELK671","61880_2","20.01.2023 10:51:06","20.01.2023 10:51:09"
"AGAB003","61880_2","23.01.2023 10:43:55","23.01.2023 10:43:58"
"EBOCH056","61880_2","20.01.2023 7:03:01","20.01.2023 7:03:03"
"EBOCH056","61880_19","20.01.2023 7:04:43","20.01.2023 7:04:45"
"EBOCH056","61880_1","20.01.2023 7:05:26","20.01.2023 7:05:29"
"EBOCH056","61880_2","20.01.2023 8:07:44","20.01.2023 8:07:46"
"SBUR012","61880_2","20.01.2023 7:45:08","20.01.2023 7:45:10"
"SBUR012","61880_2","20.01.2023 9:02:56","20.01.2023 9:02:58"
"SBUR012","61880_2","20.01.2023 11:42:44","20.01.2023 11:42:46"
"VSHAP001","61880_2","20.01.2023 11:35:48","20.01.2023 11:35:51"
"VSHAP001","61880_2","20.01.2023 12:08:59","20.01.2023 12:09:01"
"AGAB003","61880_2","23.01.2023 10:52:34","23.01.2023 10:52:36"
"RRUS002","61880_2","23.01.2023 11:35:47","23.01.2023 11:35:50"
"NYAK001","61880_14","23.01.2023 11:36:50","23.01.2023 11:36:50"
"RRUS002","61880_19","23.01.2023 12:10:34","23.01.2023 12:10:36"
"EBOCH056","61880_2","20.01.2023 12:53:10","20.01.2023 12:53:12"
"AGAB003","61880_2","23.01.2023 10:38:28","23.01.2023 10:38:30"
"ASUSE","61880_19","23.01.2023 11:31:14","23.01.2023 11:31:16"
"TNIK008","64224","20.01.2023 16:01:47","20.01.2023 16:01:52"
"DBAKH001","61880_17_v3","21.01.2023 10:05:40","21.01.2023 10:06:00"
"DBAKH001","61880_17_v3","21.01.2023 10:06:30","21.01.2023 10:06:46"
"VSHAP001","61880_2","20.01.2023 13:51:03","20.01.2023 13:51:05"
"VSHAP001","61880_2","20.01.2023 13:52:23","20.01.2023 13:52:26"
"VSHAP001","61759_1","20.01.2023 14:29:01","20.01.2023 14:29:02"
"NYAK001","61880_14","23.01.2023 12:12:04","23.01.2023 12:12:04"
"NYAK001","61880_14","23.01.2023 12:14:19","23.01.2023 12:14:20"
"AGAB003","61880_17_v3","23.01.2023 14:17:46","23.01.2023 14:18:01"
"NYAK001","61880_14","20.01.2023 8:01:47","20.01.2023 8:01:52"
"NYAK001","61880_14","20.01.2023 8:10:16","20.01.2023 8:10:17"
"NYAK001","61880_14","20.01.2023 9:46:06","20.01.2023 9:46:06"
"TMAL004","61880_2","20.01.2023 9:42:19","20.01.2023 9:42:22"
"OKASYANOVA","61880_2","20.01.2023 18:19:52","20.01.2023 18:19:54"
"OKASYANOVA","61880_19","20.01.2023 18:23:20","20.01.2023 18:23:22"
"AGAB003","61880_3","20.01.2023 9:58:36","20.01.2023 9:58:37"
"AGAB003","61880_3","20.01.2023 9:59:10","20.01.2023 9:59:12"
"VSHAP001","61759_1","20.01.2023 14:52:07","20.01.2023 14:52:07"
"VSHAP001","61759_1","20.01.2023 15:17:22","20.01.2023 15:17:22"
"OPRA056","61880_8","21.01.2023 8:07:22","21.01.2023 8:07:25"
"OPRA056","61880_8","21.01.2023 8:09:23","21.01.2023 8:09:25"
"VSHAP001","61880_2","23.01.2023 13:00:32","23.01.2023 13:00:34"
"AGAB003","61880_17_v3","23.01.2023 14:20:52","23.01.2023 14:21:10"
"AGAB003","61880_17_v3","23.01.2023 14:41:33","23.01.2023 14:41:49"
"NYAK001","61880_14","20.01.2023 12:53:51","20.01.2023 12:53:56"
"EBOCH056","61880_19","20.01.2023 14:00:54","20.01.2023 14:00:55"
"EBOCH056","61880_2","20.01.2023 14:02:17","20.01.2023 14:02:19"
"AGAB003","61880_2","20.01.2023 9:37:27","20.01.2023 9:37:29"
"AGAB003","61880_2","20.01.2023 9:39:11","20.01.2023 9:39:13"
"AGAB003","61880_3","20.01.2023 9:56:22","20.01.2023 9:56:23"
"DBAKH001","61880_17_v3","21.01.2023 10:07:18","21.01.2023 10:07:35"
"AGAB003","61880_2","23.01.2023 11:00:50","23.01.2023 11:00:52"
"AGAB003","61880-9-NEW","23.01.2023 11:09:12","23.01.2023 11:09:18"
"ASUSE","64224","23.01.2023 11:35:59","23.01.2023 11:40:20"
"ASUSE","64224","23.01.2023 12:04:33","23.01.2023 12:08:07"
"ASUSE","61880_19","20.01.2023 11:38:36","20.01.2023 11:38:37"
"ASUSE","61880_19","20.01.2023 12:01:54","20.01.2023 12:01:55"
"ASUSE","61880_19","20.01.2023 12:08:45","20.01.2023 12:08:47"
"VSHAP001","61759_1","20.01.2023 17:38:02","20.01.2023 17:38:03"
"IKUZAKOVA","64455_1_total","23.01.2023 11:48:16","23.01.2023 11:48:19"
"IKUZAKOVA","64455_1","23.01.2023 12:18:00","23.01.2023 12:18:01"
"IKUZAKOVA","64455_1","23.01.2023 12:18:23","23.01.2023 12:18:24"
"EKAR014","61880_2","20.01.2023 11:18:45","20.01.2023 11:18:48"
"IMOS002","61880_2","20.01.2023 11:38:49","20.01.2023 11:38:52"
"IMOS002","61880_2","20.01.2023 11:39:45","20.01.2023 11:39:47"
"ASUSE","64224","23.01.2023 12:32:35","23.01.2023 12:36:43"
"OKASYANOVA","61880_2_on_date","23.01.2023 13:01:07",
"OKASYANOVA","61880_2","23.01.2023 13:01:17","23.01.2023 13:01:19"
"OKASYANOVA","61880_2","23.01.2023 13:01:30","23.01.2023 13:01:33"
"EKAR014","61880-9-NEW","20.01.2023 9:50:55","20.01.2023 9:51:09"
"EKAR014","61880-9-NEW","20.01.2023 9:51:55","20.01.2023 9:52:10"
"EKAR014","61880-9-NEW","20.01.2023 9:53:04","20.01.2023 9:53:19"
"EKAR014","61880-9-NEW","20.01.2023 9:54:13","20.01.2023 9:54:27"
"EKAR014","61880-9-NEW","20.01.2023 9:54:57","20.01.2023 9:55:11"
"EKAR014","61880-9-NEW","20.01.2023 9:55:47","20.01.2023 9:56:02"
"EKAR014","61880-9-NEW","20.01.2023 9:56:36","20.01.2023 9:56:50"
"EKAR014","61880_17_v3","20.01.2023 10:00:43","20.01.2023 10:01:03"
"EKAR014","61880_17_v3","20.01.2023 10:48:33","20.01.2023 10:48:52"
"EKAR014","61880_17_v3","20.01.2023 10:49:37","20.01.2023 10:49:55"
"EKAR014","61880_17_v3","20.01.2023 10:50:40","20.01.2023 10:51:02"
"OKASYANOVA","61880_19","20.01.2023 16:40:29","20.01.2023 16:40:31"
"OKASYANOVA","64949","20.01.2023 17:53:59",
"DBAKH001","61880_17_v3","21.01.2023 9:38:36","21.01.2023 9:38:57"
"DBAKH001","61880_17_v3","21.01.2023 9:42:40","21.01.2023 9:42:57"
"IMOS002","61880_2","20.01.2023 11:40:01","20.01.2023 11:40:03"
"IMOS002","61880_2_on_date","20.01.2023 11:49:04","20.01.2023 11:49:06"
"RRUS002","61880_10","20.01.2023 12:03:30","20.01.2023 12:03:31"
"RRUS002","61880_10","20.01.2023 12:03:48","20.01.2023 12:03:50"
"RRUS002","61880_10","20.01.2023 12:04:05","20.01.2023 12:04:07"
"RRUS002","61880_10","20.01.2023 12:04:23","20.01.2023 12:04:25"
"RRUS002","61880_10","20.01.2023 12:04:40","20.01.2023 12:04:42"
"RRUS002","61880_10","20.01.2023 12:04:57","20.01.2023 12:04:59"
"RRUS002","61880_10","20.01.2023 12:05:14","20.01.2023 12:05:16"
"RRUS002","61880_10","20.01.2023 12:05:31","20.01.2023 12:05:33"
"RRUS002","61880_10","20.01.2023 12:05:48","20.01.2023 12:05:49"
"RRUS002","61880_10","20.01.2023 12:06:06","20.01.2023 12:06:08"
"RRUS002","61880_10","20.01.2023 12:06:23","20.01.2023 12:06:25"
"RRUS002","61880_8","20.01.2023 12:08:02","20.01.2023 12:08:04"
"OKASYANOVA","61880_2","23.01.2023 13:02:19","23.01.2023 13:02:22"
"AGAB003","61880_17_v3","23.01.2023 13:24:56",
"AGAB003","61880_17_v3","23.01.2023 13:26:51","23.01.2023 13:27:10"
"EBOCH056","61880_19","23.01.2023 13:28:38","23.01.2023 13:28:40"
"ASUSE","61880_19","24.01.2023 14:13:11","24.01.2023 14:13:13"
"ASUSE","61880_19","24.01.2023 14:19:33","24.01.2023 14:19:34"
"ASUSE","61880_19","24.01.2023 14:19:47","24.01.2023 14:19:48"
"ASAU056","64455_1","26.01.2023 6:08:24","26.01.2023 6:08:30"
"IMOS002","61880_2","30.01.2023 11:16:32","30.01.2023 11:16:34"
"IMOS002","61880_2","30.01.2023 11:19:58","30.01.2023 11:20:00"
"ASUSE","61880_11_new","23.01.2023 18:00:19",
"ASUSE","61759_1","23.01.2023 18:01:03","23.01.2023 18:01:04"
"NYAK001","61880_14","24.01.2023 14:27:58","24.01.2023 14:28:03"
"NYAK001","61880_14","24.01.2023 14:30:04","24.01.2023 14:30:09"
"EDEM011","64455_1_total","25.01.2023 7:08:38","25.01.2023 7:08:39"
"EDEM011","64455_1_total","25.01.2023 7:09:08","25.01.2023 7:09:08"
"EDEM011","64455_1_total","25.01.2023 7:14:05","25.01.2023 7:14:09"
"EDEM011","64455_1","25.01.2023 7:17:43","25.01.2023 7:17:51"
"EDEM011","64455_1","25.01.2023 7:19:25","25.01.2023 7:19:33"
"EBOCH056","61880_1","27.01.2023 7:26:29","27.01.2023 7:26:31"
"IMOS002","61880_2","27.01.2023 16:10:41","27.01.2023 16:10:44"
"VSHAP001","61880_2","25.01.2023 13:05:09","25.01.2023 13:05:11"
"EBOCH056","64948","26.01.2023 6:33:48","26.01.2023 6:33:51"
"EBOCH056","61880_19","26.01.2023 6:44:09","26.01.2023 6:44:12"
"NYAK001","61880_10","26.01.2023 9:00:20","26.01.2023 9:00:21"
"NYAK001","61880_10","26.01.2023 9:01:52","26.01.2023 9:01:53"
"NYAK001","61880_10","26.01.2023 9:02:48","26.01.2023 9:02:49"
"NYAK001","61880_10","26.01.2023 10:51:44","26.01.2023 10:51:45"
"NYAK001","61880_10","26.01.2023 10:53:15","26.01.2023 10:53:16"
"NYAK001","61880_10","26.01.2023 10:58:00","26.01.2023 10:58:01"
"VSHAP001","61880_19","24.01.2023 8:09:36","24.01.2023 8:09:37"
"VSHAP001","61880_19","24.01.2023 8:26:05","24.01.2023 8:26:06"
"VSHAP001","61880_2","24.01.2023 9:22:37","24.01.2023 9:22:39"
"SBUR012","61880_2","24.01.2023 8:31:21","24.01.2023 8:31:23"
"SBUR012","61880_2","24.01.2023 8:56:33","24.01.2023 8:56:35"
"SBUR012","61880_8","24.01.2023 9:34:55","24.01.2023 9:34:58"
"ASUSE","61880_19","24.01.2023 15:53:55","24.01.2023 15:53:57"
"VSHAP001","61880_2","26.01.2023 9:14:52","26.01.2023 9:14:54"
"VSHAP001","61880_2","26.01.2023 12:14:55","26.01.2023 12:14:57"
"VSHAP001","61880_2","26.01.2023 12:20:14","26.01.2023 12:20:16"
"EBOCH056","61880_2","26.01.2023 11:02:52","26.01.2023 11:02:54"
"EBOCH056","61880_2","26.01.2023 11:03:27","26.01.2023 11:03:29"
"EBEL015","64455_1","26.01.2023 11:06:19","26.01.2023 11:06:20"
"VSHAP001","61880_2","24.01.2023 10:09:25","24.01.2023 10:09:28"
"VSHAP001","61880_2","24.01.2023 10:22:51","24.01.2023 10:22:53"
"VSHAP001","61880_2","24.01.2023 10:33:40","24.01.2023 10:33:43"
"ILES001","64224","27.01.2023 8:32:35","27.01.2023 8:35:47"
"VSHAP001","61880_2","30.01.2023 9:36:50","30.01.2023 9:36:53"
"VSHAP001","61880_2","30.01.2023 9:53:06","30.01.2023 9:53:09"
"VSHAP001","61880_2","26.01.2023 12:58:06","26.01.2023 12:58:08"
"VSHAP001","61880_2","26.01.2023 13:26:24","26.01.2023 13:26:27"
"IMOS002","61880_2","27.01.2023 16:10:58","27.01.2023 16:11:01"
"TVYA001","61880_2","25.01.2023 7:27:33","25.01.2023 7:27:36"
"TVYA001","61880_2","25.01.2023 7:37:41","25.01.2023 7:37:43"
"EBEL015","64455_1","26.01.2023 11:06:38","26.01.2023 11:06:38"
"YUDOR001","61880_2","26.01.2023 11:20:44","26.01.2023 11:20:46"
"VSHAP001","61880_2","24.01.2023 10:37:59","24.01.2023 10:38:01"
"VSHAP001","61880_19","24.01.2023 13:43:06","24.01.2023 13:43:08"
"VSHAP001","61880_19","24.01.2023 13:49:18","24.01.2023 13:49:20"
"EBEL015","64455_1","24.01.2023 6:42:12","24.01.2023 6:42:29"
"VSHAP001","61880_2","30.01.2023 10:03:24","30.01.2023 10:03:27"
"VSHAP001","61880_2","30.01.2023 10:13:30","30.01.2023 10:13:33"
"EBEL015","61880-9-IÀ","27.01.2023 9:28:48","27.01.2023 9:33:43"
"IMOS002","61880_2","27.01.2023 16:11:22","27.01.2023 16:11:25"
"IMOS002","61880_2","27.01.2023 16:11:57","27.01.2023 16:11:59"
"IMOS002","61880_2","27.01.2023 16:12:22","27.01.2023 16:12:24"
"ASAU056","64455_1","24.01.2023 9:13:41","24.01.2023 9:13:49"
"ASUSE","61880_14","24.01.2023 14:22:16","24.01.2023 14:22:21"
"YUDOR001","61880_2","26.01.2023 11:22:01","26.01.2023 11:22:03"
"YUDOR001","61880_2_int_date","26.01.2023 11:58:53","26.01.2023 11:58:56"
"YUDOR001","64948","26.01.2023 11:59:52","26.01.2023 11:59:55"
"EBOCH056","61880_10","24.01.2023 8:27:51","24.01.2023 8:27:53"
"EBOCH056","61880_10","24.01.2023 8:28:06","24.01.2023 8:28:07"
"EBOCH056","61880_10","24.01.2023 8:28:23","24.01.2023 8:28:24"
"EBOCH056","61880_10","24.01.2023 8:28:34","24.01.2023 8:28:35"
"EBOCH056","61880_10","24.01.2023 8:28:46","24.01.2023 8:28:47"
"EBOCH056","61880_10","24.01.2023 8:28:57","24.01.2023 8:28:58"
"EBOCH056","61880_10","24.01.2023 8:29:08","24.01.2023 8:29:09"
"EBOCH056","61880_10","24.01.2023 8:29:23","24.01.2023 8:29:24"
"EBOCH056","61880_10","24.01.2023 8:29:34","24.01.2023 8:29:35"
"SBUR012","61880_2","25.01.2023 8:05:22","25.01.2023 8:05:24"
"SBUR012","61880_2","25.01.2023 8:32:43","25.01.2023 8:32:45"
"SBUR012","61880_2","25.01.2023 8:57:14","25.01.2023 8:57:16"
"VSHAP001","61880_2","27.01.2023 9:35:58","27.01.2023 9:36:01"
"VSHAP001","61880_2","27.01.2023 10:19:21","27.01.2023 10:19:23"
"VSHAP001","61880_2","27.01.2023 10:33:56","27.01.2023 10:33:59"
"ILES001","64224","26.01.2023 14:02:09","26.01.2023 14:02:11"
"IMOS002","61880_2","27.01.2023 16:12:46","27.01.2023 16:12:48"
"EDEM011","64483_1","30.01.2023 7:38:37","30.01.2023 7:39:27"
"YUDOR001","61880_2_int_date","26.01.2023 12:09:54","26.01.2023 12:09:57"
"YUDOR001","61880_19","26.01.2023 12:10:42","26.01.2023 12:10:44"
"ASUSE","64948","26.01.2023 12:21:43","26.01.2023 12:21:46"
"ASUSE","64948","26.01.2023 14:46:57","26.01.2023 14:47:00"
"TVYA001","61880_2","26.01.2023 15:09:01","26.01.2023 15:09:03"
"SBUR012","61880_2","26.01.2023 8:13:38","26.01.2023 8:13:41"
"SBUR012","61880_2","26.01.2023 8:20:40","26.01.2023 8:20:42"
"SBUR012","61880_2","26.01.2023 8:53:12","26.01.2023 8:53:14"
"VSHAP001","61880_2","27.01.2023 10:52:02","27.01.2023 10:52:04"
"VSHAP001","61880_2","27.01.2023 11:06:43","27.01.2023 11:06:46"
"VSHAP001","61880_2","27.01.2023 11:42:29","27.01.2023 11:42:31"
"VSHAP001","61880_19","25.01.2023 8:02:56","25.01.2023 8:02:58"
"VSHAP001","61880_19","25.01.2023 8:06:27","25.01.2023 8:06:28"
"VSHAP001","61880_19","25.01.2023 10:33:54","25.01.2023 10:33:55"
"VSHAP001","61880_19","25.01.2023 10:34:48","25.01.2023 10:34:49"
"IMOS002","61880_2","23.01.2023 14:58:10","23.01.2023 14:58:12"
"IMOS002","61880_2","23.01.2023 14:59:46","23.01.2023 14:59:49"
"IMOS002","61880_2","23.01.2023 15:02:18","23.01.2023 15:02:20"
"AGAB003","61880_2","27.01.2023 9:09:44","27.01.2023 9:09:47"
"IPES002","64455_1","27.01.2023 9:56:24","27.01.2023 9:56:34"
"IPES002","64455_1","27.01.2023 9:57:19","27.01.2023 9:57:28"
"VSHAP001","61880_2","27.01.2023 11:55:13","27.01.2023 11:55:16"
"IPES002","64483_1","27.01.2023 13:55:45","27.01.2023 13:58:29"
"EBEL015","64483_1","30.01.2023 9:36:00","30.01.2023 9:36:30"
"NYAK001","61880_14","24.01.2023 8:21:18","24.01.2023 8:21:24"
"NYAK001","61880_14","24.01.2023 8:22:02","24.01.2023 8:22:07"
"NYAK001","61880_14","24.01.2023 10:25:30","24.01.2023 10:25:35"
"VSHAP001","61880_19","25.01.2023 11:26:17","25.01.2023 11:26:18"
"VSHAP001","61880_2","25.01.2023 11:35:13","25.01.2023 11:35:16"
"VSHAP001","61880_2","25.01.2023 12:04:34","25.01.2023 12:04:36"
"IMOS002","61880_2","23.01.2023 15:02:55","23.01.2023 15:02:57"
"AKAN671","61880_2","24.01.2023 12:55:27","24.01.2023 12:55:29"
"VSHAP001","61880_19","24.01.2023 13:53:09","24.01.2023 13:53:11"
"IMOS002","61880_2_on_date","27.01.2023 10:03:02","27.01.2023 10:03:03"
"IMOS002","61880_2_on_date","27.01.2023 10:11:24","27.01.2023 10:11:25"
"IMOS002","61880_2_on_date","27.01.2023 11:01:18","27.01.2023 11:01:20"
"IMOS002","61880_2","27.01.2023 11:01:56","27.01.2023 11:01:59"
"YUDOR001","61880_2","23.01.2023 16:08:34","23.01.2023 16:08:36"
"YUDOR001","61880_19","23.01.2023 17:32:52","23.01.2023 17:32:54"
"OPRI005","61880_19","24.01.2023 9:14:06","24.01.2023 9:14:08"
"ILES001","462359_rep","26.01.2023 15:11:13","26.01.2023 15:17:23"
"ASUSE","64224","26.01.2023 16:41:33","26.01.2023 16:41:35"
"ASUSE","64224","26.01.2023 16:41:54","26.01.2023 16:46:36"
"RRUS002","61880_2","27.01.2023 13:44:29","27.01.2023 13:44:31"
"EBEL015","462359_rep","27.01.2023 13:51:19","27.01.2023 13:58:30"
"YUDOR001","61880_19","23.01.2023 14:57:41","23.01.2023 14:57:43"
"NYAK001","61880_14","25.01.2023 11:14:17","25.01.2023 11:14:22"
"IGRI056","61880_2","26.01.2023 7:44:04","26.01.2023 7:44:07"
"IPES002","64455_1","25.01.2023 15:19:16","25.01.2023 15:19:17"
"IPES002","64455_1","25.01.2023 15:33:58","25.01.2023 15:34:06"
"IPES002","64809","25.01.2023 16:05:10",
"IMOS002","61880_2_on_date","27.01.2023 11:02:52","27.01.2023 11:02:54"
"IMOS002","61880_2_int_date","27.01.2023 12:20:50","27.01.2023 12:20:54"
"ILES001","61880_7","24.01.2023 14:44:08","24.01.2023 14:44:09"
"AGAB003","61880_2","24.01.2023 15:09:50","24.01.2023 15:09:52"
"AGAB003","61880_2","24.01.2023 15:11:46","24.01.2023 15:11:49"
"AELK671","61880_19","25.01.2023 13:16:58","25.01.2023 13:16:59"
"AELK671","61880_2","25.01.2023 13:18:23","25.01.2023 13:18:25"
"OKOR009","61880_2","26.01.2023 9:04:17","26.01.2023 9:04:19"
"AGAB003","61880-9-NEW","26.01.2023 9:29:14","26.01.2023 9:29:42"
"AGAB003","61880-9-NEW","26.01.2023 9:32:51","26.01.2023 9:33:19"
"AGAB003","61880-9-NEW","26.01.2023 9:38:46","26.01.2023 9:39:14"
"AGAB003","61880-9-NEW","26.01.2023 9:42:31","26.01.2023 9:42:59"
"AGAB003","61880-9-NEW","26.01.2023 9:47:47","26.01.2023 9:48:16"
"AGAB003","61880-9-NEW","26.01.2023 9:50:04","26.01.2023 9:50:38"
"AGAB003","61880-9-NEW","26.01.2023 9:52:18","26.01.2023 9:52:47"
"AGAB003","61880-9-NEW","26.01.2023 9:54:11","26.01.2023 9:54:39"
"AGAB003","61880-9-NEW","26.01.2023 9:56:08","26.01.2023 9:56:36"
"AGAB003","61880-9-NEW","26.01.2023 10:01:33","26.01.2023 10:02:01"
"AGAB003","61880-9-NEW","26.01.2023 10:03:30","26.01.2023 10:03:59"
"AGAB003","61880-9-NEW","26.01.2023 10:05:34","26.01.2023 10:06:02"
"AGAB003","462359_rep_year","26.01.2023 10:09:28","26.01.2023 10:16:19"
"SBUR012","61880_2","26.01.2023 11:01:16","26.01.2023 11:01:18"
"RRUS002","61880_2","26.01.2023 15:56:27","26.01.2023 15:56:29"
"EBOCH056","64948","27.01.2023 10:39:32","27.01.2023 10:39:33"
"IMOS002","61880_2","26.01.2023 9:05:27","26.01.2023 9:05:30"
"IMOS002","61880_2","27.01.2023 12:49:14","27.01.2023 12:49:16"
"IMOS002","61880_2","27.01.2023 13:10:04","27.01.2023 13:10:07"
"IMOS002","61880_2","27.01.2023 14:49:26","27.01.2023 14:49:29"
"IMOS002","61880_2","27.01.2023 16:07:00","27.01.2023 16:07:03"
"ASUSE","61880_19","23.01.2023 15:42:28","23.01.2023 15:42:30"
"ASUSE","61880_19","23.01.2023 15:45:23","23.01.2023 15:45:24"
"ASUSE","61880_2","23.01.2023 15:47:06","23.01.2023 15:47:08"
"ASUSE","61880_20","24.01.2023 9:59:30","24.01.2023 9:59:31"
"ASUSE","61880_20","24.01.2023 10:00:26","24.01.2023 10:00:27"
"ASUSE","61880_19","24.01.2023 11:13:30","24.01.2023 11:13:32"
"ASUSE","61880_20","24.01.2023 11:13:49","24.01.2023 11:13:50"
"ASUSE","61880_19","24.01.2023 11:38:41","24.01.2023 11:38:43"
"ASUSE","61880_19","24.01.2023 11:41:45","24.01.2023 11:41:47"
"ASUSE","61880_14","23.01.2023 15:38:01","23.01.2023 15:38:01"
"GBOL056","61880-9-NEW","26.01.2023 9:58:44","26.01.2023 9:59:32"
"EBOCH056","61880_19","27.01.2023 10:41:55","27.01.2023 10:41:57"
"IPES002","61880_3","30.01.2023 10:18:43","30.01.2023 10:18:45"
"EBOCH056","64948","30.01.2023 11:01:11","30.01.2023 11:01:12"
"EBOCH056","61880_2","30.01.2023 11:02:47","30.01.2023 11:02:49"
"IMOS002","61880_2","27.01.2023 16:08:27","27.01.2023 16:08:29"
"IMOS002","61880_2","27.01.2023 16:09:10","27.01.2023 16:09:12"
"IMOS002","61880_2","27.01.2023 16:10:26","27.01.2023 16:10:28"
"VSHAP001","61880_19","23.01.2023 15:32:02","23.01.2023 15:32:04"
"ASUSE","61880_19","23.01.2023 16:02:15","23.01.2023 16:02:16"
"ASUSE","64809","23.01.2023 18:58:36","23.01.2023 18:59:37"
"YUDOR001","61880_2_int_date","24.01.2023 9:56:31","24.01.2023 9:56:35"
"YUDOR001","61880_18","24.01.2023 9:59:14",
"OKASYANOVA","61880_2","24.01.2023 11:09:47","24.01.2023 11:09:50"
"ASUSE","61880_19","24.01.2023 11:42:45","24.01.2023 11:42:47"
"ASUSE","61880-9-NEW","24.01.2023 13:22:21",
"ASUSE","61880-9-NEW","24.01.2023 13:33:27",
"ASUSE","61880_19","24.01.2023 15:10:10","24.01.2023 15:10:12"
"OKOK006","64224","30.01.2023 8:45:03","30.01.2023 8:45:10"
"IMOS002","61880_2","30.01.2023 11:21:37","30.01.2023 11:21:40"
"EBEL015","64483_1","30.01.2023 11:22:40","30.01.2023 11:23:14"
"ASUSE","61880_19","23.01.2023 23:03:33","23.01.2023 23:03:35"
"ASUSE","61880_19","23.01.2023 23:04:41","23.01.2023 23:04:43"
"IMOS002","61880_2","24.01.2023 16:04:33","24.01.2023 16:04:35"
"YUDOR001","61880_18","24.01.2023 9:59:28","24.01.2023 10:02:12"
"ASUSE","61880-9-IÁ","24.01.2023 12:59:40",
"ASUSE","61880-9-Â","24.01.2023 13:00:11","24.01.2023 13:00:11"
"ASUSE","61880-9-IIÀ","24.01.2023 13:02:28",
"ASUSE","61880-9-IIÁ","24.01.2023 13:02:46",
"ASUSE","61880-9-NEW","24.01.2023 13:03:15",
"ASUSE","61880-9-NEW","24.01.2023 13:03:42",
"ASUSE","61880-9-all","24.01.2023 13:05:12",
"ASUSE","61880-9-NEW","24.01.2023 13:05:44",
"ASUSE","61880_19","24.01.2023 15:23:05","24.01.2023 15:23:06"
"ASUSE","61880_19","24.01.2023 15:23:58","24.01.2023 15:24:00"
"IPOCH001","61880_1","23.01.2023 15:20:10","23.01.2023 15:20:14"
"IPOCH001","61880_1","23.01.2023 15:21:39","23.01.2023 15:21:42"
"OPRI005","61880_19","24.01.2023 5:34:43","24.01.2023 5:34:45"
"OPRI005","61880_19","24.01.2023 7:58:24","24.01.2023 7:58:26"
"SBUR012","61880_2","30.01.2023 9:40:15","30.01.2023 9:40:18"
"SBUR012","61880_2","30.01.2023 9:44:59","30.01.2023 9:45:01"
"IMOS002","61880_2","25.01.2023 16:19:48","25.01.2023 16:19:50"
"IMOS002","61880_2","25.01.2023 16:20:33","25.01.2023 16:20:35"
"TVYA001","61880_2","27.01.2023 13:25:57","27.01.2023 13:25:59"
"ASUSE","61880_19","24.01.2023 15:28:54","24.01.2023 15:28:56"
"ASUSE","61880_19","24.01.2023 15:30:44","24.01.2023 15:30:45"
"ASUSE","61880_14","24.01.2023 15:31:29","24.01.2023 15:31:34"
"ASUSE","61880_3","24.01.2023 15:35:07","24.01.2023 15:35:08"
"ASUSE","61880_10","24.01.2023 15:35:54","24.01.2023 15:35:55"
"DBAKH001","61880_17_v3","24.01.2023 12:13:12","24.01.2023 12:13:29"
"ASUSE","61880_19","24.01.2023 15:14:16","24.01.2023 15:14:18"
"GBOL056","61880-9-NEW","25.01.2023 8:48:03","25.01.2023 8:48:10"
"ASUSE","61880_19","25.01.2023 9:59:52","25.01.2023 9:59:54"
"ASUSE","61759_1","23.01.2023 17:58:55","23.01.2023 17:58:55"
"ASUSE","61880_19","23.01.2023 18:03:09","23.01.2023 18:03:11"
"EBEL015","64455_1_total","24.01.2023 8:06:02","24.01.2023 8:06:02"
"TVYA001","61880_2","27.01.2023 13:30:36","27.01.2023 13:30:38"
"DBAKH001","61880-9-NEW","24.01.2023 6:04:56","24.01.2023 6:05:59"
"ASUSE","61880_19","24.01.2023 15:36:36","24.01.2023 15:36:37"
"ASUSE","61880_14","24.01.2023 17:37:01","24.01.2023 17:37:06"
"ASUSE","61880_20","24.01.2023 18:14:59","24.01.2023 18:14:59"
"ASUSE","64948","24.01.2023 18:17:35","24.01.2023 18:17:37"
"ASUSE","61880_2","24.01.2023 18:18:50","24.01.2023 18:18:52"
"ASUSE","61880_19","25.01.2023 10:02:07","25.01.2023 10:02:08"
"VSHAP001","61880_2","25.01.2023 13:58:52","25.01.2023 13:58:54"
"VSHAP001","61880_2","25.01.2023 14:13:50","25.01.2023 14:13:52"
"EDEM011","64483_1","27.01.2023 12:42:26","27.01.2023 12:43:23"
"ILES001","64224","26.01.2023 14:01:41",
"MPRI001","61759_1","25.01.2023 13:28:04","25.01.2023 13:28:05"
"RRUS002","61880_2_int_date","26.01.2023 6:18:06","26.01.2023 6:18:10"
"EBEL015","64224","27.01.2023 8:22:25","27.01.2023 8:22:32"
"GBOL056","61880_3","27.01.2023 8:40:30","27.01.2023 8:40:33"
"GBOL056","61880-9-NEW","27.01.2023 12:09:42","27.01.2023 12:09:47"
"GBOL056","61880-9-NEW","27.01.2023 12:11:00","27.01.2023 12:11:16"
"GBOL056","61880-9-NEW","27.01.2023 12:12:04","27.01.2023 12:12:18"
"GBOL056","61880-9-NEW","27.01.2023 13:10:22","27.01.2023 13:11:17"
"GBOL056","61880-9-NEW","27.01.2023 13:11:36","27.01.2023 13:12:29"
"GBOL056","61880-9-NEW","27.01.2023 13:12:53","27.01.2023 13:13:52"
"GBOL056","61880-9-NEW","27.01.2023 13:14:28","27.01.2023 13:15:23"
"GBOL056","61880-9-NEW","27.01.2023 13:15:58","27.01.2023 13:16:53"
"GBOL056","61880-9-NEW","27.01.2023 13:18:24","27.01.2023 13:19:24"
"GBOL056","61880-9-NEW","27.01.2023 13:24:13","27.01.2023 13:25:07"
"GBOL056","64650","27.01.2023 13:49:40","27.01.2023 13:49:41"
"ASUSE","61880_19","24.01.2023 18:19:21","24.01.2023 18:19:23"
"VSHAP001","61880_19","25.01.2023 12:47:20","25.01.2023 12:47:22"
"VSHAP001","61880_2","25.01.2023 12:49:33","25.01.2023 12:49:35"
"RRUS002","61880_2","27.01.2023 16:13:17","27.01.2023 16:13:19"
"ASUSE","64455_1_total","27.01.2023 19:56:34","27.01.2023 19:56:35"
"ASUSE","64455_1_total","27.01.2023 19:57:20","27.01.2023 19:57:20"
"ASUSE","64455_1_total","27.01.2023 19:57:36","27.01.2023 19:57:37"
"ASUSE","64455_1_total","27.01.2023 19:58:04","27.01.2023 19:58:04"
"ILES001","64224","28.01.2023 15:08:23","28.01.2023 15:08:26"
"ILES001","64224","28.01.2023 15:09:05",
"GBOL056","61880-9-NEW","30.01.2023 6:26:03","30.01.2023 6:26:55"
"RRUS002","61880_2_int_date","30.01.2023 9:34:12","30.01.2023 9:34:16"
"RRUS002","61880_2_int_date","30.01.2023 9:35:51","30.01.2023 9:35:56"
"TVYA001","61880_2","30.01.2023 9:54:59","30.01.2023 9:55:02"
"RRUS002","61880_2","30.01.2023 10:45:15","30.01.2023 10:45:17"
"DBAKH001","61880-9-NEW","30.01.2023 11:10:30","30.01.2023 11:11:39"
"ASUSE","61880_2","23.01.2023 15:41:03","23.01.2023 15:41:06"
"ASUSE","61880_2","23.01.2023 15:41:34","23.01.2023 15:41:36"
"ASUSE","61880_2","23.01.2023 16:43:50","23.01.2023 16:43:52"
"ASUSE","61880_20","23.01.2023 17:06:32","23.01.2023 17:06:32"
"ASUSE","61880_12","23.01.2023 17:08:33","23.01.2023 17:08:41"
"EBOCH056","61880_1","27.01.2023 7:21:17","27.01.2023 7:21:21"
"EBOCH056","61880_1","27.01.2023 7:21:43","27.01.2023 7:21:45"
"EBOCH056","61880_1","27.01.2023 7:22:03","27.01.2023 7:22:05"
"EBOCH056","61880_1","27.01.2023 7:25:52","27.01.2023 7:25:55"
"ASUSE","64950","01.03.2023 13:53:41","01.03.2023 13:53:57"
"ASUSE","64651","06.03.2023 16:58:23",
"ASUSE","64651","06.03.2023 17:16:39",
"ASUSE","64651","06.03.2023 17:19:45",
"ASUSE","64651","06.03.2023 17:36:08",
"ASUSE","61880_2","21.03.2023 9:51:16","21.03.2023 9:51:28"
"ASUSE","64883","14.02.2023 15:03:42","14.02.2023 15:03:43"
"ASUSE","64651","07.03.2023 10:16:59","07.03.2023 10:17:03"
"ASUSE","64651","07.03.2023 10:24:40","07.03.2023 10:24:44"
"ASUSE","64651","07.03.2023 10:28:54","07.03.2023 10:28:58"
"ASUSE","64651","07.03.2023 10:56:13","07.03.2023 10:56:17"
"ASUSE","64651","06.03.2023 17:42:58",
"ASUSE","64651","07.03.2023 10:37:33","07.03.2023 10:37:37"
"ASUSE","64651","09.03.2023 9:21:17","09.03.2023 9:24:44"
"ASUSE","64651","09.03.2023 9:32:26","09.03.2023 9:33:18"
"ASUSE","61880_17_v3","14.02.2023 13:07:35","14.02.2023 13:09:05"
"ASUSE","64883","14.02.2023 15:10:23","14.02.2023 15:10:52"
"ASUSE","64651","07.03.2023 11:26:06","07.03.2023 11:26:10"
"ASUSE","64651","07.03.2023 11:53:50","07.03.2023 11:53:54"
"ASUSE","64651","09.03.2023 9:39:54","09.03.2023 9:43:14"
"ASUSE","64651","09.03.2023 9:49:08","09.03.2023 9:49:12"
"ASUSE","64651","09.03.2023 10:40:50","09.03.2023 10:44:09"
"ASUSE","64651","09.03.2023 12:02:17","09.03.2023 12:05:40"
"ASUSE","64651","09.03.2023 12:12:12","09.03.2023 12:13:05"
"ASUSE","61880-9-NEW","17.03.2023 14:03:11",
"ASUSE","61759_1","21.03.2023 9:53:21","21.03.2023 9:53:23"
"ASUSE","64883","21.03.2023 11:25:33","21.03.2023 11:25:40"
"ASUSE","64883","21.03.2023 11:29:39","21.03.2023 11:29:44"
"ASUSE","64883","14.02.2023 15:22:21","14.02.2023 15:22:51"
"ASUSE","64651","09.03.2023 10:14:13","09.03.2023 10:17:33"
"ASUSE","61880_19","09.03.2023 10:55:20","09.03.2023 10:55:28"
"ASUSE","64651","09.03.2023 14:06:11","09.03.2023 14:06:14"
"ASUSE","61880_20","09.03.2023 14:45:53","09.03.2023 14:45:57"
"ASUSE","61880_20","09.03.2023 14:51:23","09.03.2023 14:51:26"
"ASUSE","61880_20","09.03.2023 14:51:51","09.03.2023 14:51:54"
"ASUSE","65409","09.03.2023 13:13:42","09.03.2023 13:13:50"
"ASUSE","61880_19","09.03.2023 14:52:41","09.03.2023 14:52:47"
"ASUSE","61880_19","21.03.2023 10:04:30","21.03.2023 10:04:35"
"ASUSE","61880_19","21.03.2023 11:00:26","21.03.2023 11:00:29"
"ASUSE","64883","14.02.2023 15:27:02","14.02.2023 15:27:30"
"ASUSE","64883","14.02.2023 15:29:20","14.02.2023 15:29:49"
"ASUSE","64950","20.02.2023 16:22:28",
"ASUSE","64950","20.02.2023 16:31:20",
"ASUSE","65409","09.03.2023 14:43:21","09.03.2023 14:43:22"
"ASUSE","65409","09.03.2023 14:43:39","09.03.2023 14:43:40"
"ASUSE","65409","09.03.2023 14:52:58","09.03.2023 14:52:59"
"ASUSE","64651","10.03.2023 11:19:47","10.03.2023 11:23:18"
"ASUSE","64651","10.03.2023 11:39:53","10.03.2023 11:39:57"
"ASUSE","61880_2_int_date","14.03.2023 15:51:45","14.03.2023 15:51:58"
"ASUSE","64883","21.03.2023 11:24:59",
"ASUSE","64883","21.03.2023 11:25:53",
"ASUSE","64883","21.03.2023 11:31:50",
"ASUSE","64883","21.03.2023 11:43:16","21.03.2023 11:43:21"
"ASUSE","64883","21.03.2023 11:44:07",
"ASUSE","64883","21.03.2023 11:46:44",
"ASUSE","64883","21.03.2023 12:07:30","21.03.2023 12:07:35"
"ASUSE","61880_2","21.03.2023 12:07:35","21.03.2023 12:07:47"
"ASUSE","64883","21.03.2023 12:07:40",
"ASUSE","64950","20.02.2023 16:33:41","20.02.2023 16:33:54"
"ASUSE","64950","20.02.2023 16:35:35","20.02.2023 16:35:48"
"ASUSE","64950","20.02.2023 16:36:46","20.02.2023 16:37:06"
"ASUSE","64950","20.02.2023 16:38:10","20.02.2023 16:38:30"
"ASUSE","64950","20.02.2023 16:39:23",
"ASUSE","64950","20.02.2023 17:45:11",
"ASUSE","64950","20.02.2023 17:48:23",
"ASUSE","64950","20.02.2023 18:03:16","20.02.2023 18:03:28"
"ASUSE","64950","21.02.2023 9:45:15",
"ASUSE","64950","21.02.2023 10:08:14",
"ASUSE","64950","21.02.2023 10:25:51",
"ASUSE","64950","21.02.2023 10:27:27","21.02.2023 10:27:40"
"ASUSE","64950","21.02.2023 10:47:02","21.02.2023 10:48:51"
"ASUSE","61880-9-NEW","21.02.2023 13:24:09","21.02.2023 13:24:22"
"ASUSE","61880-9-NEW","21.02.2023 15:10:56","21.02.2023 15:11:13"
"ASUSE","61880-9-NEW","21.02.2023 15:40:51","21.02.2023 15:40:58"
"ASUSE","61880-9-NEW","21.02.2023 16:18:49","21.02.2023 16:19:03"
"ASUSE","64950","22.02.2023 15:05:55","22.02.2023 15:06:08"
"ASUSE","64950","22.02.2023 15:09:34","22.02.2023 15:09:47"
"ASUSE","64950","22.02.2023 15:13:00",
"ASUSE","64950","22.02.2023 15:15:41","22.02.2023 15:23:26"
"ASUSE","64950","24.02.2023 17:29:30","24.02.2023 17:30:07"
"ASUSE","61880_10","26.02.2023 13:04:10","26.02.2023 13:04:26"
"ASUSE","462359_rep","26.02.2023 13:14:07","26.02.2023 13:50:55"
"ASUSE","61880_17_v3","01.03.2023 9:52:34","01.03.2023 9:53:38"
"ASUSE","61880_17_v3","01.03.2023 10:10:32","01.03.2023 10:12:41"
"ASUSE","64950","01.03.2023 12:30:50",
"ASUSE","64950","01.03.2023 12:38:50",
"ASUSE","64950","01.03.2023 12:42:32",
"ASUSE","64950","01.03.2023 12:56:27","01.03.2023 12:56:40"
"ASUSE","64950","01.03.2023 13:11:27",
"ASUSE","64950","01.03.2023 13:13:47","01.03.2023 13:14:06"
"ASUSE","64950","01.03.2023 13:32:17",
"ASUSE","64950","01.03.2023 13:45:09","01.03.2023 13:45:22"
"ASUSE","64950","01.03.2023 13:48:40","01.03.2023 13:48:55"
"ASUSE","64950","01.03.2023 13:50:44","01.03.2023 13:51:00"
"ASUSE","64950","08.02.2023 18:22:07","08.02.2023 18:22:17"
"ASUSE","64950","09.02.2023 13:30:27","09.02.2023 13:30:43"
"ASUSE","64950","09.02.2023 13:40:05","09.02.2023 13:40:17"
"ASUSE","64950","09.02.2023 14:01:57","09.02.2023 14:02:19"
"ASUSE","61880_3","09.02.2023 14:29:11","09.02.2023 14:29:30"
"ASUSE","61880-9-NEW","09.02.2023 16:54:15","09.02.2023 16:54:31"
"ASUSE","61880_7","09.02.2023 17:02:57","09.02.2023 17:02:58"
"ASUSE","64948","10.03.2023 17:54:42","10.03.2023 17:54:47"
"ASUSE","64651","15.03.2023 13:11:14","15.03.2023 13:11:16"
"ASUSE","64651","15.03.2023 13:12:19","15.03.2023 13:13:45"
"ASUSE","64883","15.03.2023 13:20:01",
"ASUSE","64883","15.03.2023 13:20:21",
"ASUSE","64950","16.03.2023 14:10:43","16.03.2023 14:10:45"
"ASUSE","64950","16.03.2023 14:20:58","16.03.2023 14:21:09"
"ASUSE","64950","16.03.2023 14:40:34","16.03.2023 14:40:46"
"ASUSE","64950","16.03.2023 14:56:29","16.03.2023 14:56:36"
"ASUSE","61759_1","21.03.2023 12:16:24","21.03.2023 12:16:27"
"ASUSE","64950","01.03.2023 13:57:05","01.03.2023 13:57:25"
"ASUSE","64950","01.03.2023 14:00:11","01.03.2023 14:00:25"
"ASUSE","61880-9-NEW","05.03.2023 21:40:43","05.03.2023 21:40:53"
"ASUSE","61759_1","06.03.2023 11:43:09","06.03.2023 11:43:14"
"ASUSE","64455_1","09.02.2023 17:07:56","09.02.2023 17:08:02"
"ASUSE","64950","09.02.2023 17:20:01","09.02.2023 17:20:18"
"ASUSE","64651","15.03.2023 14:05:23","15.03.2023 14:05:25"
"ASUSE","64651","15.03.2023 15:53:44","15.03.2023 15:53:46"
"ASUSE","64950","16.03.2023 16:15:16","16.03.2023 16:15:17"
"ASUSE","61880-9-all","17.03.2023 13:19:49","17.03.2023 13:19:58"
"ASUSE","61880-9-all","17.03.2023 13:21:24","17.03.2023 13:21:28"
"ASUSE","61880-9-all","17.03.2023 13:22:45","17.03.2023 13:22:50"
"ASUSE","64650_2","07.02.2023 13:45:59",
"ASUSE","64950","08.02.2023 16:39:49",
"ASUSE","64950","08.02.2023 16:57:05",
"ASUSE","64950","08.02.2023 17:06:15",
"ASUSE","64950","08.02.2023 17:09:48",
"ASUSE","64950","08.02.2023 17:55:00","08.02.2023 17:55:10"
"ASUSE","64950","08.02.2023 17:59:42","08.02.2023 17:59:51"
"ASUSE","64950","08.02.2023 18:01:34","08.02.2023 18:01:43"
"ASUSE","64950","08.02.2023 18:54:27",
"ASUSE","64950","09.02.2023 11:40:16","09.02.2023 11:40:31"
"ASUSE","64950","09.02.2023 11:41:56","09.02.2023 11:42:12"
"ASUSE","64950","09.02.2023 11:54:12","09.02.2023 11:54:28"
"ASUSE","64883","13.02.2023 14:57:46","13.02.2023 14:57:47"
"ASUSE","64883","14.02.2023 17:23:26","14.02.2023 17:23:56"
"ASUSE","64883","14.02.2023 17:24:23","14.02.2023 17:24:27"
"ASUSE","61880_2_int_date","10.02.2023 17:19:13","10.02.2023 17:19:24"
"ASUSE","61880_2_int_date","10.02.2023 17:19:44",
"ASUSE","61880_2_int_date","10.02.2023 17:27:11","10.02.2023 17:27:22"
"ASUSE","61880_2_int_date","10.02.2023 17:46:47","10.02.2023 17:46:59"
"ASUSE","61880_2_int_date","13.02.2023 10:51:00","13.02.2023 10:51:13"
"ASUSE","61759_1","06.03.2023 11:45:57","06.03.2023 11:46:00"
"ASUSE","65409","06.03.2023 13:06:11","06.03.2023 13:06:15"
"ASUSE","61880_8","06.03.2023 14:26:33","06.03.2023 14:26:39"
"ASUSE","61880_17_v3","10.02.2023 12:50:34","10.02.2023 12:51:59"
"ASUSE","64650_2","07.02.2023 13:54:33","07.02.2023 13:54:48"
"ASUSE","61759_1","07.02.2023 14:44:21","07.02.2023 14:44:24"
"ASUSE","61880_3","15.02.2023 10:20:32","15.02.2023 10:20:43"
"ASUSE","61880_3","15.02.2023 10:35:41","15.02.2023 10:35:47"
"ASUSE","61880_3","15.02.2023 10:37:35","15.02.2023 10:37:46"
"ASUSE","64950","21.02.2023 10:32:20","21.02.2023 10:32:47"
"ASUSE","64950","21.02.2023 13:07:20","21.02.2023 13:07:36"
"ASUSE","61880-9-NEW","21.02.2023 14:09:09","21.02.2023 14:09:47"
"ASUSE","61880-9-NEW","21.02.2023 14:54:30","21.02.2023 14:54:49"
"ASUSE","61880_17_v3","21.02.2023 21:18:45","21.02.2023 21:19:28"
"ASUSE","64950","22.02.2023 13:15:33",
"ASUSE","64950","22.02.2023 13:18:56","22.02.2023 13:19:10"
"ASUSE","64950","24.02.2023 17:33:22","24.02.2023 17:33:36"
"ASUSE","64950","25.02.2023 22:59:41","25.02.2023 22:59:54"
"ASUSE","64950","25.02.2023 23:34:14","25.02.2023 23:34:32"
"ASUSE","64950","26.02.2023 12:04:25","26.02.2023 12:04:39"
"ASUSE","64883","13.02.2023 14:58:17","13.02.2023 14:59:23"
"ASUSE","64950","08.02.2023 16:42:28","08.02.2023 16:42:38"
"ASUSE","64950","08.02.2023 16:45:15",
"ASUSE","64950","08.02.2023 17:37:30",
"ASUSE","64950","08.02.2023 18:36:11",
"ASUSE","64950","09.02.2023 9:51:06","09.02.2023 9:51:32"
"ASUSE","64950","09.02.2023 9:53:49","09.02.2023 9:54:03"
"ASUSE","64950","09.02.2023 10:16:47","09.02.2023 10:17:01"
"ASUSE","64950","09.02.2023 10:24:54","09.02.2023 10:25:10"
"ASUSE","64950","09.02.2023 11:19:02","09.02.2023 11:19:16"
"ASUSE","64950","09.02.2023 11:31:20","09.02.2023 11:31:34"
"ASUSE","61880_2_int_date","10.02.2023 16:25:22",
"ASUSE","61880_2_int_date","10.02.2023 16:26:54","10.02.2023 16:27:05"
"ASUSE","61880_2_int_date","10.02.2023 16:28:37","10.02.2023 16:28:48"
"ASUSE","61880_2_int_date","10.02.2023 16:29:07","10.02.2023 16:29:18"
"ASUSE","61880_2_int_date","10.02.2023 16:29:58",
"ASUSE","61880_2_int_date","10.02.2023 16:35:40","10.02.2023 16:35:52"
"ASUSE","61880_2_int_date","10.02.2023 16:36:19","10.02.2023 16:36:30"
"ASUSE","61880_2_int_date","10.02.2023 16:46:25",
"ASUSE","61880_2_int_date","10.02.2023 16:56:22","10.02.2023 16:56:33"
"ASUSE","61880_2_int_date","10.02.2023 16:57:22",
"ASUSE","61880_2_int_date","10.02.2023 17:00:56",
"ASUSE","65409","06.03.2023 13:08:13","06.03.2023 13:08:15"
"ASUSE","61880_17_v3","13.02.2023 13:19:02","13.02.2023 13:20:30"
"ASUSE","61880-9-NEW","21.02.2023 13:36:04","21.02.2023 13:36:15"
"ASUSE","64950","22.02.2023 14:54:24","22.02.2023 14:54:37"
"ASUSE","64950","24.02.2023 20:04:26","24.02.2023 20:04:40"
"ASUSE","64950","25.02.2023 17:50:14","25.02.2023 17:50:29"
"ASUSE","64950","25.02.2023 22:10:48",
"ASUSE","64883","28.02.2023 15:10:06","28.02.2023 15:10:08"
"ASUSE","64883","28.02.2023 15:10:46","28.02.2023 15:10:46"
"ASUSE","64883","28.02.2023 15:11:33","28.02.2023 15:11:43"
"ASUSE","64883","28.02.2023 15:11:51","28.02.2023 15:11:52"
"ASUSE","64883","28.02.2023 15:11:58","28.02.2023 15:12:08"
"ASUSE","64883","28.02.2023 15:12:50","28.02.2023 15:13:00"
"ASUSE","64950","20.02.2023 17:17:37",
"ASUSE","64950","20.02.2023 17:23:07","20.02.2023 17:24:23"
"ASUSE","64950","20.02.2023 17:25:50","20.02.2023 17:26:03"
"ASUSE","64950","20.02.2023 17:35:19","20.02.2023 17:36:34"
"ASUSE","64950","20.02.2023 17:42:40",
"ASUSE","64950","20.02.2023 17:50:56","20.02.2023 17:51:41"
"ASUSE","64950","21.02.2023 12:19:54",
"ASUSE","64950","21.02.2023 12:24:26","21.02.2023 12:24:40"
"ASUSE","64950","26.02.2023 12:16:49","26.02.2023 12:17:28"
"ASUSE","64950","26.02.2023 12:46:10","26.02.2023 12:46:32"
"ASUSE","64950","26.02.2023 12:49:18","26.02.2023 12:49:41"
"ASUSE","64950","26.02.2023 14:41:05","26.02.2023 14:41:20"
"ASUSE","61880_17_v3","26.02.2023 18:11:23","26.02.2023 18:12:46"
"ASUSE","61880_17_v3","26.02.2023 18:15:11","26.02.2023 18:16:16"
"ASUSE","64950","26.02.2023 18:18:22","26.02.2023 18:18:40"
"ASUSE","64883","28.02.2023 16:57:26","28.02.2023 16:57:29"
"ASUSE","64950","01.03.2023 19:09:32","01.03.2023 19:09:38"
"ASUSE","64950","01.03.2023 19:11:55","01.03.2023 19:12:10"
"ASUSE","64950","01.03.2023 22:55:58","01.03.2023 22:56:12"
"ASUSE","64950","01.03.2023 23:07:55","01.03.2023 23:08:11"
"ASUSE","64950","02.03.2023 15:32:08",
"ASUSE","64950","02.03.2023 15:41:15",
"ASUSE","64950","02.03.2023 15:48:22",
"ASUSE","64950","02.03.2023 16:07:29",
"ASUSE","64950","02.03.2023 16:10:27",
"ASUSE","64950","02.03.2023 16:28:08",
"ASUSE","64950","02.03.2023 16:29:36","02.03.2023 16:29:52"
"ASUSE","64950","02.03.2023 17:23:43","02.03.2023 17:23:58"
"ASUSE","64950","02.03.2023 17:25:41","02.03.2023 17:25:44"
"ASUSE","64883","13.02.2023 15:10:33","13.02.2023 15:11:12"
"ASUSE","65409","06.03.2023 13:09:39","06.03.2023 13:09:41"
"ASUSE","65409","06.03.2023 13:11:45","06.03.2023 13:11:47"
"ASUSE","65409","28.02.2023 15:55:52","28.02.2023 15:55:53"
"ASUSE","65409","28.02.2023 15:56:40","28.02.2023 15:56:41"
"ASUSE","64950","08.02.2023 18:06:03","08.02.2023 18:06:13"
"ASUSE","462359_rep_year","10.02.2023 9:35:23",
"ASUSE","61880_2_int_date","10.02.2023 16:09:01","10.02.2023 16:09:13"
"ASUSE","61880_2_int_date","10.02.2023 16:21:40",
"ASUSE","61880_2_int_date","10.02.2023 16:22:42",
"ASUSE","64950","25.02.2023 17:13:06",
"ASUSE","64950","25.02.2023 17:13:32",
"ASUSE","64950","25.02.2023 17:20:19","25.02.2023 17:20:41"
"ASUSE","64950","25.02.2023 17:31:15","25.02.2023 17:31:44"
"ASUSE","64950","25.02.2023 17:52:38","25.02.2023 17:54:05"
"ASUSE","64950","25.02.2023 22:13:05","25.02.2023 22:13:18"
"ASUSE","64950","25.02.2023 22:21:08","25.02.2023 22:21:22"
"ASUSE","64950","25.02.2023 22:49:20","25.02.2023 22:49:38"
"ASUSE","61880_17_v3","27.02.2023 11:48:12","27.02.2023 11:49:43"
"ASUSE","61880-9-NEW","27.02.2023 14:54:30",
"ASUSE","61880-9-NEW","27.02.2023 14:57:13","27.02.2023 14:58:00"
"ASUSE","61880-9-NEW","27.02.2023 15:02:28","27.02.2023 15:02:42"
"ASUSE","61880-9-NEW","27.02.2023 15:49:23","27.02.2023 15:49:37"
"ASUSE","64950","27.02.2023 16:08:10","27.02.2023 16:08:30"
"ASUSE","64651","06.03.2023 18:29:55",
"ASUSE","64651","06.03.2023 18:33:53",
"ASUSE","64651","06.03.2023 18:42:18",
"ASUSE","64883","13.02.2023 15:11:25","13.02.2023 15:11:44"
"ASUSE","65409","06.03.2023 13:12:25","06.03.2023 13:12:26"
"ASUSE","61759_1","06.03.2023 13:16:23","06.03.2023 13:17:17"
"ASUSE","61880-9-NEW","21.02.2023 16:43:46","21.02.2023 16:43:53"
"ASUSE","61880-9-all","22.02.2023 17:11:41",
"ASUSE","61880-9-all","22.02.2023 17:12:15",
"ASUSE","61880-9-all","22.02.2023 17:13:55","22.02.2023 17:21:28"
"ASUSE","65409","28.02.2023 15:56:55","28.02.2023 15:56:55"
"ASUSE","65409","28.02.2023 15:57:15","28.02.2023 15:57:15"
"ASUSE","64883","28.02.2023 17:44:00","28.02.2023 17:44:01"
"ASUSE","64883","28.02.2023 17:44:08","28.02.2023 17:44:30"
"ASUSE","64651","07.03.2023 8:33:24",
"ASUSE","64651","07.03.2023 8:39:38",
"ASUSE","64651","07.03.2023 8:47:03","07.03.2023 8:47:56"
"ASUSE","64651","07.03.2023 8:52:07","07.03.2023 8:55:27"
"ASUSE","64224","10.02.2023 11:49:46",
"ASUSE","64224","10.02.2023 12:08:08",
"ASUSE","64224","10.02.2023 12:49:18",
"ASUSE","65409","06.03.2023 13:19:34","06.03.2023 13:19:55"
"ASUSE","61880_8","06.03.2023 14:25:28","06.03.2023 14:25:33"
"ASUSE","64950","21.02.2023 10:11:50","21.02.2023 10:12:03"
"ASUSE","61880_17_v3","22.02.2023 12:10:37","22.02.2023 12:11:25"
"ASUSE","64950","01.03.2023 12:51:28",
"ASUSE","64651","06.03.2023 14:13:18",
"ASUSE","64651","07.03.2023 9:14:33","07.03.2023 9:18:00"
"ASUSE","64651","07.03.2023 9:23:41","07.03.2023 9:23:44"
"ASUSE","64651","07.03.2023 10:59:24","07.03.2023 10:59:28"
"ASUSE","64651","07.03.2023 11:23:49","07.03.2023 11:23:53"
"ASUSE","64950","15.03.2023 11:03:54","15.03.2023 11:05:02"
"ASUSE","64883","14.02.2023 11:34:49","14.02.2023 11:34:53"
"ASUSE","64651","07.03.2023 9:58:11",
"ASUSE","64651","07.03.2023 10:03:42",
"ASUSE","64651","07.03.2023 10:09:24",
"ASUSE","64651","07.03.2023 10:15:15",
"ASUSE","64651","06.03.2023 14:23:39",
"ASUSE","64651","06.03.2023 16:00:29",
"ASUSE","64651","06.03.2023 16:35:04",
"ASUSE","64651","06.03.2023 16:45:19",
"ASUSE","61880-9-NEW","21.02.2023 14:59:58","21.02.2023 15:00:33"
"ASUSE","64950","15.03.2023 18:51:40","15.03.2023 18:51:56"
"ASUSE","64950","15.03.2023 18:53:40","15.03.2023 18:53:46"
"ASUSE","64950","15.03.2023 19:02:31","15.03.2023 19:02:34"
"ASUSE","64950","15.03.2023 19:04:09","15.03.2023 19:04:12"
"ASUSE","64950","16.03.2023 9:28:52",
"ASUSE","64950","16.03.2023 9:29:11",
"ASUSE","64950","16.03.2023 9:32:39",
"ASUSE","64950","16.03.2023 10:09:28","16.03.2023 10:09:32"
"ASUSE","64950","16.03.2023 11:11:49","16.03.2023 11:11:53"
"ASUSE","64950","16.03.2023 13:14:35","16.03.2023 13:14:37"
"ASUSE","64950","16.03.2023 13:20:58","16.03.2023 13:20:59"
"ASUSE","64950","16.03.2023 13:25:50","16.03.2023 13:25:56"
"ASUSE","61880-9-NEW","17.03.2023 13:24:26",
"ASUSE","61880-9-NEW","17.03.2023 13:35:40",
"ASUSE","61880-9-all","17.03.2023 13:52:43","17.03.2023 13:52:47"
"ASUSE","61880-9-all","17.03.2023 13:55:53","17.03.2023 13:55:57"
"ASUSE","61880-9-NEW","17.03.2023 14:22:30","17.03.2023 14:22:38"
"ASUSE","61880-9-NEW","17.03.2023 14:24:37","17.03.2023 16:20:35"
"ASUSE","61880-9-NEW","17.03.2023 17:05:07","17.03.2023 18:59:44"
"ASUSE","61880-9-NEW","17.03.2023 19:45:48","17.03.2023 21:43:40"
"ASUSE","64883","20.03.2023 17:11:45","20.03.2023 17:11:51"
"ASUSE","61880_2","21.03.2023 9:36:40","21.03.2023 9:36:54"
"ASUSE","64883","14.02.2023 11:36:37","14.02.2023 11:36:38"
"ASUSE","64883_2","11.04.2023 17:53:12","11.04.2023 17:53:13"
"ASUSE","64883","12.04.2023 14:25:22","12.04.2023 14:25:25"
"ASUSE","64883","12.04.2023 14:27:36","12.04.2023 14:27:38"
"ASUSE","64883","12.04.2023 14:29:17","12.04.2023 14:29:20"
"ASUSE","64883","12.04.2023 14:30:58","12.04.2023 14:31:01"
"ASUSE","64883","12.04.2023 14:31:51","12.04.2023 14:31:53"
"ASUSE","64883","12.04.2023 14:59:50","12.04.2023 14:59:53"
"ASUSE","64883","12.04.2023 15:06:01","12.04.2023 15:06:03"
"ASUSE","64883_2","12.04.2023 17:45:18","12.04.2023 17:45:18"
"ASUSE","64883_2","12.04.2023 17:56:43","12.04.2023 17:56:45"
"ASUSE","61880-9-NEW","22.05.2023 13:04:19","22.05.2023 13:04:45"
"ASUSE","64224","16.06.2023 16:47:40",
"ASUSE","64651","25.04.2023 14:12:32",
"ASUSE","64651","25.04.2023 15:32:49",
"ASUSE","64809","05.05.2023 18:15:55","05.05.2023 18:15:58"
"ASUSE","64809","05.05.2023 18:34:26",
"ASUSE","64809","05.05.2023 18:35:22","05.05.2023 18:35:23"
"ASUSE","64809","05.05.2023 18:36:39",
"ASUSE","64809","05.05.2023 18:38:11",
"ASUSE","64809","05.05.2023 18:40:09","05.05.2023 18:40:12"
"ASUSE","64809","05.05.2023 18:42:34","05.05.2023 18:42:35"
"ASUSE","64809","05.05.2023 18:43:03","05.05.2023 18:43:05"
"ASUSE","64809","05.05.2023 19:01:52","05.05.2023 19:01:55"
"ASUSE","61880_10","11.05.2023 13:52:12","11.05.2023 13:52:19"
"ASUSE","61880_17_v3","29.03.2023 12:41:56","29.03.2023 12:42:17"
"ASUSE","61880_17_v3","22.05.2023 19:10:34","22.05.2023 19:11:15"
"ASUSE","61880-9-NEW","10.07.2023 17:08:30",
"ASUSE","61759_1","24.03.2023 15:37:52","24.03.2023 15:37:58"
"ASUSE","61880_20","24.03.2023 15:45:01","24.03.2023 15:45:08"
"ASUSE","64651","26.04.2023 11:55:36","26.04.2023 11:55:42"
"ASUSE","61880_3","03.05.2023 10:09:45","03.05.2023 10:09:46"
"ASUSE","61880_17_v3","29.05.2023 14:12:32","29.05.2023 14:12:50"
"ASUSE","64224","16.06.2023 17:05:59",
"ASUSE","64949","22.06.2023 18:14:52","22.06.2023 18:14:55"
"ASUSE","64651","25.04.2023 15:36:42",
"ASUSE","64651","25.04.2023 15:59:55",
"ASUSE","61880_10","11.05.2023 14:00:38","11.05.2023 14:00:43"
"ASUSE","64950","11.05.2023 14:48:26","11.05.2023 14:48:27"
"ASUSE","64950","12.05.2023 14:33:42","12.05.2023 14:33:45"
"ASUSE","64455_1","16.05.2023 12:08:06","16.05.2023 12:08:09"
"ASUSE","64455_1","16.05.2023 12:10:33","16.05.2023 12:10:42"
"ASUSE","61880-9-NEW","22.05.2023 12:49:59","22.05.2023 12:50:15"
"ASUSE","61880-9-NEW","22.05.2023 12:52:51","22.05.2023 13:20:13"
"ASUSE","61880-9-NEW","22.05.2023 13:20:00",
"ASUSE","64455_1","22.05.2023 21:40:37","22.05.2023 21:40:42"
"ASUSE","61880_17_v3","29.05.2023 13:21:49","29.05.2023 13:22:10"
"ASUSE","61880-9-NEW","10.07.2023 23:15:42","11.07.2023 0:25:22"
"ASUSE","64651","26.04.2023 11:58:21","26.04.2023 11:58:27"
"ASUSE","64651","26.04.2023 12:01:47","26.04.2023 12:01:53"
"ASUSE","61880_3_new","03.05.2023 10:10:23","03.05.2023 10:10:24"
"ASUSE","61880_3","03.05.2023 10:41:55","03.05.2023 10:41:59"
"ASUSE","61880_3","03.05.2023 10:50:26","03.05.2023 10:50:30"
"ASUSE","61880_3","03.05.2023 10:51:35","03.05.2023 10:51:39"
"ASUSE","61880_3","03.05.2023 10:52:31","03.05.2023 10:52:35"
"ASUSE","61880_3","03.05.2023 10:54:08","03.05.2023 10:54:12"
"ASUSE","61880_3_new","10.05.2023 9:46:25","10.05.2023 9:46:27"
"ASUSE","64883","10.05.2023 10:25:50","10.05.2023 10:25:53"
"ASUSE","64883","10.05.2023 10:25:58","10.05.2023 10:26:00"
"ASUSE","64883","10.05.2023 10:26:07","10.05.2023 10:26:09"
"ASUSE","64883","10.05.2023 10:26:15","10.05.2023 10:26:17"
"ASUSE","65015","01.06.2023 11:33:33","01.06.2023 11:33:36"
"ASUSE","65015","01.06.2023 11:34:13","01.06.2023 11:34:14"
"ASUSE","65015","01.06.2023 11:35:13","01.06.2023 11:35:17"
"ASUSE","64483_1","01.06.2023 11:38:06",
"ASUSE","64224","16.06.2023 17:36:30",
"ASUSE","64224","16.06.2023 17:40:12",
"ASUSE","64651","25.04.2023 16:01:15","25.04.2023 16:01:16"
"ASUSE","64651","25.04.2023 18:42:42",
"ASUSE","61880-9-NEW","22.05.2023 13:25:04",
"ASUSE","61880-9-NEW","22.05.2023 13:30:16","22.05.2023 13:30:44"
"ASUSE","61880-9-NEW","22.05.2023 13:34:02","22.05.2023 13:34:31"
"ASUSE","61880-9-NEW","22.05.2023 13:38:04","22.05.2023 13:38:20"
"ASUSE","61880-9-NEW","22.05.2023 13:38:37","22.05.2023 13:39:06"
"ASUSE","61880-9-NEW","22.05.2023 13:40:33","22.05.2023 13:40:59"
"ASUSE","61880-9-NEW","22.05.2023 13:42:12",
"ASUSE","61880_17_v3","29.05.2023 15:03:07","29.05.2023 15:03:58"
"ASUSE","64651","26.04.2023 12:05:48","26.04.2023 12:05:55"
"ASUSE","64651","26.04.2023 12:09:51","26.04.2023 12:09:58"
"ASUSE","64883_2","10.05.2023 10:27:47","10.05.2023 10:27:48"
"ASUSE","64883_2","10.05.2023 10:27:56","10.05.2023 10:27:58"
"ASUSE","64883_2","10.05.2023 10:28:05","10.05.2023 10:28:06"
"ASUSE","64883_2","10.05.2023 10:38:23","10.05.2023 10:38:24"
"ASUSE","64883_2","10.05.2023 10:38:32","10.05.2023 10:38:33"
"ASUSE","64883_2","10.05.2023 10:42:26","10.05.2023 10:42:27"
"ASUSE","64883_2","10.05.2023 10:44:06","10.05.2023 10:44:07"
"ASUSE","64883_2","10.05.2023 10:44:50","10.05.2023 10:44:52"
"ASUSE","64883_2","10.05.2023 10:45:29","10.05.2023 10:45:30"
"ASUSE","64883_2","10.05.2023 10:46:07","10.05.2023 10:46:08"
"ASUSE","64883_2","10.05.2023 11:01:36","10.05.2023 11:01:38"
"ASUSE","64224","16.06.2023 17:55:21",
"ASUSE","64224","16.06.2023 18:00:32",
"ASUSE","61880_2_int_date","22.06.2023 19:07:15","22.06.2023 19:07:30"
"ASUSE","61880_2_int_date","22.06.2023 19:08:00","22.06.2023 19:08:11"
"ASUSE","61880_2_int_date","22.06.2023 19:20:41","22.06.2023 19:20:52"
"ASUSE","64651","25.04.2023 18:43:59",
"ASUSE","64651","25.04.2023 18:44:59",
"ASUSE","61880-9-NEW","22.05.2023 13:44:53",
"ASUSE","61880_20","22.05.2023 21:42:07","22.05.2023 21:42:09"
"ASUSE","462361","23.05.2023 11:15:33",
"ASUSE","61880-9-NEW","24.05.2023 17:30:46","24.05.2023 18:48:10"
"ASUSE","64455_1","29.05.2023 17:42:28","29.05.2023 17:42:35"
"ASUSE","64950","30.05.2023 15:51:57","30.05.2023 15:52:01"
"ASUSE","64950","30.05.2023 16:06:49","30.05.2023 16:06:51"
"ASUSE","64950","30.05.2023 16:24:07","30.05.2023 16:24:09"
"ASUSE","64455_1","29.05.2023 17:40:35","29.05.2023 17:40:44"
"ASUSE","64651","26.04.2023 12:18:08","26.04.2023 12:18:14"
"ASUSE","64651","27.04.2023 11:56:45","27.04.2023 11:56:46"
"ASUSE","64950","12.05.2023 15:28:06","12.05.2023 15:28:09"
"ASUSE","64950","15.05.2023 11:56:12","15.05.2023 11:56:15"
"ASUSE","64950","19.05.2023 10:39:13","19.05.2023 10:39:14"
"ASUSE","61880-9-NEW","22.05.2023 11:35:38","22.05.2023 12:31:24"
"ASUSE","61880_2_int_date","22.05.2023 13:10:15","22.05.2023 13:10:21"
"ASUSE","61880_2_int_date","22.05.2023 14:52:25","22.05.2023 14:52:31"
"ASUSE","61880_2_int_date","22.05.2023 14:59:35","22.05.2023 14:59:41"
"ASUSE","61880_2_int_date","22.05.2023 15:01:44","22.05.2023 15:01:50"
"ASUSE","64224","16.06.2023 18:01:32",
"ASUSE","64224","16.06.2023 18:05:52",
"ASUSE","61880_2_int_date","22.06.2023 19:26:21","22.06.2023 19:26:32"
"ASUSE","64224","26.06.2023 15:58:40","26.06.2023 16:11:14"
"ASUSE","64224","27.06.2023 13:04:25","27.06.2023 13:16:44"
"ASUSE","61880_2_int_date","29.06.2023 18:56:06","29.06.2023 18:56:12"
"ASUSE","64651","25.04.2023 18:46:46","25.04.2023 18:46:52"
"ASUSE","64651","25.04.2023 18:49:21","25.04.2023 18:49:58"
"ASUSE","64950","30.05.2023 16:32:06","30.05.2023 16:32:08"
"ASUSE","61880_2_int_date","07.06.2023 10:23:59","07.06.2023 10:23:59"
"ASUSE","61880_2_int_date","08.06.2023 11:37:17","08.06.2023 11:37:18"
"ASUSE","61880_7","29.05.2023 17:44:19","29.05.2023 17:44:20"
"ASUSE","64651","27.04.2023 12:05:07","27.04.2023 12:05:13"
"ASUSE","65116","04.05.2023 17:35:50","04.05.2023 17:35:51"
"ASUSE","64224","16.06.2023 18:07:52",
"ASUSE","64224","16.06.2023 18:23:24",
"ASUSE","61880_2_int_date","29.06.2023 18:56:42","29.06.2023 18:56:47"
"ASUSE","61880-9-NEW","10.07.2023 13:28:43",
"ASUSE","61880-9-NEW","10.07.2023 13:42:05",
"ASUSE","61880-9-NEW","10.07.2023 14:02:31","10.07.2023 14:02:53"
"ASUSE","64651","26.04.2023 9:25:45","26.04.2023 9:25:51"
"ASUSE","64651","26.04.2023 11:09:14","26.04.2023 11:09:20"
"ASUSE","61880_2_int_date","08.06.2023 12:05:04","08.06.2023 12:05:05"
"ASUSE","61880_2_int_date","08.06.2023 12:37:38","08.06.2023 12:37:49"
"ASUSE","61880_2_int_date","08.06.2023 14:48:56","08.06.2023 14:49:07"
"ASUSE","61880_2_int_date","08.06.2023 14:50:18","08.06.2023 14:50:24"
"ASUSE","61880_2_int_date","08.06.2023 15:05:06","08.06.2023 15:05:17"
"ASUSE","61880_2_int_date","08.06.2023 15:41:33","08.06.2023 15:41:43"
"ASUSE","64455_1","01.06.2023 11:37:09","01.06.2023 11:37:12"
"ASUSE","64224","16.06.2023 10:15:40",
"ASUSE","64950","03.08.2023 19:12:26","03.08.2023 19:12:38"
"ASUSE","61880_2_int_date","07.08.2023 15:26:50","07.08.2023 15:27:07"
"ASUSE","462353","09.08.2023 18:28:18","09.08.2023 18:28:44"
"ASUSE","64651","10.05.2023 9:46:52","10.05.2023 9:47:23"
"ASUSE","61759_1","22.05.2023 11:06:42","22.05.2023 11:06:44"
"ASUSE","61880_2_int_date","22.05.2023 17:38:41","22.05.2023 17:38:47"
"ASUSE","61880_20","21.03.2023 12:41:01","21.03.2023 12:41:04"
"ASUSE","65116","20.04.2023 11:55:12","20.04.2023 11:55:13"
"ASUSE","64651","25.04.2023 13:45:11","25.04.2023 13:45:12"
"ASUSE","64651","26.04.2023 11:14:01","26.04.2023 11:14:07"
"ASUSE","64651","26.04.2023 11:15:54","26.04.2023 11:16:00"
"ASUSE","61880_2_int_date","08.06.2023 17:34:23","08.06.2023 17:34:30"
"ASUSE","61880_2_int_date","08.06.2023 17:41:28","08.06.2023 17:41:33"
"ASUSE","61880_2_int_date","08.06.2023 17:51:35","08.06.2023 17:51:46"
"ASUSE","61880_2_int_date","08.06.2023 18:02:38","08.06.2023 18:02:48"
"ASUSE","61880_2_int_date","08.06.2023 18:21:53","08.06.2023 18:22:04"
"ASUSE","61880_2_int_date","08.06.2023 18:29:23","08.06.2023 18:29:34"
"ASUSE","61880_7","21.03.2023 16:22:18","21.03.2023 16:22:19"
"ASUSE","63051","23.05.2023 11:16:42","23.05.2023 11:16:44"
"ASUSE","65116","23.05.2023 11:17:50","23.05.2023 11:17:52"
"ASUSE","61880_2_int_date","23.05.2023 15:32:13","23.05.2023 15:32:19"
"ASUSE","61880_2_int_date","24.05.2023 12:28:42","24.05.2023 12:28:49"
"ASUSE","61880_2_int_date","24.05.2023 12:29:33","24.05.2023 12:29:40"
"ASUSE","61880_2_int_date","24.05.2023 12:45:38","24.05.2023 12:46:10"
"ASUSE","61880-9-NEW","24.05.2023 13:24:25",
"ASUSE","61880-9-NEW","24.05.2023 13:29:00","24.05.2023 13:29:33"
"ASUSE","61880-9-NEW","24.05.2023 13:30:11",
"ASUSE","65116","27.05.2023 13:28:57","27.05.2023 13:28:59"
"ASUSE","61880_19","22.03.2023 12:05:40","22.03.2023 12:05:44"
"ASUSE","64948","23.03.2023 9:43:43","23.03.2023 9:43:48"
"ASUSE","64883","13.04.2023 16:07:56","13.04.2023 16:07:57"
"ASUSE","64883","13.04.2023 16:08:16","13.04.2023 16:08:16"
"ASUSE","64883","13.04.2023 16:08:27","13.04.2023 16:08:28"
"ASUSE","64883","13.04.2023 16:09:08","13.04.2023 16:09:09"
"ASUSE","64883","13.04.2023 16:33:13","13.04.2023 16:33:16"
"ASUSE","64809","05.05.2023 17:34:28","05.05.2023 17:39:39"
"ASUSE","64651","26.04.2023 11:17:56","26.04.2023 11:18:03"
"ASUSE","64651","26.04.2023 11:24:42","26.04.2023 11:24:48"
"ASUSE","64224","16.06.2023 16:37:13",
"ASUSE","64224","16.06.2023 16:53:57","16.06.2023 16:57:04"
"ASUSE","61880-9-NEW","10.07.2023 15:06:18","10.07.2023 15:06:39"
"ASUSE","61880-9-NEW","10.07.2023 15:17:03","10.07.2023 15:17:20"
"ASUSE","61880-9-NEW","10.07.2023 15:18:59",
"ASUSE","61880-9-NEW","10.07.2023 15:53:18",
"ASUSE","61880-9-NEW","10.07.2023 16:30:00",
"ASUSE","61880-9-NEW","10.07.2023 16:39:48","10.07.2023 16:40:08"
"ASUSE","61880-9-NEW","10.07.2023 16:41:39",
"ASUSE","61880-9-NEW","10.07.2023 17:18:18",
"ASUSE","61880-9-NEW","10.07.2023 17:24:48",
"ASUSE","61880_19","21.03.2023 16:37:01","21.03.2023 16:37:08"
"ASUSE","65116","30.03.2023 10:44:35","30.03.2023 10:44:39"
"ASUSE","64883","05.04.2023 15:55:40","05.04.2023 15:55:44"
"ASUSE","64883_2","06.04.2023 15:30:16","06.04.2023 15:30:17"
"ASUSE","64883_2","06.04.2023 15:30:28","06.04.2023 15:30:28"
"ASUSE","64883_2","12.04.2023 10:24:26","12.04.2023 10:24:27"
"ASUSE","64883_2","12.04.2023 10:47:36","12.04.2023 10:47:37"
"ASUSE","64883_2","12.04.2023 11:00:55","12.04.2023 11:00:55"
"ASUSE","64883","12.04.2023 12:03:59","12.04.2023 12:04:00"
"ASUSE","64883","12.04.2023 12:04:12","12.04.2023 12:04:22"
"ASUSE","61880_17_v3","27.05.2023 14:27:19","27.05.2023 14:27:37"
"ASUSE","64651","23.03.2023 9:57:25","23.03.2023 9:57:28"
"ASUSE","64651","23.03.2023 11:55:08","23.03.2023 11:55:14"
"ASUSE","64809","02.05.2023 10:43:56","02.05.2023 10:49:32"
"ASUSE","64809","02.05.2023 10:53:14","02.05.2023 10:58:45"
"ASUSE","61880-9-NEW","02.05.2023 11:11:57","02.05.2023 11:12:27"
"ASUSE","64651","26.04.2023 11:27:14","26.04.2023 11:27:20"
"ASUSE","64651","02.05.2023 11:56:36","02.05.2023 11:57:11"
"ASUSE","61880-9-NEW","10.07.2023 17:25:12",
"ASUSE","61880-9-NEW","10.07.2023 17:31:14",
"ASUSE","61880-9-NEW","10.07.2023 17:33:30","10.07.2023 17:33:55"
"ASUSE","61880-9-NEW","10.07.2023 17:34:32",
"ASUSE","61880-9-NEW","11.07.2023 14:35:24","11.07.2023 14:35:43"
"ASUSE","61880-9-NEW","11.07.2023 14:45:11",
"ASUSE","61880-9-NEW","11.07.2023 14:47:51","11.07.2023 15:09:26"
"ASUSE","61880-9-NEW","11.07.2023 16:39:20","11.07.2023 16:39:45"
"ASUSE","61880-9-NEW","11.07.2023 16:40:46","11.07.2023 16:41:31"
"ASUSE","65116","30.03.2023 10:56:48","30.03.2023 10:56:58"
"ASUSE","64948","06.04.2023 12:36:26",
"ASUSE","64883","12.04.2023 12:04:50","12.04.2023 12:05:00"
"ASUSE","61880_17_v3","27.05.2023 14:33:47","27.05.2023 14:34:17"
"ASUSE","61880_19","28.03.2023 15:33:29","28.03.2023 15:33:38"
"ASUSE","64883_2","03.04.2023 13:27:52","03.04.2023 13:27:54"
"ASUSE","64883_2","03.04.2023 18:51:08","03.04.2023 18:51:09"
"ASUSE","64883_2","03.04.2023 18:55:48","03.04.2023 18:55:48"
"ASUSE","64883_2","03.04.2023 18:56:10","03.04.2023 18:56:10"
"ASUSE","64883_2","04.04.2023 11:26:51","04.04.2023 11:26:51"
"ASUSE","64883_2","04.04.2023 15:04:01","04.04.2023 15:04:03"
"ASUSE","64883_2","04.04.2023 15:04:30","04.04.2023 15:04:31"
"ASUSE","64883_2","04.04.2023 15:41:15","04.04.2023 15:41:15"
"ASUSE","61880_10","05.04.2023 19:49:29","05.04.2023 19:49:31"
"ASUSE","64455_1","02.05.2023 12:11:38","02.05.2023 12:11:40"
"ASUSE","64883_2","04.04.2023 16:07:15","04.04.2023 16:07:15"
"ASUSE","64883_2","04.04.2023 16:08:43","04.04.2023 16:08:43"
"ASUSE","64883_2","04.04.2023 16:09:18","04.04.2023 16:09:19"
"ASUSE","64883_2","04.04.2023 17:07:31","04.04.2023 17:07:31"
"ASUSE","64883_2","04.04.2023 17:08:18","04.04.2023 17:08:18"
"ASUSE","64883_2","04.04.2023 17:11:15","04.04.2023 17:11:16"
"ASUSE","64883_2","04.04.2023 17:11:50","04.04.2023 17:11:50"
"ASUSE","64883_2","04.04.2023 17:12:25","04.04.2023 17:12:25"
"ASUSE","64883_2","04.04.2023 17:13:00","04.04.2023 17:13:01"
"ASUSE","64883_2","04.04.2023 17:13:43","04.04.2023 17:13:44"
"ASUSE","64883_2","04.04.2023 17:14:44","04.04.2023 17:14:45"
"ASUSE","64883_2","04.04.2023 17:25:28","04.04.2023 17:25:29"
"ASUSE","64883_2","04.04.2023 18:01:39","04.04.2023 18:01:39"
"ASUSE","64651","13.04.2023 14:22:09","13.04.2023 14:22:12"
"ASUSE","64883","13.04.2023 16:38:02","13.04.2023 16:38:05"
"ASUSE","64883","13.04.2023 16:38:10","13.04.2023 16:38:12"
"ASUSE","64883","17.04.2023 12:30:37","17.04.2023 12:30:40"
"ASUSE","64883","17.04.2023 12:31:49","17.04.2023 12:31:50"
"ASUSE","64883","17.04.2023 13:00:46","17.04.2023 13:00:47"
"ASUSE","64950","24.04.2023 13:54:02","24.04.2023 13:54:02"
"ASUSE","64883_2","25.04.2023 9:14:47","25.04.2023 9:14:50"
"ASUSE","64809","25.04.2023 12:50:19","25.04.2023 14:11:18"
"ASUSE","61880_17_v3","27.05.2023 14:46:53","27.05.2023 14:47:24"
"ASUSE","64883_2","12.04.2023 10:09:54","12.04.2023 10:09:55"
"ASUSE","64883","12.04.2023 13:45:49","12.04.2023 13:45:52"
"ASUSE","64883_2","12.04.2023 14:11:05","12.04.2023 14:11:07"
"ASUSE","64651","25.04.2023 13:49:23","25.04.2023 13:49:30"
"ASUSE","64651","25.04.2023 13:51:16","25.04.2023 13:51:22"
"ASUSE","64455_1_total","02.05.2023 12:07:37","02.05.2023 12:07:45"
"ASUSE","64883","02.05.2023 13:05:17","02.05.2023 13:05:18"
"ASUSE","64883","02.05.2023 13:15:37","02.05.2023 13:15:45"
"ASUSE","64883_2","05.05.2023 10:38:51","05.05.2023 10:38:52"
"ASUSE","64455_1","02.05.2023 12:12:04","02.05.2023 12:12:12"
"ASUSE","64651","02.05.2023 12:47:20","02.05.2023 12:47:54"
"ASUSE","61880_2","28.03.2023 12:48:41","28.03.2023 12:49:54"
"ASUSE","61880_2_on_date","28.03.2023 12:52:18","28.03.2023 12:52:27"
"ASUSE","61880_3","27.04.2023 9:34:35","27.04.2023 9:34:37"
"ASUSE","61880_3_new","27.04.2023 11:17:40","27.04.2023 11:17:41"
"ASUSE","61880_3","27.04.2023 11:33:10","27.04.2023 11:33:11"
"ASUSE","61880_3","27.04.2023 11:38:13","27.04.2023 11:38:16"
"ASUSE","61880_3_new","27.04.2023 11:39:36","27.04.2023 11:39:38"
"ASUSE","61880_3_new","27.04.2023 11:52:44","27.04.2023 11:52:45"
"ASUSE","61880_17_v3","27.05.2023 15:46:48","27.05.2023 15:47:24"
"ASUSE","61880-9-NEW","27.05.2023 16:06:07",
"ASUSE","61880-9-NEW","27.05.2023 16:08:51",
"ASUSE","61880-9-NEW","27.05.2023 16:11:51",
"ASUSE","61880-9-NEW","27.05.2023 16:15:28","27.05.2023 16:16:03"
"ASUSE","61880-9-NEW","29.05.2023 10:26:19","29.05.2023 10:31:32"
"ASUSE","61880_17_v3","29.05.2023 10:38:43","29.05.2023 10:41:07"
"ASUSE","65116","29.03.2023 18:31:49","29.03.2023 18:31:54"
"ASUSE","64651","03.05.2023 9:00:57",
"ASUSE","64651","03.05.2023 9:03:31","03.05.2023 9:04:01"
"ASUSE","61880-9-NEW","11.07.2023 16:43:24","11.07.2023 16:43:40"
"ASUSE","61880_17_v3","11.07.2023 16:49:50","11.07.2023 16:50:33"
"ASUSE","61880-9-NEW","11.07.2023 16:54:17","11.07.2023 16:58:23"
"ASUSE","61880-9-NEW","11.07.2023 17:05:39","11.07.2023 17:06:18"
"ASUSE","61880-9-NEW","11.07.2023 17:42:27",
"ASUSE","61880-9-NEW","11.07.2023 17:47:35",
"ASUSE","64455_1_total","13.07.2023 12:11:04","13.07.2023 12:11:10"
"ASUSE","64948","28.03.2023 13:01:30","28.03.2023 13:01:37"
"ASUSE","64651","26.04.2023 11:38:28","26.04.2023 11:38:34"
"ASUSE","61880-9-NEW","27.04.2023 12:11:53","27.04.2023 13:27:55"
"ASUSE","64883_2","02.05.2023 10:18:55","02.05.2023 10:18:57"
"ASUSE","64883_2","02.05.2023 10:19:11","02.05.2023 10:19:13"
"ASUSE","64883_2","02.05.2023 10:29:39","02.05.2023 10:29:41"
"ASUSE","64883_2","02.05.2023 10:29:54","02.05.2023 10:29:56"
"ASUSE","64883_2","02.05.2023 10:58:48","02.05.2023 10:58:50"
"ASUSE","64883_2","02.05.2023 10:59:02","02.05.2023 10:59:04"
"ASUSE","64883","02.05.2023 11:03:54","02.05.2023 11:03:55"
"ASUSE","64883","02.05.2023 12:36:23","02.05.2023 12:36:25"
"ASUSE","64883_2","02.05.2023 12:57:01","02.05.2023 12:57:03"
"ASUSE","64883_2","02.05.2023 12:57:17","02.05.2023 12:57:19"
"ASUSE","61880_17_v3","29.05.2023 13:57:01","29.05.2023 13:57:38"
"ASUSE","61880_2_int_date","02.06.2023 17:11:43",
"ASUSE","61880_2_int_date","02.06.2023 17:12:46",
"ASUSE","61880_2_int_date","02.06.2023 17:17:31",
"ASUSE","61880_2_int_date","02.06.2023 17:22:48",
"ASUSE","61880_2_int_date","06.06.2023 14:51:50",
"ASUSE","61880_2_int_date","06.06.2023 14:56:13","06.06.2023 14:56:14"
"ASUSE","61880_2_int_date","06.06.2023 15:01:58","06.06.2023 15:01:59"
"ASUSE","61880_2_int_date","06.06.2023 15:08:55","06.06.2023 15:08:56"
"ASUSE","61880_2_int_date","06.06.2023 15:09:59","06.06.2023 15:09:59"
"ASUSE","61880_2_int_date","06.06.2023 15:40:31","06.06.2023 15:40:32"
"ASUSE","61880_2_int_date","06.06.2023 16:03:28","06.06.2023 16:03:28"
"ASUSE","61880_2_int_date","06.06.2023 16:04:57","06.06.2023 16:04:58"
"ASUSE","61880_2_int_date","07.06.2023 10:05:38","07.06.2023 10:05:38"
"ASUSE","65116","29.03.2023 18:37:31","29.03.2023 18:37:35"
"ASUSE","65116","29.03.2023 19:10:51",
"ASUSE","64809","05.04.2023 18:32:08","05.04.2023 18:32:09"
"ASUSE","64949","05.04.2023 18:33:14","05.04.2023 18:33:15"
"ASUSE","64651","03.05.2023 9:06:06","03.05.2023 9:06:36"
"ASUSE","64651","03.05.2023 10:01:32","03.05.2023 10:02:00"
"ASUSE","65015","13.07.2023 12:14:18","13.07.2023 12:14:20"
"ASUSE","64950","13.07.2023 15:55:48",
"ASUSE","64950","13.07.2023 15:59:06","13.07.2023 15:59:22"
"ASUSE","64950","19.07.2023 10:31:12","19.07.2023 10:31:15"
"ASUSE","61880_17","19.07.2023 15:48:25","19.07.2023 15:48:58"
"ASUSE","61880_17","19.07.2023 15:53:04","19.07.2023 15:53:35"
"ASUSE","61880_17","21.07.2023 14:19:17","21.07.2023 14:19:50"
"ASUSE","64651","26.04.2023 11:52:58","26.04.2023 11:53:04"
"ASUSE","64651","26.04.2023 11:54:07","26.04.2023 11:54:13"
"ASUSE","64883_2","02.05.2023 12:57:32","02.05.2023 12:57:35"
"ASUSE","64883_2","02.05.2023 12:57:48","02.05.2023 12:57:50"
"ASUSE","64883_2","02.05.2023 12:58:04","02.05.2023 12:58:06"
"ASUSE","64883_2","02.05.2023 12:58:19","02.05.2023 12:58:21"
"ASUSE","64883_2","02.05.2023 12:58:35","02.05.2023 12:58:37"
"ASUSE","64883_2","02.05.2023 12:58:52","02.05.2023 12:58:54"
"ASUSE","64883_2","02.05.2023 12:59:08","02.05.2023 12:59:10"
"ASUSE","64883_2","02.05.2023 12:59:25","02.05.2023 12:59:27"
"ASUSE","64883_2","02.05.2023 17:27:05","02.05.2023 17:27:08"
"ASUSE","64883_2","02.05.2023 17:30:02","02.05.2023 17:30:04"
"ASUSE","61880_3","03.05.2023 10:07:59","03.05.2023 10:08:01"
"ASUSE","64224","16.06.2023 11:35:50",
"ASUSE","64224","16.06.2023 16:32:32","16.06.2023 16:33:59"
"ASUSE","64809","16.06.2023 17:58:51","16.06.2023 17:59:11"
"ASUSE","64224","22.06.2023 15:46:36",
"ASUSE","64224","22.06.2023 15:50:24","22.06.2023 16:03:01"
"ASUSE","65116","30.03.2023 9:50:00","30.03.2023 9:50:08"
"ASUSE","65116","30.03.2023 12:39:14","30.03.2023 12:39:22"
"ASUSE","64809","05.04.2023 18:54:30","05.04.2023 18:54:59"
"ASUSE","61880_1","03.05.2023 22:58:10","03.05.2023 22:58:24"
"ASUSE","64651","04.05.2023 11:46:32",
"ASUSE","61880_17","21.07.2023 14:20:36","21.07.2023 14:21:09"
"ASUSE","61880_17","21.07.2023 16:48:55","21.07.2023 16:49:29"
"ASUSE","61880_17","21.07.2023 17:17:13","21.07.2023 17:17:46"
"ASUSE","61880_17","21.07.2023 17:20:18","21.07.2023 17:20:50"
"ASUSE","61880_17","24.07.2023 12:28:00","24.07.2023 12:28:34"
"ASUSE","61880_17","24.07.2023 12:31:41","24.07.2023 12:32:15"
"ASUSE","61880_17","24.07.2023 12:33:41","24.07.2023 12:34:14"
"ASUSE","61880_17","24.07.2023 12:39:10","24.07.2023 12:39:45"
"ASUSE","61880-9-NEW","26.07.2023 18:45:21","26.07.2023 20:01:22"
"ASUSE","61880_19","24.03.2023 15:22:36","24.03.2023 15:22:45"
"ASUSE","64224","16.06.2023 16:34:43",
"ASUSE","64455_1","06.04.2023 11:38:03","06.04.2023 11:38:10"
"ASUSE","64883_2","11.04.2023 12:45:05","11.04.2023 12:45:06"
"ASUSE","64483_1","13.04.2023 11:53:48",
"ASUSE","64483_1","13.04.2023 11:57:09","13.04.2023 11:58:10"
"ASUSE","64651","25.04.2023 13:52:31","25.04.2023 13:52:32"
"ASUSE","64651","04.05.2023 11:52:34",
"ASUSE","64651","04.05.2023 11:53:49",
"ASUSE","462361","28.07.2023 11:24:23",
"ASUSE","462361","28.07.2023 11:33:16","28.07.2023 11:33:47"
"ASUSE","462361","28.07.2023 11:33:58",
"ASUSE","462361","28.07.2023 11:34:22",
"ASUSE","462361","31.07.2023 13:31:14","31.07.2023 13:31:22"
"ASUSE","462361","31.07.2023 13:32:02","31.07.2023 13:32:09"
"ASUSE","462361","31.07.2023 13:36:37","31.07.2023 13:36:44"
"ASUSE","462361","31.07.2023 13:37:12","31.07.2023 13:37:21"
"ASUSE","61880_2_int_date","02.08.2023 12:39:51","02.08.2023 12:40:04"
"ASUSE","64883_2","03.08.2023 11:54:08","03.08.2023 11:54:13"
"ASUSE","64883_2","03.08.2023 11:54:26","03.08.2023 11:54:27"
"ASUSE","61880_19","23.03.2023 19:26:03","23.03.2023 19:26:07"
"ASUSE","61880-9-NEW","23.03.2023 19:33:16",
"ASUSE","64224","16.06.2023 16:40:51","16.06.2023 16:43:14"
"ASUSE","64651","25.04.2023 13:52:55","25.04.2023 13:53:01"
"ASUSE","64651","25.04.2023 13:59:12",
"ASUSE","64883_2","05.05.2023 10:43:13","05.05.2023 10:43:15"
"ASUSE","64883_2","05.05.2023 10:43:21","05.05.2023 10:43:22"
"ASUSE","64883_2","05.05.2023 10:43:28","05.05.2023 10:43:30"
"ASUSE","64883_2","05.05.2023 10:57:47","05.05.2023 10:57:48"
"ASUSE","64883_2","05.05.2023 11:21:20","05.05.2023 11:21:21"
"ASUSE","64883_2","05.05.2023 11:21:27","05.05.2023 11:21:27"
"ASUSE","64883_2","05.05.2023 11:21:56","05.05.2023 11:21:58"
"ASUSE","64883_2","05.05.2023 11:22:04","05.05.2023 11:22:05"
"ASUSE","64883_2","05.05.2023 11:25:26","05.05.2023 11:25:27"
"ASUSE","64651","04.05.2023 12:02:43","04.05.2023 12:02:44"
"ASUSE","64651","04.05.2023 12:04:21","04.05.2023 12:04:22"
"ASUSE","64883_2","03.08.2023 11:54:39","03.08.2023 11:54:41"
"ASUSE","64883_2","03.08.2023 11:54:52","03.08.2023 11:54:54"
"ASUSE","64950","03.08.2023 15:30:36","03.08.2023 15:30:43"
"ASUSE","64950","03.08.2023 15:33:28","03.08.2023 15:33:48"
"ASUSE","64950","03.08.2023 16:18:17","03.08.2023 16:18:23"
"ASUSE","64950","03.08.2023 16:21:57","03.08.2023 16:22:03"
"ASUSE","64950","03.08.2023 19:10:35","03.08.2023 19:10:41"
"ASUSE","65409","17.05.2023 14:20:10","17.05.2023 14:20:11"
"ASUSE","65409","17.05.2023 14:20:50","17.05.2023 14:20:50"
"ASUSE","61880_17","19.07.2023 13:47:34","19.07.2023 13:48:04"
"ASUSE","61880_7","22.03.2023 17:30:13","22.03.2023 17:30:14"
"ASUSE","61880-9-NEW","22.05.2023 13:14:50",
"ASUSE","61880_17_v3","29.05.2023 18:10:07","29.05.2023 18:10:41"
"ASUSE","61880_2_int_date","07.06.2023 23:46:57","07.06.2023 23:46:57"
"ASUSE","61880_2_int_date","07.06.2023 23:49:41","07.06.2023 23:49:41"
"ASUSE","61880_2_int_date","08.06.2023 0:04:43","08.06.2023 0:04:43"
"ASUSE","61880_2_int_date","08.06.2023 0:10:02","08.06.2023 0:10:03"
"ASUSE","61880_2_int_date","08.06.2023 10:33:51","08.06.2023 10:33:52"
"ASUSE","65409","17.05.2023 14:21:25","17.05.2023 14:21:25"
"ASUSE","64224","17.06.2023 11:38:18","17.06.2023 11:40:02"
"ASUSE","462359_rep_year","09.08.2023 18:29:57",
"ASUSE","64650_2","20.09.2023 13:34:51","20.09.2023 13:36:44"
"ASUSE","64650_2","20.09.2023 13:38:33","20.09.2023 13:42:11"
"ASUSE","64650_2","20.09.2023 13:43:32","20.09.2023 13:58:21"
"ASUSE","64650_2","20.09.2023 13:58:47",
"ASUSE","61880_17","19.07.2023 14:40:41","19.07.2023 14:41:12"
"ASUSE","65116","29.03.2023 15:34:02","29.03.2023 15:34:06"
"ASUSE","65116","29.03.2023 15:35:14","29.03.2023 15:35:19"
"ASUSE","65116","29.03.2023 15:43:54","29.03.2023 15:45:08"
"ASUSE","64224","16.06.2023 19:52:49",
"ASUSE","64224","17.06.2023 12:03:38",
"ASUSE","61880_12","22.06.2023 18:19:47","22.06.2023 18:20:03"
"ASUSE","64650_2","21.09.2023 10:05:21",
"ASUSE","64650_2","21.09.2023 10:40:44","21.09.2023 10:41:09"
"ASUSE","64650_2","21.09.2023 10:48:01","21.09.2023 10:48:19"
"ASUSE","64650_2","21.09.2023 10:49:30","21.09.2023 10:49:47"
"ASUSE","64809","02.11.2023 16:04:06","02.11.2023 16:04:40"
"ASUSE","64809","02.11.2023 16:46:23","02.11.2023 16:46:52"
"ASUSE","64949","17.11.2023 15:49:54","17.11.2023 15:49:55"
"ASUSE","65015","01.06.2023 11:48:45","01.06.2023 11:48:46"
"ASUSE","61880_17","19.07.2023 14:44:21","19.07.2023 14:44:47"
"ASUSE","65116","29.03.2023 16:08:05","29.03.2023 16:08:10"
"ASUSE","64224","16.06.2023 20:10:33","16.06.2023 20:12:28"
"ASUSE","61880_17_v3","23.06.2023 11:37:01","23.06.2023 11:37:25"
"ASUSE","64224","26.06.2023 15:55:17","26.06.2023 15:55:47"
"ASUSE","64949","17.11.2023 15:50:33","17.11.2023 15:50:34"
"ASUSE","64809","17.11.2023 15:51:42","17.11.2023 15:51:47"
"ASUSE","61880-9-NEW","17.11.2023 15:52:46","17.11.2023 15:53:00"
"ASUSE","61880_3_new","17.11.2023 16:36:49","17.11.2023 16:36:51"
"ASUSE","61880_17","19.07.2023 15:43:35","19.07.2023 15:43:59"
"ASUSE","65116","29.03.2023 16:22:59","29.03.2023 16:23:03"
"ASUSE","64224","16.06.2023 20:13:38",
"ASUSE","64224","17.06.2023 9:53:03","17.06.2023 9:55:25"
"ASUSE","64224","17.06.2023 9:56:24",
"ASUSE","64809","21.06.2023 10:47:02","21.06.2023 10:47:24"
"ASUSE","64809","21.06.2023 16:23:54","21.06.2023 16:23:56"
"ASUSE","64809","22.06.2023 13:17:01","22.06.2023 13:17:03"
"ASUSE","64224","26.06.2023 16:12:20","26.06.2023 16:24:52"
"ASUSE","64224","27.06.2023 12:51:03","27.06.2023 13:03:37"
"ASUSE","61880-9-NEW","23.11.2023 19:36:56",
"ASUSE","61880-9-NEW","24.11.2023 17:45:00","24.11.2023 17:47:32"
"ASUSE","61880_9_v3","29.11.2023 17:01:46","29.11.2023 17:04:45"
"ASUSE","61880_17_v3","19.07.2023 15:45:34","19.07.2023 15:46:17"
"ASUSE","65116","29.03.2023 16:31:22","29.03.2023 16:31:26"
"ASUSE","61880_19","21.03.2023 12:43:07","21.03.2023 12:43:11"
"ASUSE","64948","21.03.2023 12:45:09","21.03.2023 12:45:13"
"ASUSE","64883_2","06.04.2023 12:21:14","06.04.2023 12:21:15"
"ASUSE","64883_2","06.04.2023 12:33:08","06.04.2023 12:33:09"
"ASUSE","64883_2","06.04.2023 16:23:06","06.04.2023 16:23:08"
"ASUSE","64809","17.04.2023 13:37:57","17.04.2023 13:37:58"
"ASUSE","64950","19.05.2023 10:32:23",
"ASUSE","61880_2_int_date","19.05.2023 16:25:51","19.05.2023 16:25:58"
"ASUSE","61880_2_int_date","19.05.2023 16:27:34","19.05.2023 16:27:40"
"ASUSE","61880_2_on_date","19.05.2023 16:40:18","19.05.2023 16:40:20"
"ASUSE","61880-9-NEW","24.05.2023 15:17:51","24.05.2023 16:34:01"
"ASUSE","61880_17","19.07.2023 15:54:46","19.07.2023 15:55:12"
"ASUSE","65116","29.03.2023 17:37:46","29.03.2023 17:37:50"
"ASUSE","64883","11.04.2023 9:30:45","11.04.2023 9:30:47"
"ASUSE","64809","11.04.2023 9:34:14","11.04.2023 9:36:33"
"ASUSE","64651","16.05.2023 18:19:35","16.05.2023 18:20:04"
"ASUSE","64950","20.07.2023 16:25:03","20.07.2023 16:25:14"
"ASUSE","64950","20.07.2023 17:30:43","20.07.2023 17:30:46"
"ASUSE","64650_2","22.09.2023 17:09:03",
"ASUSE","65409","24.03.2023 11:08:19","24.03.2023 11:08:20"
"ASUSE","64948","06.04.2023 12:45:40","06.04.2023 12:45:43"
"ASUSE","61880_7","21.03.2023 12:18:21","21.03.2023 12:18:22"
"ASUSE","61880-9-NEW","22.05.2023 13:34:47","22.05.2023 14:01:29"
"ASUSE","64224","16.06.2023 18:24:29",
"ASUSE","64224","16.06.2023 18:28:35",
"ASUSE","64650_2","19.09.2023 19:15:30","19.09.2023 19:15:58"
"ASUSE","64650_2","22.09.2023 16:47:34",
"ASUSE","64650_2","22.09.2023 16:52:19",
"ASUSE","64650_2","22.09.2023 16:58:00",
"ASUSE","64224","16.06.2023 18:30:51",
"ASUSE","61880_17_v3","19.06.2023 23:27:14","19.06.2023 23:27:32"
"ASUSE","64650_2","22.09.2023 17:17:47",
"ASUSE","64948","06.04.2023 12:56:14","06.04.2023 12:56:17"
"ASUSE","64809","17.04.2023 13:38:23","17.04.2023 14:09:29"
"ASUSE","61880_17","17.04.2023 16:00:54","17.04.2023 16:01:12"
"ASUSE","64809","19.04.2023 13:22:19","19.04.2023 13:31:56"
"ASUSE","64651","19.04.2023 14:02:12","19.04.2023 14:02:14"
"ASUSE","64651","19.04.2023 14:38:36","19.04.2023 14:39:39"
"ASUSE","64651","21.04.2023 11:13:27","21.04.2023 11:14:27"
"ASUSE","64651","21.04.2023 11:15:44","21.04.2023 11:16:03"
"ASUSE","64651","21.04.2023 11:27:27","21.04.2023 11:28:26"
"ASUSE","61880-9-all","21.04.2023 12:27:06","21.04.2023 12:27:07"
"ASUSE","61880-9-all","21.04.2023 12:27:13","21.04.2023 12:27:17"
"ASUSE","61880_17_v3","26.05.2023 17:45:24","26.05.2023 17:45:50"
"ASUSE","64950","30.05.2023 11:13:27","30.05.2023 11:13:30"
"ASUSE","61880_2_int_date","07.06.2023 23:36:55",
"ASUSE","64883_2","04.04.2023 14:54:02","04.04.2023 14:54:03"
"ASUSE","64883_2","04.04.2023 14:58:09","04.04.2023 14:58:09"
"ASUSE","64883_2","04.04.2023 14:58:36","04.04.2023 14:58:37"
"ASUSE","64883_2","04.04.2023 14:59:31","04.04.2023 14:59:32"
"ASUSE","64883_2","05.04.2023 17:49:48","05.04.2023 17:49:49"
"ASUSE","61880_2","05.04.2023 18:15:06","05.04.2023 18:15:16"
"ASUSE","64809","05.04.2023 18:27:50","05.04.2023 18:28:26"
"ASUSE","61880-9-NEW","05.04.2023 18:29:43","05.04.2023 18:30:09"
"ASUSE","64809","05.04.2023 18:39:43","05.04.2023 18:40:13"
"ASUSE","64809","05.04.2023 18:51:37","05.04.2023 18:52:07"
"ASUSE","64651","22.05.2023 11:43:03","22.05.2023 11:43:05"
"ASUSE","64651","22.05.2023 11:43:26","22.05.2023 11:43:57"
"ASUSE","61880_17","02.07.2023 16:52:32","02.07.2023 16:52:49"
"ASUSE","64650_2","22.09.2023 17:22:00",
"ASUSE","64650_2","22.09.2023 17:23:17",
"ASUSE","64650_2","24.09.2023 8:46:56",
"ASUSE","64650_2","24.09.2023 16:51:43","24.09.2023 16:51:58"
"ASUSE","64650_2","24.09.2023 16:53:12","24.09.2023 16:53:20"
"ASUSE","64650_2","24.09.2023 16:55:14","24.09.2023 16:55:21"
"ASUSE","64650_2","24.09.2023 16:57:16","24.09.2023 16:57:25"
"ASUSE","64883_2","04.04.2023 11:31:31","04.04.2023 11:31:32"
"ASUSE","64883_2","04.04.2023 11:32:05","04.04.2023 11:32:05"
"ASUSE","64883_2","04.04.2023 11:33:51","04.04.2023 11:33:52"
"ASUSE","61880_19","05.04.2023 13:56:58","05.04.2023 13:57:03"
"ASUSE","64948","06.04.2023 12:34:01",
"ASUSE","64883_2","06.04.2023 12:37:55","06.04.2023 12:37:56"
"ASUSE","64883_2","06.04.2023 12:48:55","06.04.2023 12:48:55"
"ASUSE","64883_2","06.04.2023 12:49:11","06.04.2023 12:49:11"
"ASUSE","64883_2","07.04.2023 10:02:04","07.04.2023 10:02:05"
"ASUSE","64883_2","07.04.2023 17:49:24","07.04.2023 17:49:25"
"ASUSE","64224","27.06.2023 13:17:43","27.06.2023 13:30:15"
"ASUSE","64948","06.04.2023 12:29:21",
"ASUSE","64948","06.04.2023 12:30:09",
"ASUSE","61880_17_v3","22.06.2023 13:58:48","22.06.2023 13:59:09"
"ASUSE","64224","22.06.2023 16:56:47","22.06.2023 17:08:58"
"ASUSE","64650_2","24.09.2023 16:58:15","24.09.2023 16:58:28"
"ASUSE","64883","10.04.2023 10:33:23","10.04.2023 10:33:24"
"ASUSE","64883","10.04.2023 10:33:58","10.04.2023 10:33:58"
"ASUSE","64651","19.04.2023 14:19:55","19.04.2023 14:19:57"
"ASUSE","64651","20.04.2023 11:23:35",
"ASUSE","61880-9-all","21.04.2023 12:27:55","21.04.2023 12:27:58"
"ASUSE","64809","24.04.2023 11:19:22","24.04.2023 11:19:23"
"ASUSE","64809","24.04.2023 11:19:50",
"ASUSE","64809","24.04.2023 11:46:25",
"ASUSE","64809","24.04.2023 12:30:27",
"ASUSE","64809","24.04.2023 12:41:58",
"ASUSE","64455_1","13.07.2023 12:08:05","13.07.2023 12:08:08"
"ASUSE","64224","07.04.2023 19:34:16","07.04.2023 19:34:21"
"ASUSE","61880_17_v3","14.04.2023 11:16:06","14.04.2023 11:16:40"
"ASUSE","64883","17.04.2023 16:50:38","17.04.2023 16:50:40"
"ASUSE","64883_2","17.04.2023 17:32:01","17.04.2023 17:32:03"
"ASUSE","64883_2","17.04.2023 17:57:51","17.04.2023 17:57:53"
"ASUSE","64651","19.05.2023 14:20:22","19.05.2023 14:20:24"
"ASUSE","61880_2_int_date","23.05.2023 14:47:05","23.05.2023 14:47:11"
"ASUSE","61880_2_int_date","23.05.2023 15:23:15","23.05.2023 15:23:21"
"ASUSE","65116","26.05.2023 12:20:37","26.05.2023 12:20:39"
"ASUSE","61880_17_v3","29.05.2023 13:19:11","29.05.2023 13:20:29"
"ASUSE","64809","29.05.2023 18:20:51","29.05.2023 18:20:53"
"ASUSE","64650_2","24.09.2023 16:59:07","24.09.2023 16:59:14"
"ASUSE","64650_2","24.09.2023 17:00:19","24.09.2023 17:00:32"
"ASUSE","64650_2","24.09.2023 17:01:16","24.09.2023 17:01:40"
"ASUSE","64809","02.11.2023 14:41:23","02.11.2023 14:41:32"
"ASUSE","64809","02.11.2023 14:55:07","02.11.2023 14:55:10"
"ASUSE","64809","19.04.2023 9:38:27","19.04.2023 9:46:09"
"ASUSE","64809","19.04.2023 10:53:19","19.04.2023 10:53:20"
"ASUSE","64809","19.04.2023 10:54:04","19.04.2023 11:01:33"
"ASUSE","64809","19.04.2023 13:58:41","19.04.2023 14:07:02"
"ASUSE","64809","19.04.2023 14:09:39","19.04.2023 14:11:33"
"ASUSE","64809","20.04.2023 9:20:47","20.04.2023 9:22:42"
"ASUSE","64651","20.04.2023 11:29:03","20.04.2023 11:29:05"
"ASUSE","64651","20.04.2023 11:30:04","20.04.2023 11:30:10"
"ASUSE","64950","20.04.2023 13:45:43","20.04.2023 13:45:54"
"ASUSE","61880-9-NEW","22.05.2023 11:51:24","22.05.2023 12:19:31"
"ASUSE","61880_17_v3","29.05.2023 11:34:34","29.05.2023 11:35:20"
"ASUSE","61880-9-NEW","10.07.2023 13:56:19",
"ASUSE","61880-9-NEW","10.07.2023 13:58:45",
"ASUSE","61880-9-NEW","12.07.2023 11:56:08","12.07.2023 11:56:55"
"ASUSE","61880-9-NEW","12.07.2023 11:59:33","12.07.2023 12:00:10"
"ASUSE","61880-9-NEW","12.07.2023 12:00:50","12.07.2023 12:01:49"
"ASUSE","65116","20.04.2023 11:36:35","20.04.2023 11:36:36"
"ASUSE","64950","24.04.2023 17:04:46","24.04.2023 17:04:47"
"ASUSE","64883_2","25.04.2023 11:09:56","25.04.2023 11:09:57"
"ASUSE","64883","25.04.2023 11:11:57","25.04.2023 11:11:59"
"ASUSE","64883","25.04.2023 11:34:57","25.04.2023 11:35:00"
"ASUSE","64883","25.04.2023 11:54:18","25.04.2023 11:54:21"
"ASUSE","61880-9-all","26.04.2023 11:58:54","26.04.2023 11:58:58"
"ASUSE","64883_2","04.05.2023 13:51:46","04.05.2023 13:51:47"
"ASUSE","64883_2","04.05.2023 17:48:23","04.05.2023 17:48:25"
"ASUSE","64883_2","04.05.2023 17:50:02","04.05.2023 17:50:04"
"ASUSE","64883_2","04.05.2023 17:50:44","04.05.2023 17:50:45"
"ASUSE","64651","15.05.2023 11:17:24","15.05.2023 11:17:55"
"ASUSE","61880_17","20.07.2023 18:37:43","20.07.2023 18:38:15"
"ASUSE","61880-9-NEW","24.07.2023 11:21:36","24.07.2023 11:22:10"
"ASUSE","61880-9-NEW","24.07.2023 11:23:49","24.07.2023 12:39:54"
"ASUSE","65116","26.05.2023 12:22:46","26.05.2023 12:22:48"
"ASUSE","61880_17_v3","29.05.2023 13:28:31","29.05.2023 13:28:49"
"ASUSE","61880_2_int_date","07.06.2023 18:26:58","07.06.2023 18:26:59"
"ASUSE","61880_2_int_date","07.06.2023 19:04:02",
"ASUSE","61880_2_int_date","07.06.2023 19:06:10","07.06.2023 19:06:10"
"ASUSE","61880_2_int_date","07.06.2023 23:40:40","07.06.2023 23:40:41"
"ASUSE","64809","05.04.2023 18:39:18","05.04.2023 18:39:18"
"ASUSE","64455_1","05.04.2023 18:39:59","05.04.2023 18:40:00"
"ASUSE","64949","05.04.2023 18:42:12","05.04.2023 18:42:13"
"ASUSE","64651","20.04.2023 12:41:52","20.04.2023 12:41:59"
"ASUSE","64809","24.04.2023 12:58:47",
"ASUSE","64224","22.06.2023 15:27:12",
"ASUSE","64224","22.06.2023 15:27:36",
"ASUSE","61880_17_v3","26.06.2023 13:46:24","26.06.2023 13:46:43"
"ASUSE","64809","18.08.2023 17:50:53","18.08.2023 17:51:01"
"ASUSE","64809","18.08.2023 18:14:30","18.08.2023 18:14:54"
"ASUSE","61880-9-NEW","05.09.2023 11:25:43",
"ASUSE","64809","05.04.2023 18:51:23","05.04.2023 18:51:53"
"ASUSE","64809","05.04.2023 19:16:47","05.04.2023 19:17:50"
"ASUSE","64883_2","13.04.2023 15:55:17","13.04.2023 15:55:19"
"ASUSE","64883_2","14.04.2023 12:38:33","14.04.2023 12:38:37"
"ASUSE","64883_2","14.04.2023 12:47:25","14.04.2023 12:47:31"
"ASUSE","61880-9-all","21.04.2023 12:30:29","21.04.2023 12:30:32"
"ASUSE","64651","15.05.2023 13:34:48","15.05.2023 14:08:34"
"ASUSE","64651","15.05.2023 14:09:11","15.05.2023 14:09:12"
"ASUSE","61880_17","24.07.2023 13:33:06","24.07.2023 13:47:39"
"ASUSE","64950","25.07.2023 12:23:33","25.07.2023 12:23:36"
"ASUSE","64950","27.07.2023 10:55:47","27.07.2023 10:56:02"
"ASUSE","64650_2","22.09.2023 17:05:15",
"ASUSE","64650_2","22.09.2023 17:06:30","22.09.2023 17:06:41"
"ASUSE","61880-9-NEW","22.05.2023 12:18:24","22.05.2023 12:45:41"
"ASUSE","64883","25.05.2023 11:31:09","25.05.2023 11:31:15"
"ASUSE","65116","26.05.2023 13:03:02","26.05.2023 13:03:04"
"ASUSE","61880_12","20.04.2023 16:38:29","20.04.2023 16:38:44"
"ASUSE","61880_17_v3","21.04.2023 12:04:03","21.04.2023 12:04:49"
"ASUSE","64809","24.04.2023 13:14:57",
"ASUSE","64809","24.04.2023 13:17:48",
"ASUSE","64809","24.04.2023 13:22:55",
"ASUSE","64809","24.04.2023 13:23:24",
"ASUSE","64809","24.04.2023 13:47:26",
"ASUSE","64809","24.04.2023 14:06:43",
"ASUSE","64809","24.04.2023 14:23:45",
"ASUSE","64809","24.04.2023 14:24:59",
"ASUSE","64809","24.04.2023 14:28:17","24.04.2023 15:29:14"
"ASUSE","61880-9-NEW","22.05.2023 13:17:31",
"ASUSE","61880-9-NEW","22.05.2023 13:27:37",
"ASUSE","61880-9-NEW","22.05.2023 13:32:39","22.05.2023 13:33:08"
"ASUSE","61880-9-NEW","22.05.2023 13:36:47","22.05.2023 13:37:04"
"ASUSE","61880-9-NEW","22.05.2023 13:47:45","22.05.2023 13:48:12"
"ASUSE","61880-9-NEW","22.05.2023 13:49:26","22.05.2023 13:49:53"
"ASUSE","61880-9-NEW","22.05.2023 13:51:32","22.05.2023 13:51:59"
"ASUSE","61880-9-NEW","22.05.2023 13:52:38",
"ASUSE","64455_1","13.07.2023 12:08:34","13.07.2023 12:08:36"
"ASUSE","65116","29.03.2023 15:27:59",
"ASUSE","65116","26.05.2023 13:25:01","26.05.2023 13:25:03"
"ASUSE","65116","26.05.2023 15:17:08","26.05.2023 15:17:10"
"ASUSE","61880_17_new","21.04.2023 12:06:49","21.04.2023 12:07:24"
"ASUSE","64809","25.04.2023 10:48:38","25.04.2023 11:50:44"
"ASUSE","64948","25.04.2023 12:27:57","25.04.2023 12:28:00"
"ASUSE","64809","25.04.2023 23:05:19","25.04.2023 23:43:43"
"ASUSE","64809","26.04.2023 9:21:05","26.04.2023 9:26:43"
"ASUSE","64809","26.04.2023 11:47:01","26.04.2023 11:47:34"
"ASUSE","64883_2","28.04.2023 14:54:32","28.04.2023 14:54:34"
"ASUSE","61880_17_v3","19.07.2023 13:45:30","19.07.2023 13:46:06"
"ASUSE","65116","29.03.2023 15:30:05","29.03.2023 15:30:13"
"ASUSE","61880-9-NEW","22.05.2023 13:00:04","22.05.2023 13:00:38"
"ASUSE","61880-9-NEW","22.05.2023 14:07:06","22.05.2023 14:07:33"
"ASUSE","61880-9-NEW","22.05.2023 14:08:00",
"ASUSE","61880-9-NEW","22.05.2023 14:15:17","22.05.2023 14:15:46"
"ASUSE","61880-9-all","22.05.2023 14:18:59","22.05.2023 14:20:29"
"ASUSE","61880-9-all","22.05.2023 14:21:48","22.05.2023 14:23:17"
"ASUSE","61880_17_v3","29.05.2023 11:18:42","29.05.2023 11:19:36"
"ASUSE","61880_13","26.04.2023 10:40:32","26.04.2023 10:40:33"
"ASUSE","64883","28.04.2023 15:22:36","28.04.2023 15:22:38"
"ASUSE","64883","28.04.2023 15:28:34","28.04.2023 15:28:36"
"ASUSE","64651","04.05.2023 11:48:06","04.05.2023 11:48:08"
"ASUSE","61880_3_new","05.05.2023 9:52:22","05.05.2023 9:52:24"
"ASUSE","64809","05.05.2023 9:53:17","05.05.2023 10:00:51"
"ASUSE","64809","05.05.2023 11:33:44","05.05.2023 11:39:15"
"ASUSE","61880_3_new","05.05.2023 11:49:54","05.05.2023 11:49:55"
"ASUSE","64809","17.05.2023 10:40:47","17.05.2023 10:40:50"
"ASUSE","64224","20.06.2023 22:49:29",
"ASUSE","64883","20.06.2023 22:50:17","20.06.2023 22:50:23"
"ASUSE","64455_1","20.06.2023 22:54:44","20.06.2023 22:54:47"
"ASUSE","61880_19","22.03.2023 9:46:10","22.03.2023 9:46:17"
"ASUSE","61880_20","22.03.2023 11:16:14","22.03.2023 11:16:16"
"ASUSE","61880_20","22.03.2023 15:01:31","22.03.2023 15:01:33"
"ASUSE","61880_17_v3","29.05.2023 14:05:58","29.05.2023 14:06:17"
"ASUSE","64651","04.05.2023 11:57:19",
"ASUSE","64651","12.05.2023 9:08:11","12.05.2023 9:08:12"
"ASUSE","61880-9-NEW","10.07.2023 12:29:02",
"ASUSE","61880-9-NEW","10.07.2023 12:43:22",
"ASUSE","61880-9-NEW","10.07.2023 17:02:25",
"TEST3","462361","15.08.2023 16:30:36","15.08.2023 16:30:38"
"TEST3","64483_1","15.08.2023 16:33:30","15.08.2023 16:34:40"
"ASUSE","61880-9-NEW","05.09.2023 11:37:33",
"ASUSE","64650_2","12.09.2023 16:35:27",
"ASUSE","64650_2","19.09.2023 19:21:05","19.09.2023 19:21:22"
"ASUSE","64650_2","20.09.2023 11:19:51","20.09.2023 11:20:47"
"ASUSE","64650_2","20.09.2023 11:54:48","20.09.2023 11:57:35"
"ASUSE","61880_2_int_date","09.06.2023 11:33:01","09.06.2023 11:33:12"
"ASUSE","61880_2_int_date","09.06.2023 11:34:19","09.06.2023 11:34:25"
"ASUSE","61880_2_int_date","09.06.2023 11:37:42","09.06.2023 11:37:52"
"ASUSE","64455_1","20.06.2023 22:55:48","20.06.2023 22:55:56"
"ASUSE","61880-9-NEW","07.07.2023 15:20:24",
"ASUSE","61880-9-NEW","10.07.2023 17:46:25",
"ASUSE","61880-9-NEW","10.07.2023 18:37:06",
"ASUSE","61880-9-NEW","10.07.2023 18:39:28",
"ASUSE","61880-9-NEW","10.07.2023 18:54:46","10.07.2023 18:55:10"
"ASUSE","61880-9-NEW","10.07.2023 18:55:46",
"ASUSE","61880-9-NEW","10.07.2023 19:07:57","10.07.2023 19:22:45"
"ASUSE","61880-9-NEW","10.07.2023 19:23:34",
"ASUSE","61880-9-NEW","10.07.2023 19:37:04",
"ASUSE","61880-9-NEW","10.07.2023 19:40:29","10.07.2023 19:40:53"
"ASUSE","61880-9-NEW","10.07.2023 19:41:21",
"ASUSE","61880-9-NEW","10.07.2023 19:43:35",
"ASUSE","61880-9-NEW","10.07.2023 19:51:28","10.07.2023 21:01:38"
"ASUSE","61880-9-NEW","11.07.2023 18:01:01",
"ASUSE","61880-9-NEW","11.07.2023 18:25:18","11.07.2023 18:31:17"
"ASUSE","61880-9-NEW","12.07.2023 10:40:07","12.07.2023 10:40:31"
"ASUSE","64950","18.07.2023 18:19:49","18.07.2023 18:19:52"
"ASUSE","64950","18.07.2023 18:20:38","18.07.2023 18:20:39"
"ASUSE","64950","18.07.2023 18:57:30",
"ASUSE","64950","18.07.2023 20:14:49",
"ASUSE","64809","18.08.2023 17:27:19","18.08.2023 17:27:52"
"ASUSE","64809","18.08.2023 17:29:24","18.08.2023 17:29:28"
"ASUSE","64809","21.08.2023 10:44:26","21.08.2023 10:44:31"
"ASUSE","64809","21.08.2023 10:49:12","21.08.2023 10:49:19"
"ASUSE","61880-9-NEW","05.09.2023 11:26:37",
"ASUSE","61880-9-NEW","05.09.2023 11:41:50","05.09.2023 12:53:39"
"ASUSE","64650_2","19.09.2023 16:44:07",
"ASUSE","64650_2","19.09.2023 16:45:42","19.09.2023 16:46:07"
"ASUSE","61880_7","22.03.2023 15:07:25","22.03.2023 15:07:27"
"ASUSE","61880_17_v3","29.05.2023 15:36:31","29.05.2023 15:36:49"
"ASUSE","64883","14.04.2023 16:57:21","14.04.2023 16:57:23"
"ASUSE","64883","14.04.2023 16:57:47","14.04.2023 16:57:48"
"ASUSE","64883","14.04.2023 16:58:09","14.04.2023 16:58:10"
"ASUSE","64883","14.04.2023 16:59:05","14.04.2023 16:59:06"
"ASUSE","64883","14.04.2023 17:12:06","14.04.2023 17:12:08"
"ASUSE","64883","14.04.2023 17:12:23","14.04.2023 17:12:25"
"ASUSE","64651","12.05.2023 9:12:26","12.05.2023 9:12:27"
"ASUSE","65409","17.05.2023 14:19:21","17.05.2023 14:19:22"
"ASUSE","64650_2","20.09.2023 12:04:40","20.09.2023 12:05:53"
"ASUSE","64650_2","20.09.2023 12:17:14","20.09.2023 12:18:02"
"ASUSE","64650_2","20.09.2023 12:31:13","20.09.2023 12:32:08"
"ASUSE","64650_2","20.09.2023 13:04:52","20.09.2023 13:07:12"
"ASUSE","64879","18.08.2023 15:44:52",
"ASUSE","64879","18.08.2023 15:46:24",
"ASUSE","64879","18.08.2023 15:46:45",
"TEST2","61759_1","11.08.2023 15:42:07","11.08.2023 15:42:10"
"ASUSE","64455_1","08.09.2023 12:00:17","08.09.2023 12:00:27"
"ASUSE","61880_7","11.08.2023 18:01:14","11.08.2023 18:01:16"
"TEST3","64651","14.08.2023 14:42:06","14.08.2023 14:42:13"
"ASUSE","61880-9-NEW","25.09.2023 11:39:00","25.09.2023 12:55:08"
"ASUSE","61880-9-NEW","28.11.2023 14:45:45","28.11.2023 14:59:14"
"ASUSE","64879","18.08.2023 15:54:58",
"ASUSE","64879","18.08.2023 15:57:03",
"ASUSE","64879","18.08.2023 16:06:40",
"ASUSE","61880-9-NEW","29.11.2023 17:15:51",
"ASUSE","61880_9_v3","29.11.2023 17:55:09","29.11.2023 17:57:56"
"TEST3","61880_7","11.08.2023 18:03:15",
"ASUSE","64879","17.08.2023 16:42:18","17.08.2023 16:42:25"
"ASUSE","64455_1","08.09.2023 12:16:47","08.09.2023 12:17:02"
"TEST3","61880_19","14.08.2023 17:34:00","14.08.2023 17:34:03"
"ASUSE","64879","15.08.2023 14:58:32",
"ASUSE","61880_9_v3","29.11.2023 17:33:05",
"ASUSE","61880_9_v3","30.11.2023 15:31:39","30.11.2023 15:34:11"
"ASUSE","61880_9_v3","30.11.2023 16:08:51","30.11.2023 16:13:39"
"ASUSE","61880_9_v3","30.11.2023 18:07:17","30.11.2023 18:09:56"
"ASUSE","61880_9_v3","30.11.2023 18:14:43","30.11.2023 18:17:31"
"ASUSE","61880_9_v3","30.11.2023 18:33:03","30.11.2023 18:35:40"
"ASUSE","61880_9_v3","30.11.2023 18:39:03",
"ASUSE","61880_9_v3","30.11.2023 18:45:23","30.11.2023 18:50:05"
"ASUSE","61880_9_v3","30.11.2023 18:54:51","30.11.2023 19:01:02"
"ASUSE","61880-9-NEW","30.11.2023 19:04:14","30.11.2023 19:26:04"
"ASUSE","64650_2","30.11.2023 19:29:29",
"ASUSE","64879","18.08.2023 16:09:37",
"ASUSE","64879","18.08.2023 16:24:24",
"ASUSE","64879","18.08.2023 16:25:33",
"ASUSE","64879","17.08.2023 16:45:36","17.08.2023 16:45:43"
"ASUSE","64879","17.08.2023 16:47:30","17.08.2023 16:47:37"
"ASUSE","64879","17.08.2023 17:04:11","17.08.2023 17:04:18"
"ASUSE","64650_2","14.09.2023 17:10:08",
"ASUSE","64650_2","15.09.2023 14:54:39","15.09.2023 14:54:54"
"ASUSE","64650_2","21.09.2023 11:11:48","21.09.2023 11:12:01"
"ASUSE","64455_1","08.09.2023 12:20:43","08.09.2023 12:20:49"
"ASUSE","64879","15.08.2023 15:12:32",
"ASUSE","64879","15.08.2023 15:15:30",
"ASUSE","64879","15.08.2023 15:20:27",
"ASUSE","64809","04.12.2023 19:15:24","04.12.2023 19:15:45"
"ASUSE","64809","06.12.2023 10:35:35","06.12.2023 10:35:43"
"ASUSE","61880_9_v3","06.12.2023 15:26:43","06.12.2023 15:27:00"
"ASUSE","61880_9_v3","06.12.2023 15:40:27","06.12.2023 15:40:41"
"ASUSE","61880_9_v3","06.12.2023 15:42:47","06.12.2023 15:43:03"
"ASUSE","61880_9_v3","06.12.2023 16:14:24",
"ASUSE","61880_9_v3","06.12.2023 16:22:33",
"ASUSE","61880_9_v3","06.12.2023 16:27:00","06.12.2023 16:27:19"
"ASUSE","64879","18.08.2023 16:26:56","18.08.2023 16:27:04"
"ASUSE","64879","18.08.2023 16:33:58","18.08.2023 16:34:05"
"ASUSE","64879","21.08.2023 11:57:11","21.08.2023 11:57:19"
"ASUSE","64879","17.08.2023 17:06:21","17.08.2023 17:06:28"
"ASUSE","64879","17.08.2023 17:07:39","17.08.2023 17:07:46"
"ASUSE","64879","18.08.2023 11:53:59","18.08.2023 11:54:07"
"ASUSE","64650_2","21.09.2023 11:12:45","21.09.2023 11:13:01"
"ASUSE","64650_2","22.09.2023 12:16:09","22.09.2023 12:17:31"
"ASUSE","64650_2","22.09.2023 12:18:52",
"ASUSE","64650_2","22.09.2023 12:34:26",
"ASUSE","64650_2","22.09.2023 12:39:11",
"ASUSE","61880_14","12.09.2023 14:48:24","12.09.2023 14:48:29"
"ASUSE","65116","26.09.2023 11:17:33",
"ASUSE","61880_17","27.09.2023 15:58:26","27.09.2023 15:58:41"
"ASUSE","61880_17","27.09.2023 16:14:34","27.09.2023 16:15:05"
"ASUSE","61880_17","29.09.2023 10:28:35","29.09.2023 10:29:25"
"ASUSE","64879","15.08.2023 15:27:33","15.08.2023 15:27:41"
"ASUSE","64879","15.08.2023 15:42:48","15.08.2023 15:42:55"
"ASUSE","64879","15.08.2023 15:44:31","15.08.2023 15:44:38"
"ASUSE","61880_9_v3","06.12.2023 16:42:02","06.12.2023 16:42:21"
"ASUSE","61880_9_v3","06.12.2023 16:57:11","06.12.2023 16:57:29"
"ASUSE","65015","15.12.2023 13:24:32",
"ASUSE","65015","15.12.2023 13:27:55","15.12.2023 13:28:17"
"ASUSE","65015","15.12.2023 13:32:46","15.12.2023 13:32:59"
"ASUSE","65015","15.12.2023 13:51:04","15.12.2023 13:51:26"
"ASUSE","65015","15.12.2023 14:20:56",
"ASUSE","65015","15.12.2023 14:24:47","15.12.2023 14:25:03"
"ASUSE","64879","21.08.2023 12:01:07","21.08.2023 12:01:14"
"ASUSE","64879","21.08.2023 12:33:40","21.08.2023 12:33:47"
"ASUSE","64879","21.08.2023 12:35:47","21.08.2023 12:35:55"
"ASUSE","64879","18.08.2023 11:54:54","18.08.2023 11:55:01"
"ASUSE","64879","18.08.2023 12:16:55","18.08.2023 12:17:03"
"ASUSE","64879","22.08.2023 11:44:54","22.08.2023 11:45:02"
"ASUSE","64650_2","22.09.2023 13:00:10",
"ASUSE","64650_2","22.09.2023 13:08:14",
"ASUSE","64650_2","22.09.2023 13:19:12",
"ASUSE","61880_17_v3","28.09.2023 10:37:41","28.09.2023 10:37:56"
"ASUSE","61880_17_v3","28.09.2023 10:42:06","28.09.2023 10:42:21"
"ASUSE","61880-9-NEW","29.09.2023 16:45:56","29.09.2023 16:46:25"
"ASUSE","61880-9-NEW","02.11.2023 10:03:52","02.11.2023 10:14:07"
"ASUSE","64879","15.08.2023 15:54:36","15.08.2023 15:54:43"
"ASUSE","64879","15.08.2023 15:57:08","15.08.2023 15:57:15"
"ASUSE","64879","15.08.2023 16:00:58","15.08.2023 16:01:05"
"ASUSE","65015","15.12.2023 15:13:47",
"ASUSE","64809","28.01.2024 22:35:01","28.01.2024 22:35:13"
"ASUSE","64809","28.01.2024 22:45:04","28.01.2024 22:45:14"
"ASUSE","64809","28.01.2024 23:14:04",
"ASUSE","64809","28.01.2024 23:30:19","28.01.2024 23:30:39"
"ASUSE","64809","29.01.2024 11:41:52","29.01.2024 11:42:10"
"ASUSE","64809","29.01.2024 11:57:13","29.01.2024 11:57:31"
"ASUSE","61880_2_int_date","29.01.2024 15:42:24",
"ASUSE","64879","21.08.2023 14:16:38",
"ASUSE","64879","21.08.2023 15:05:59","21.08.2023 15:06:06"
"ASUSE","64879","21.08.2023 15:11:56","21.08.2023 15:11:58"
"ASUSE","64879","22.08.2023 11:46:20","22.08.2023 11:46:28"
"ASUSE","64879","22.08.2023 11:48:31","22.08.2023 11:48:39"
"ASUSE","64879","22.08.2023 11:49:16","22.08.2023 11:49:24"
"ASUSE","64650_2","22.09.2023 13:32:01",
"ASUSE","64650_2","22.09.2023 13:34:12",
"ASUSE","64650_2","22.09.2023 13:36:29",
"ASUSE","61880_17_v3","28.09.2023 10:43:41","28.09.2023 10:43:59"
"ASUSE","64879","03.10.2023 13:01:05","03.10.2023 13:04:51"
"ASUSE","61880-9-NEW","02.11.2023 10:16:19","02.11.2023 10:22:49"
"ASUSE","61880-9-NEW","02.11.2023 10:24:19","02.11.2023 12:02:32"
"ASUSE","64809","02.11.2023 16:00:11","02.11.2023 16:00:43"
"ASUSE","61880-9-NEW","20.11.2023 11:41:11","20.11.2023 11:58:57"
"ASUSE","61880-9-NEW","23.11.2023 19:17:54",
"ASUSE","61880-9-NEW","23.11.2023 19:28:14",
"ASUSE","61880_9_v3","29.11.2023 19:12:37","29.11.2023 19:15:14"
"ASUSE","65015","15.12.2023 14:55:21",
"ASUSE","65015","15.12.2023 14:56:11",
"ASUSE","64879","16.08.2023 16:45:09","16.08.2023 16:45:17"
"ASUSE","64879","16.08.2023 17:01:52","16.08.2023 17:02:00"
"ASUSE","64879","16.08.2023 17:03:32","16.08.2023 17:03:39"
"ASUSE","61880_2_int_date","29.01.2024 15:43:15",
"ASUSE","61880_2_int_date","29.01.2024 15:53:01","29.01.2024 15:53:09"
"ASUSE","64879","21.08.2023 16:08:51","21.08.2023 16:08:58"
"ASUSE","64879","21.08.2023 17:29:15","21.08.2023 17:29:22"
"ASUSE","64879","21.08.2023 17:32:05",
"ASUSE","65015","15.12.2023 14:35:10","15.12.2023 14:35:23"
"ASUSE","65015","15.12.2023 14:46:31",
"ASUSE","65015","15.12.2023 14:53:39",
"ASUSE","64879","22.08.2023 11:50:04","22.08.2023 11:50:06"
"ASUSE","64879","22.08.2023 11:51:15","22.08.2023 11:51:21"
"ASUSE","64879","22.08.2023 11:52:19","22.08.2023 11:53:00"
"ASUSE","64650_2","22.09.2023 13:57:06",
"ASUSE","64650_2","22.09.2023 14:17:02",
"ASUSE","64650_2","22.09.2023 15:53:30",
"ASUSE","64879","03.10.2023 13:12:59","03.10.2023 13:13:25"
"ASUSE","64879","03.10.2023 13:34:13","03.10.2023 13:34:31"
"ASUSE","64879","16.08.2023 17:04:23","16.08.2023 17:04:31"
"ASUSE","61880_14","17.08.2023 12:53:49","17.08.2023 12:53:52"
"ASUSE","64879","21.08.2023 17:33:46","21.08.2023 17:33:51"
"ASUSE","64879","21.08.2023 17:50:51","21.08.2023 17:50:59"
"ASUSE","64879","25.08.2023 14:40:36","25.08.2023 14:40:41"
"ASUSE","64650_2","13.09.2023 10:38:06","13.09.2023 10:38:13"
"ASUSE","64650_2","13.09.2023 12:14:13","13.09.2023 12:14:57"
"ASUSE","64650_2","13.09.2023 12:24:38","13.09.2023 12:25:12"
"ASUSE","64650_2","13.09.2023 12:27:04","13.09.2023 12:27:40"
"ASUSE","64650_2","13.09.2023 12:28:32","13.09.2023 12:29:15"
"ASUSE","64650_2","13.09.2023 12:37:00","13.09.2023 12:39:34"
"ASUSE","64879","22.08.2023 12:10:00","22.08.2023 12:10:39"
"ASUSE","64879","22.08.2023 12:12:25","22.08.2023 12:13:10"
"ASUSE","64879","22.08.2023 12:18:07","22.08.2023 12:18:47"
"ASUSE","64650_2","23.09.2023 20:29:32",
"ASUSE","64650_2","23.09.2023 20:42:43",
"ASUSE","64650_2","23.09.2023 20:49:30",
"ASUSE","64879","03.10.2023 13:36:00","03.10.2023 13:38:41"
"ASUSE","64879","03.10.2023 18:27:14","03.10.2023 18:30:05"
"ASUSE","64879","17.08.2023 15:03:40","17.08.2023 15:03:47"
"ASUSE","64879","17.08.2023 15:09:30","17.08.2023 15:09:37"
"ASUSE","64879","17.08.2023 15:12:42","17.08.2023 15:12:49"
"ASUSE","64650_2","20.09.2023 16:19:06","20.09.2023 16:19:12"
"ASUSE","64650_2","20.09.2023 16:21:13","20.09.2023 16:21:37"
"ASUSE","64650_2","20.09.2023 16:40:07","20.09.2023 16:40:35"
"ASUSE","64650_2","20.09.2023 16:41:39","20.09.2023 16:42:12"
"ASUSE","64650_2","20.09.2023 16:45:59","20.09.2023 16:46:16"
"ASUSE","64650_2","20.09.2023 16:51:08","20.09.2023 16:51:18"
"ASUSE","64650_2","20.09.2023 17:50:38","20.09.2023 17:55:18"
"ASUSE","64650_2","20.09.2023 17:57:51","20.09.2023 18:10:10"
"ASUSE","64879","25.08.2023 14:41:14","25.08.2023 14:42:57"
"ASUSE","64879","28.08.2023 13:39:14","28.08.2023 15:01:37"
"ASUSE","64879","22.08.2023 12:25:06","22.08.2023 12:25:46"
"ASUSE","64879","22.08.2023 12:27:03","22.08.2023 12:27:44"
"ASUSE","64879","22.08.2023 12:29:39","22.08.2023 12:30:18"
"ASUSE","64650_2","23.09.2023 20:53:35",
"ASUSE","64650_2","23.09.2023 20:56:25",
"ASUSE","64650_2","23.09.2023 20:57:19",
"ASUSE","64650_2","23.09.2023 20:58:07","23.09.2023 20:58:22"
"ASUSE","61880-9-NEW","25.09.2023 12:15:51","25.09.2023 13:29:44"
"ASUSE","64455_1","08.09.2023 11:44:14","08.09.2023 11:44:21"
"ASUSE","64879","17.08.2023 15:16:51","17.08.2023 15:16:59"
"ASUSE","64879","17.08.2023 15:18:40","17.08.2023 15:18:47"
"ASUSE","64879","17.08.2023 15:19:58","17.08.2023 15:20:05"
"ASUSE","64650_2","20.09.2023 18:32:52","20.09.2023 18:33:07"
"ASUSE","64650_2","20.09.2023 18:35:03","20.09.2023 18:35:15"
"ASUSE","64650_2","20.09.2023 18:59:06","20.09.2023 18:59:21"
"ASUSE","64650_2","20.09.2023 19:26:36","20.09.2023 19:26:58"
"ASUSE","64809","02.11.2023 15:23:45","02.11.2023 15:26:59"
"ASUSE","64809","02.11.2023 17:47:44","02.11.2023 17:48:14"
"ASUSE","64809","02.11.2023 17:51:39","02.11.2023 17:52:08"
"ASUSE","64809","02.11.2023 18:10:19","02.11.2023 18:10:50"
"ASUSE","64650","17.08.2023 10:38:40","17.08.2023 10:38:51"
"ASUSE","64879","21.08.2023 18:31:51","21.08.2023 18:31:58"
"ASUSE","64879","21.08.2023 18:34:53","21.08.2023 18:35:00"
"ASUSE","64650_2","13.09.2023 12:41:05","13.09.2023 12:45:09"
"ASUSE","64650_2","13.09.2023 12:50:00","13.09.2023 12:53:07"
"ASUSE","64650_2","13.09.2023 12:59:22","13.09.2023 13:00:16"
"ASUSE","64650_2","13.09.2023 13:19:30",
"ASUSE","64879","22.08.2023 13:07:25","22.08.2023 13:08:05"
"ASUSE","64879","22.08.2023 13:12:12","22.08.2023 13:12:19"
"ASUSE","64879","22.08.2023 13:26:47","22.08.2023 13:26:54"
"ASUSE","65015","04.09.2023 10:03:10","04.09.2023 10:03:17"
"ASUSE","65015","04.09.2023 10:04:10","04.09.2023 10:04:20"
"ASUSE","64650_2","22.09.2023 16:11:56",
"ASUSE","61880_17","19.07.2023 19:17:01","19.07.2023 19:17:26"
"ASUSE","64879","18.08.2023 12:18:17","18.08.2023 12:18:25"
"ASUSE","64879","18.08.2023 12:33:26","18.08.2023 12:33:34"
"ASUSE","64879","18.08.2023 12:34:27","18.08.2023 12:34:34"
"ASUSE","64809","03.11.2023 18:12:29","03.11.2023 18:12:40"
"ASUSE","64809","03.11.2023 19:08:03","03.11.2023 19:08:37"
"ASUSE","64809","03.11.2023 19:17:52","03.11.2023 19:18:04"
"ASUSE","64809","03.11.2023 19:30:26","03.11.2023 19:30:37"
"ASUSE","64879","15.08.2023 15:47:57","15.08.2023 15:48:05"
"ASUSE","64879","15.08.2023 15:50:22","15.08.2023 15:50:30"
"ASUSE","64879","22.08.2023 13:39:54","22.08.2023 13:40:00"
"ASUSE","64879","22.08.2023 13:42:51","22.08.2023 13:42:56"
"ASUSE","64879","22.08.2023 14:55:50","22.08.2023 14:56:34"
"ASUSE","64650_2","22.09.2023 16:32:48",
"ASUSE","61880-9-NEW","25.09.2023 13:50:56","25.09.2023 13:51:30"
"ASUSE","61880-9-NEW","25.09.2023 13:53:58","25.09.2023 13:54:31"
"ASUSE","61880_17","19.07.2023 19:39:10","19.07.2023 19:39:36"
"ASUSE","64879","18.08.2023 12:35:33","18.08.2023 12:35:40"
"ASUSE","64879","18.08.2023 12:53:27","18.08.2023 12:53:32"
"ASUSE","64879","18.08.2023 12:54:54","18.08.2023 12:55:16"
"ASUSE","64455_1","01.09.2023 16:34:31","01.09.2023 16:34:32"
"ASUSE","64455_1","01.09.2023 16:35:06","01.09.2023 16:35:07"
"ASUSE","61880-9-NEW","05.09.2023 11:14:48",
"ASUSE","61880_18","16.08.2023 16:08:09",
"ASUSE","61880_18","16.08.2023 16:11:07","16.08.2023 16:11:27"
"ASUSE","65015","29.08.2023 16:19:52","29.08.2023 16:19:56"
"ASUSE","64879","22.08.2023 15:03:59",
"ASUSE","64879","22.08.2023 15:06:09","22.08.2023 15:06:52"
"ASUSE","64879","22.08.2023 15:13:13",
"ASUSE","61880-9-NEW","26.09.2023 12:16:01",
"ASUSE","61880-9-NEW","26.09.2023 13:47:45","26.09.2023 13:49:21"
"ASUSE","61880-9-NEW","26.09.2023 14:00:12","26.09.2023 14:01:52"
"ASUSE","61880_17_v3","25.07.2023 12:11:37","25.07.2023 12:14:52"
"ASUSE","61880_17","25.07.2023 15:48:46","25.07.2023 15:50:08"
"ASUSE","64879","18.08.2023 13:03:16","18.08.2023 13:03:23"
"ASUSE","64879","18.08.2023 13:30:32","18.08.2023 13:30:39"
"ASUSE","64879","18.08.2023 13:43:52","18.08.2023 13:43:59"
"ASUSE","64650_2","21.09.2023 11:09:32",
"ASUSE","64809","03.11.2023 19:33:02","03.11.2023 19:33:13"
"ASUSE","64809","07.11.2023 10:47:04","07.11.2023 10:47:14"
"ASUSE","64950","27.07.2023 11:05:01","27.07.2023 11:05:04"
"ASUSE","64879","22.08.2023 15:16:42","22.08.2023 15:17:24"
"ASUSE","64879","22.08.2023 15:24:38","22.08.2023 15:26:06"
"ASUSE","64879","22.08.2023 15:29:49","22.08.2023 15:30:29"
"ASUSE","61880-9-NEW","26.09.2023 14:02:49","26.09.2023 14:04:25"
"ASUSE","61880-9-NEW","26.09.2023 14:30:01","26.09.2023 14:31:36"
"ASUSE","61880-9-NEW","26.09.2023 14:33:46","26.09.2023 14:35:22"
"ASUSE","61880-9-NEW","26.09.2023 14:51:18","26.09.2023 14:52:56"
"TEST3","61759_1","11.08.2023 16:00:01","11.08.2023 16:00:03"
"ASUSE","64879","18.08.2023 13:56:57","18.08.2023 13:57:05"
"ASUSE","64879","18.08.2023 15:00:17","18.08.2023 15:00:25"
"ASUSE","64879","18.08.2023 15:01:37","18.08.2023 15:01:44"
"ASUSE","65015","10.11.2023 12:29:05","10.11.2023 12:29:49"
"ASUSE","64455_1_total","10.11.2023 14:29:42","10.11.2023 14:29:47"
"TEST3","61759_1","11.08.2023 16:48:17","11.08.2023 16:48:19"
"ASUSE","64879","17.08.2023 16:17:06","17.08.2023 16:17:14"
"ASUSE","64455_1","28.08.2023 15:51:56","28.08.2023 15:52:12"
"ASUSE","64879","29.08.2023 11:46:20","29.08.2023 11:48:03"
"ASUSE","61880-9-NEW","26.09.2023 14:55:10",
"ASUSE","61880-9-NEW","26.09.2023 14:57:44","26.09.2023 14:59:21"
"ASUSE","61880-9-NEW","26.09.2023 15:15:47","26.09.2023 15:17:23"
"ASUSE","61880-9-NEW","26.09.2023 15:20:42","26.09.2023 15:22:19"
"ASUSE","61880-9-NEW","26.09.2023 15:26:37","26.09.2023 15:28:13"
"TEST3","61759_1","11.08.2023 16:51:23","11.08.2023 16:51:25"
"ASUSE","64879","18.08.2023 15:03:00","18.08.2023 15:03:07"
"ASUSE","64879","18.08.2023 15:03:54","18.08.2023 15:04:01"
"ASUSE","64879","18.08.2023 15:09:34","18.08.2023 15:09:41"
"ASUSE","64455_1_total","10.11.2023 14:30:34","10.11.2023 14:30:38"
"ASUSE","61880_9_v3","29.11.2023 13:13:05",
"ASUSE","64879","17.08.2023 16:20:03","17.08.2023 16:20:10"
"ASUSE","64879","17.08.2023 16:33:38","17.08.2023 16:33:45"
"ASUSE","64879","17.08.2023 16:37:54","17.08.2023 16:38:01"
"ASUSE","65015","29.08.2023 16:29:19","29.08.2023 16:29:28"
"ASUSE","64650_2","13.09.2023 13:24:48",
"ASUSE","64650_2","13.09.2023 13:27:45",
"ASUSE","64650_2","13.09.2023 13:32:37",
"ASUSE","64650_2","13.09.2023 13:36:05",
"ASUSE","64879","29.08.2023 11:51:01",
"ASUSE","64455_1","01.09.2023 17:43:48","01.09.2023 17:43:49"
"ASUSE","61880-9-all","26.09.2023 15:32:28","26.09.2023 15:33:59"
"ASUSE","61880-9-IÁ","26.09.2023 15:34:55",
"ASUSE","61880-9-NEW","26.09.2023 15:50:03","26.09.2023 16:00:56"
"ASUSE","61880_17","27.09.2023 15:44:43","27.09.2023 15:44:58"
"ASUSE","61880_17","27.09.2023 15:51:11","27.09.2023 15:51:25"
"ASUSE","462361","28.07.2023 15:37:32","28.07.2023 15:37:43"
"ASUSE","462361","28.07.2023 15:40:42","28.07.2023 15:40:51"
"ASUSE","462361","28.07.2023 16:26:10","28.07.2023 16:26:23"
"TEST3","61880_3_new","11.08.2023 16:09:26","11.08.2023 16:09:30"
"TEST3","61759_1","11.08.2023 17:02:42",
"ASUSE","64879","18.08.2023 15:11:58","18.08.2023 15:12:05"
"ASUSE","64879","18.08.2023 15:23:29","18.08.2023 15:23:36"
"ASUSE","64879","18.08.2023 15:25:28","18.08.2023 15:25:36"
"ASUSE","61880_2_int_date","29.01.2024 15:59:43","29.01.2024 15:59:51"
"ASUSE","64649","09.08.2023 11:18:16","09.08.2023 11:18:23"
"NGOR005","64455_1","11.08.2023 15:26:55","11.08.2023 15:26:57"
"ASUSE","64650_2","13.09.2023 13:41:41","13.09.2023 13:44:26"
"ASUSE","64650_2","13.09.2023 13:49:53","13.09.2023 14:00:31"
"ASUSE","64650_2","14.09.2023 16:15:42","14.09.2023 16:16:34"
"ASUSE","64650_2","14.09.2023 16:17:11","14.09.2023 16:17:31"
"ASUSE","64650_2","14.09.2023 16:23:34","14.09.2023 16:23:56"
"ASUSE","64650_2","14.09.2023 17:03:46","14.09.2023 17:04:56"
"ASUSE","64650_2","14.09.2023 17:06:23","14.09.2023 17:07:07"
"ASUSE","64650_2","14.09.2023 17:08:24",
"ASUSE","64455_1","05.09.2023 11:50:19","05.09.2023 11:50:25"
"ASUSE","64650_2","12.09.2023 12:32:42","12.09.2023 12:32:50"
"ASUSE","64649","04.08.2023 15:52:31","04.08.2023 15:52:40"
"TEST3","61880_18","14.08.2023 17:21:43",
"ASUSE","64879","25.08.2023 13:20:11","25.08.2023 13:20:25"
"ASUSE","64879","25.08.2023 13:24:37","25.08.2023 13:24:52"
"ASUSE","64879","25.08.2023 14:11:18","25.08.2023 14:11:33"
"ASUSE","61880_1","17.11.2023 15:45:43","17.11.2023 15:45:48"
"ASUSE","61880_1","17.11.2023 15:48:37","17.11.2023 15:48:42"
"ASUSE","64650_2","12.09.2023 16:10:07","12.09.2023 16:10:13"
"TEST3","64224","14.08.2023 17:13:17","14.08.2023 17:13:25"
"ASUSE","64879","25.08.2023 14:17:42","25.08.2023 14:17:56"
"ASUSE","64879","25.08.2023 14:38:49","25.08.2023 14:39:04"
"ASUSE","61880_1","17.11.2023 15:48:49","17.11.2023 15:48:53"
"ASUSE","64950","17.11.2023 16:38:42","17.11.2023 16:38:58"
"ASUSE","61880_17_v3","17.11.2023 12:52:05","17.11.2023 12:53:02"
"ASUSE","61880_17_v3","21.11.2023 12:00:26","21.11.2023 12:00:53"
"ASUSE","61880_9_v3","30.11.2023 17:05:59","30.11.2023 17:13:51"
"ASUSE","61880_9_v3","30.11.2023 17:54:31","30.11.2023 17:57:17"
"TEST3","61880_19","14.08.2023 17:22:42","14.08.2023 17:22:46"
"ASUSE","64809","21.08.2023 18:13:43","21.08.2023 18:14:19"
"ASUSE","64879","28.08.2023 15:07:50","28.08.2023 15:07:55"
"ASUSE","64879","28.08.2023 15:08:21","28.08.2023 15:08:32"
"ASUSE","61880_17_v3","21.11.2023 11:49:46","21.11.2023 11:52:31"
"ASUSE","61880_9_v3","29.11.2023 18:15:02","29.11.2023 18:18:21"
"ASUSE","65015","15.12.2023 15:41:06",
"ASUSE","65015","15.12.2023 15:44:34","15.12.2023 15:44:48"
"ASUSE","65015","15.12.2023 16:00:45","15.12.2023 16:00:54"
"ASUSE","65015","15.12.2023 16:45:33","15.12.2023 16:45:44"
"ASUSE","65015","15.12.2023 16:50:59","15.12.2023 16:51:09"
"ASUSE","65015","15.12.2023 16:59:39",
"ASUSE","65015","15.12.2023 17:04:04",
"ASUSE","65015","15.12.2023 18:12:16","15.12.2023 18:12:27"
"ASUSE","65015","15.12.2023 18:17:34","15.12.2023 18:17:48"
"ASUSE","64809","18.12.2023 14:37:18","18.12.2023 14:37:49"
"ASUSE","66806","20.12.2023 18:56:34",
"ASUSE","66806","20.12.2023 19:06:58",
"ASUSE","64455_1","04.10.2023 18:13:51","04.10.2023 18:13:57"
"ASUSE","64809","05.10.2023 15:52:39","05.10.2023 15:52:50"
"ASUSE","64879","10.10.2023 18:58:25",
"ASUSE","64879","28.08.2023 15:11:22","28.08.2023 15:11:37"
"ASUSE","64879","28.08.2023 15:13:02","28.08.2023 15:13:12"
"ASUSE","66806","20.12.2023 19:48:59","20.12.2023 19:49:05"
"ASUSE","66806","20.12.2023 19:09:22",
"ASUSE","66806","20.12.2023 19:26:57",
"ASUSE","64879","28.08.2023 15:14:00","28.08.2023 15:14:14"
"ASUSE","64879","28.08.2023 15:14:54","28.08.2023 15:14:59"
"ASUSE","66806","20.12.2023 19:49:57","20.12.2023 19:50:03"
"ASUSE","66806","20.12.2023 19:11:55",
"ASUSE","61880_9_v3","30.11.2023 10:22:10","30.11.2023 10:25:01"
"ASUSE","61880_9_v3","30.11.2023 10:33:02","30.11.2023 10:38:41"
"ASUSE","61880_9_v3","30.11.2023 12:12:11",
"ASUSE","61880_9_v3","30.11.2023 12:26:56","30.11.2023 12:29:29"
"ASUSE","66806","20.12.2023 19:34:59",
"ASUSE","64879","28.08.2023 15:16:11","28.08.2023 15:17:56"
"ASUSE","64879","28.08.2023 15:18:33","28.08.2023 15:20:07"
"ASUSE","64455_1_total","08.09.2023 14:41:49","08.09.2023 14:41:56"
"ASUSE","64455_1_total","08.09.2023 14:44:31","08.09.2023 14:44:37"
"ASUSE","64650_2","12.09.2023 11:35:53","12.09.2023 11:36:04"
"ASUSE","64650_2","12.09.2023 11:41:55","12.09.2023 11:42:02"
"ASUSE","66806","20.12.2023 19:20:09",
"ASUSE","64650_2","14.09.2023 17:22:43",
"ASUSE","64650_2","14.09.2023 17:31:47","14.09.2023 17:32:27"
"ASUSE","64650_2","14.09.2023 18:20:07","14.09.2023 18:22:38"
"ASUSE","64650_2","14.09.2023 18:23:52","14.09.2023 18:24:09"
"ASUSE","64455_1","18.09.2023 17:18:20","18.09.2023 17:18:22"
"ASUSE","64650_2","20.09.2023 14:40:32","20.09.2023 14:41:47"
"ASUSE","64650_2","20.09.2023 15:47:50","20.09.2023 15:48:27"
"ASUSE","64650_2","20.09.2023 15:50:48","20.09.2023 15:50:54"
"ASUSE","64650_2","20.09.2023 15:59:49","20.09.2023 15:59:57"
"ASUSE","64650_2","20.09.2023 16:16:34","20.09.2023 16:16:40"
"ASUSE","64650_2","24.09.2023 11:50:23","24.09.2023 11:50:34"
"ASUSE","64650_2","24.09.2023 11:51:11","24.09.2023 11:51:19"
"ASUSE","64650_2","24.09.2023 11:52:02","24.09.2023 11:52:13"
"ASUSE","64879","28.08.2023 15:31:07","28.08.2023 15:32:41"
"ASUSE","64879","28.08.2023 18:04:57","28.08.2023 18:05:26"
"ASUSE","65015","15.12.2023 15:38:37",
"ASUSE","66806","20.12.2023 19:51:11","20.12.2023 19:51:15"
"ASUSE","61880_9_v3","29.11.2023 14:58:26",
"ASUSE","61880_9_v3","29.11.2023 15:05:39","29.11.2023 15:05:57"
"ASUSE","61880_9_v3","29.11.2023 15:07:03","29.11.2023 15:09:36"
"ASUSE","61880_9_v3","29.11.2023 16:24:48","29.11.2023 16:27:35"
"ASUSE","61880_17_v3","01.12.2023 12:49:33","01.12.2023 12:51:34"
"ASUSE","66806","20.12.2023 19:43:32","20.12.2023 19:43:38"
"ASUSE","64455_1","04.09.2023 9:59:57","04.09.2023 10:00:17"
"ASUSE","61880_9_v3","29.11.2023 18:24:25","29.11.2023 18:27:10"
"ASUSE","61880_9_v3","29.11.2023 18:32:41",
"ASUSE","61880_9_v3","29.11.2023 18:51:42","29.11.2023 18:54:35"
"ASUSE","61880_9_v3","29.11.2023 19:02:13","29.11.2023 19:04:58"
"ASUSE","66806","20.12.2023 19:53:15","20.12.2023 19:53:21"
"ASUSE","61880_17_v3","21.11.2023 11:46:55","21.11.2023 11:47:21"
"ASUSE","61880_17_v3","05.12.2023 16:00:47","05.12.2023 16:01:46"
"ASUSE","66806","23.12.2023 13:30:02",
"ASUSE","66806","25.12.2023 19:05:58","25.12.2023 19:06:10"
"ASUSE","61880_14","19.09.2023 10:02:29","19.09.2023 10:02:48"
"ASUSE","64455_1","04.09.2023 15:35:57","04.09.2023 15:36:10"
"ASUSE","61880_9_v3","29.11.2023 19:26:21","29.11.2023 19:30:21"
"ASUSE","61880_9_v3","30.11.2023 12:38:02","30.11.2023 12:40:38"
"ASUSE","61880_9_v3","30.11.2023 13:12:19","30.11.2023 13:14:53"
"ASUSE","61880_9_v3","30.11.2023 13:26:08","30.11.2023 13:26:24"
"ASUSE","61880_9_v3","30.11.2023 13:31:00","30.11.2023 13:33:31"
"ASUSE","61880_9_v3","30.11.2023 15:08:12",
"ASUSE","61880_9_v3","30.11.2023 15:15:03","30.11.2023 15:17:37"
"ASUSE","61880_9_v3","06.12.2023 16:19:21",
"ASUSE","61880_2_int_date","11.12.2023 11:25:52","11.12.2023 11:26:05"
"ASUSE","66806","20.12.2023 19:54:12","20.12.2023 19:54:16"
"ASUSE","61880_17_v3","17.11.2023 14:20:51","17.11.2023 14:21:30"
"ASUSE","61880_17","20.07.2023 18:30:45","20.07.2023 18:31:09"
"TEST1","61880_3_new","11.08.2023 15:34:02","11.08.2023 15:34:04"
"TEST2","61880_3_new","11.08.2023 15:40:23","11.08.2023 15:40:25"
"TEST3","61880_3_new","11.08.2023 16:01:46","11.08.2023 16:01:49"
"ASUSE","462353","11.08.2023 17:52:46","11.08.2023 17:53:09"
"ASUSE","64650_2","12.09.2023 16:13:47","12.09.2023 16:13:52"
"ASUSE","64650_2","24.09.2023 9:46:41",
"ASUSE","64650_2","24.09.2023 9:54:42",
"ASUSE","64650_2","24.09.2023 10:26:37",
"ASUSE","64650_2","24.09.2023 10:29:44",
"ASUSE","64650_2","24.09.2023 10:32:43",
"ASUSE","64650_2","24.09.2023 10:42:45",
"ASUSE","64650_2","24.09.2023 10:53:00",
"ASUSE","64650_2","24.09.2023 11:22:17",
"ASUSE","61880-9-NEW","10.10.2023 13:02:08","10.10.2023 13:03:44"
"ASUSE","61880_17","19.07.2023 15:57:15","19.07.2023 15:57:40"
"ASUSE","64879","10.10.2023 19:01:22","10.10.2023 19:06:08"
"ASUSE","61880_17","15.11.2023 23:57:58","15.11.2023 23:58:21"
"ASUSE","61880_17_v3","15.11.2023 23:59:48","16.11.2023 0:00:11"
"ASUSE","61880_17","16.11.2023 0:56:30","16.11.2023 0:56:55"
"ASUSE","61880-9-NEW","27.11.2023 12:44:53",
"ASUSE","64809","29.11.2023 9:47:17","29.11.2023 9:47:27"
"ASUSE","61880_17","20.07.2023 18:32:34","20.07.2023 18:32:58"
"ASUSE","64879","16.10.2023 20:05:15","16.10.2023 20:06:51"
"ASUSE","64879","16.10.2023 20:11:27","16.10.2023 20:13:03"
"ASUSE","61880_17","24.07.2023 15:08:27",
"ASUSE","64950","31.07.2023 11:21:29","31.07.2023 11:21:47"
"ASUSE","64879","15.08.2023 14:47:26",
"ASUSE","61880_17","15.09.2023 10:03:45","15.09.2023 10:04:05"
"ASUSE","64650_2","23.09.2023 22:14:09",
"ASUSE","64650_2","23.09.2023 23:05:14",
"ASUSE","64650_2","23.09.2023 23:08:19",
"ASUSE","64650_2","23.09.2023 23:15:12",
"ASUSE","64650_2","23.09.2023 23:25:25",
"ASUSE","64650_2","23.09.2023 23:52:33",
"ASUSE","64650_2","23.09.2023 23:59:08",
"ASUSE","64650_2","24.09.2023 0:00:11",
"ASUSE","64650_2","24.09.2023 0:01:52",
"ASUSE","64650_2","24.09.2023 0:02:58",
"ASUSE","64650_2","24.09.2023 0:04:19",
"ASUSE","61880_17_v3","16.11.2023 0:38:19","16.11.2023 0:39:00"
"TEST3","61759_1","14.08.2023 12:55:48",
"ASUSE","64879","16.10.2023 20:15:13","16.10.2023 20:16:50"
"ASUSE","64879","30.10.2023 12:22:38","30.10.2023 12:22:50"
"ASUSE","64879","15.08.2023 14:48:41",
"ASUSE","61880_18","16.08.2023 19:38:39","16.08.2023 19:39:00"
"ASUSE","64455_1","04.10.2023 17:35:23","04.10.2023 17:35:31"
"TEST3","61880_7","14.08.2023 12:59:31",
"TEST3","462353","14.08.2023 13:08:22","14.08.2023 13:08:59"
"TEST3","462353","14.08.2023 13:09:57","14.08.2023 13:10:33"
"TEST3","462359_rep_year","14.08.2023 13:11:48","14.08.2023 13:40:25"
"TEST3","462359_rep","14.08.2023 13:42:09","14.08.2023 14:10:14"
"ASUSE","61880_2_on_date","01.11.2023 18:13:08","01.11.2023 18:13:15"
"ASUSE","64809","07.11.2023 12:53:42","07.11.2023 12:53:56"
"ASUSE","64651","09.11.2023 10:51:05","09.11.2023 10:51:16"
"ASUSE","64950","09.11.2023 15:00:02","09.11.2023 15:00:09"
"ASUSE","64455_1","01.09.2023 16:35:25","01.09.2023 16:35:26"
"ASUSE","64455_1","04.10.2023 17:48:47","04.10.2023 17:48:53"
"TEST3","64651","14.08.2023 14:11:45","14.08.2023 14:11:52"
"TEST3","64651","14.08.2023 15:37:06","14.08.2023 15:37:08"
"TEST3","462359_rep","14.08.2023 15:38:16","14.08.2023 16:04:01"
"TEST3","462359_rep_year","14.08.2023 16:05:24","14.08.2023 16:31:32"
"TEST3","64883","14.08.2023 16:57:51","14.08.2023 16:57:57"
"ASUSE","64650_2","23.09.2023 21:17:08",
"ASUSE","64650_2","23.09.2023 21:26:11",
"ASUSE","64650_2","23.09.2023 21:31:29",
"ASUSE","64650_2","23.09.2023 21:47:44",
"ASUSE","61880_17_v3","17.11.2023 13:16:24","17.11.2023 13:17:00"
"ASUSE","61880_17_v3","17.11.2023 13:45:45","17.11.2023 13:46:13"
"ASUSE","61880_17","19.07.2023 16:03:46","19.07.2023 16:04:19"
"ASUSE","462361","28.07.2023 13:03:30","28.07.2023 13:11:27"
"ASUSE","462361","28.07.2023 13:16:35","28.07.2023 13:17:04"
"ASUSE","462361","28.07.2023 13:21:32","28.07.2023 13:21:39"
"ASUSE","462361","28.07.2023 13:22:26","28.07.2023 13:22:38"
"ASUSE","462361","28.07.2023 13:23:20","28.07.2023 13:23:35"
"ASUSE","462361","28.07.2023 13:34:46","28.07.2023 13:34:56"
"ASUSE","462361","28.07.2023 13:36:41","28.07.2023 13:36:51"
"ASUSE","462361","28.07.2023 13:38:37","28.07.2023 13:38:52"
"ASUSE","61880_14","03.08.2023 15:06:11","03.08.2023 15:06:16"
"ASUSE","64455_1_total","03.08.2023 17:00:37","03.08.2023 17:00:39"
"ASUSE","64455_1_total","03.08.2023 17:01:32","03.08.2023 17:01:33"
"ASUSE","64809","03.08.2023 17:04:59","03.08.2023 17:05:36"
"ASUSE","64455_1","04.10.2023 17:50:28","04.10.2023 17:50:37"
"ASUSE","64879","23.08.2023 17:59:07","23.08.2023 17:59:14"
"ASUSE","64879","24.08.2023 17:19:20","24.08.2023 17:19:35"
"ASUSE","64879","24.08.2023 17:31:54","24.08.2023 17:32:09"
"ASUSE","64650_2","23.09.2023 21:49:23",
"ASUSE","64650_2","23.09.2023 21:53:52",
"ASUSE","65015","10.11.2023 12:21:22",
"ASUSE","65015","10.11.2023 12:22:25",
"ASUSE","61880_17_v3","17.11.2023 14:04:40","17.11.2023 14:05:23"
"ASUSE","61880_17_v3","17.11.2023 15:43:10","17.11.2023 15:43:26"
"ASUSE","462361","28.07.2023 14:35:12","28.07.2023 14:35:24"
"ASUSE","462361","28.07.2023 14:35:57","28.07.2023 14:36:07"
"ASUSE","462361","28.07.2023 14:59:13","28.07.2023 14:59:23"
"ASUSE","462361","28.07.2023 15:25:27","28.07.2023 15:25:57"
"ASUSE","61880_18","14.08.2023 17:29:35",
"ASUSE","64879","21.08.2023 18:19:21",
"ASUSE","64650_2","24.09.2023 0:10:12",
"ASUSE","64650_2","24.09.2023 0:18:45",
"ASUSE","61880-9-NEW","23.11.2023 10:11:40","23.11.2023 10:11:58"
"ASUSE","61880-9-NEW","23.11.2023 10:12:33","23.11.2023 10:47:01"
"ASUSE","61880-9-NEW","29.11.2023 11:35:11","29.11.2023 11:56:26"
"ASUSE","61880_9_v3","29.11.2023 15:01:53",
"ASUSE","61880_9_v3","30.11.2023 12:14:37","30.11.2023 12:24:35"
"ASUSE","61880_9_v3","30.11.2023 15:46:01","30.11.2023 15:49:11"
"ASUSE","64455_1","04.10.2023 17:53:14","04.10.2023 17:53:21"
"ASUSE","64879","24.08.2023 17:44:41","24.08.2023 17:44:56"
"ASUSE","64879","25.08.2023 13:17:06","25.08.2023 13:17:20"
"ASUSE","64879","25.08.2023 13:19:05","25.08.2023 13:19:19"
"ASUSE","61880_17_v3","17.11.2023 13:00:59","17.11.2023 13:01:24"
"ASUSE","61759_1","17.11.2023 15:44:55","17.11.2023 15:44:57"
"ASUSE","64879","21.08.2023 18:22:02","21.08.2023 18:22:10"
"ASUSE","64650","23.08.2023 14:11:39","23.08.2023 14:11:55"
"ASUSE","64650_2","23.08.2023 14:13:05","23.08.2023 14:13:28"
"ASUSE","61880_9_v3","30.11.2023 15:54:22","30.11.2023 15:56:53"
"ASUSE","61880_9_v3","30.11.2023 16:23:39",
"ASUSE","61880_9_v3","30.11.2023 16:33:53",
"ASUSE","61880_9_v3","30.11.2023 16:45:02",
"ASUSE","61880_9_v3","30.11.2023 16:51:30","30.11.2023 16:51:48"
"ASUSE","61880_9_v3","30.11.2023 16:56:39","30.11.2023 16:59:38"
"ASUSE","61880_19","29.01.2024 16:01:10","29.01.2024 16:01:14"
"ASUSE","61880_19","29.01.2024 17:07:09","29.01.2024 17:07:28"
"ASUSE","66806","23.12.2023 13:19:27",
"ASUSE","66806","23.12.2023 13:19:57",
"ASUSE","61880_19","29.01.2024 17:11:48","29.01.2024 17:11:56"
"ASUSE","61880_19","29.01.2024 17:18:43","29.01.2024 17:20:48"
"ASUSE","66806","26.12.2023 10:14:54","26.12.2023 10:15:07"
"ASUSE","61880_19","29.01.2024 17:25:14",
"ASUSE","66806","26.12.2023 12:20:22","26.12.2023 12:20:30"
"ASUSE","66806","26.12.2023 12:21:44","26.12.2023 12:21:55"
"ASUSE","61880_2_int_date","29.01.2024 16:06:56","29.01.2024 16:07:04"
"ASUSE","61880_19","29.01.2024 16:09:33",
"ASUSE","61880_19","29.01.2024 16:15:17","29.01.2024 16:15:21"
"ASUSE","61880_19","29.01.2024 16:20:52","29.01.2024 16:20:55"
"ASUSE","61880_19","29.01.2024 16:23:39","29.01.2024 16:23:42"
"ASUSE","66806","23.12.2023 12:45:25",
"ASUSE","61880_19","29.01.2024 16:30:47","29.01.2024 16:30:50"
"ASUSE","66806","23.12.2023 13:40:11","23.12.2023 13:40:19"
"ASUSE","66806","21.12.2023 13:09:27","21.12.2023 13:09:41"
"ASUSE","66806","23.12.2023 13:41:11","23.12.2023 13:41:16"
"ASUSE","66806","21.12.2023 13:13:38","21.12.2023 13:13:47"
"ASUSE","66806","23.12.2023 19:49:57","23.12.2023 19:50:02"
"ASUSE","66806","23.12.2023 10:47:32","23.12.2023 10:47:44"
"ASUSE","66806","23.12.2023 19:57:29","23.12.2023 19:57:35"
"ASUSE","66806","23.12.2023 11:06:21",
"ASUSE","66806","23.12.2023 20:02:44","23.12.2023 20:02:51"
"ASUSE","66806","23.12.2023 11:13:28",
"ASUSE","66806","26.12.2023 0:02:45","26.12.2023 0:02:47"
"ASUSE","66806","23.12.2023 12:47:15",
"ASUSE","66806","26.12.2023 14:31:43","26.12.2023 14:31:54"
"ASUSE","66806","23.12.2023 12:55:03",
"ASUSE","66806","26.12.2023 14:34:02","26.12.2023 14:34:11"
"ASUSE","66806","23.12.2023 12:56:19",
"ASUSE","66806","26.12.2023 14:36:21","26.12.2023 14:36:32"
"ASUSE","66806","25.12.2023 16:03:57","25.12.2023 16:04:10"
"ASUSE","61880_19","29.01.2024 19:28:57","29.01.2024 19:29:01"
"ASUSE","61880_19","29.01.2024 19:47:44",
"ASUSE","66806","21.12.2023 13:07:44","21.12.2023 13:07:58"
"ASUSE","66806","23.12.2023 23:34:07","23.12.2023 23:34:13"
"ASUSE","66806","25.12.2023 16:06:05","25.12.2023 16:06:14"
"ASUSE","61880_19","29.01.2024 19:48:19","29.01.2024 19:48:24"
"ASUSE","61880_19","29.01.2024 20:00:44","29.01.2024 20:01:00"
"ASUSE","66806","23.12.2023 13:32:07","23.12.2023 13:32:10"
"ASUSE","66806","25.12.2023 11:48:23","25.12.2023 11:48:30"
"ASUSE","66806","25.12.2023 16:31:47","25.12.2023 16:31:57"
"ASUSE","61880_19","29.01.2024 20:10:23","29.01.2024 20:10:28"
"ASUSE","61880_19","29.01.2024 20:11:38","29.01.2024 20:11:42"
"ASUSE","66806","23.12.2023 13:32:37","23.12.2023 13:32:41"
"ASUSE","66806","25.12.2023 12:02:12","25.12.2023 12:02:20"
"ASUSE","66806","25.12.2023 19:27:12","25.12.2023 19:27:23"
"ASUSE","61880_19","30.01.2024 11:57:43","30.01.2024 11:59:52"
"ASUSE","61880_19","30.01.2024 12:01:32","30.01.2024 12:01:35"
"ASUSE","66806","23.12.2023 13:35:02","23.12.2023 13:35:07"
"ASUSE","66806","25.12.2023 12:03:38","25.12.2023 12:03:44"
"ASUSE","66806","25.12.2023 23:53:39","25.12.2023 23:53:49"
"ASUSE","66806","23.12.2023 20:05:32","23.12.2023 20:05:39"
"ASUSE","66806","25.12.2023 12:18:58","25.12.2023 12:19:14"
"ASUSE","66806","26.12.2023 13:34:24","26.12.2023 13:34:45"
"ASUSE","66806","23.12.2023 20:12:03","23.12.2023 20:12:11"
"ASUSE","66806","25.12.2023 12:24:13","25.12.2023 12:24:23"
"ASUSE","61880_19","27.12.2023 18:19:44","27.12.2023 18:19:48"
"ASUSE","61880_19","27.12.2023 18:20:20","27.12.2023 18:20:22"
"ASUSE","66806","23.12.2023 20:15:31","23.12.2023 20:15:43"
"ASUSE","66806","25.12.2023 12:28:27","25.12.2023 12:28:37"
"ASUSE","61880_19","27.12.2023 18:20:43","27.12.2023 18:20:46"
"ASUSE","61880_19","27.12.2023 18:20:59","27.12.2023 18:21:03"
"ASUSE","66806","23.12.2023 20:42:11","23.12.2023 20:42:19"
"ASUSE","66806","25.12.2023 12:39:29","25.12.2023 12:39:42"
"ASUSE","61880_19","27.12.2023 18:21:18","27.12.2023 18:21:23"
"ASUSE","61880_19","27.12.2023 18:21:33","27.12.2023 18:21:35"
"ASUSE","66806","23.12.2023 20:45:39","23.12.2023 20:45:45"
"ASUSE","66806","25.12.2023 14:40:17","25.12.2023 14:40:31"
"ASUSE","61880_19","27.12.2023 18:22:03","27.12.2023 18:22:04"
"ASUSE","61880_19","27.12.2023 18:22:09","27.12.2023 18:22:11"
"ASUSE","66806","23.12.2023 13:29:45",
"ASUSE","66806","23.12.2023 20:55:49","23.12.2023 20:55:54"
"ASUSE","66806","25.12.2023 14:42:15","25.12.2023 14:42:25"
"ASUSE","61880_19","27.12.2023 18:23:14","27.12.2023 18:23:16"
"ASUSE","61880_19","27.12.2023 18:23:26","27.12.2023 18:23:28"
"ASUSE","66806","23.12.2023 13:30:45","23.12.2023 13:30:50"
"ASUSE","66806","23.12.2023 21:00:46","23.12.2023 21:00:51"
"ASUSE","66806","25.12.2023 14:44:38","25.12.2023 14:44:48"
"ASUSE","64948","28.12.2023 15:48:45","28.12.2023 15:48:48"
"ASUSE","64948","28.12.2023 15:49:05","28.12.2023 15:49:07"
"ASUSE","66806","20.12.2023 19:56:31","20.12.2023 19:56:39"
"ASUSE","66806","23.12.2023 21:03:22","23.12.2023 21:03:27"
"ASUSE","66806","25.12.2023 14:46:12","25.12.2023 14:46:20"
"ASUSE","61880_19","29.01.2024 16:37:43","29.01.2024 16:37:46"
"ASUSE","61880_19","29.01.2024 17:41:53","29.01.2024 18:04:56"
"ASUSE","66806","20.12.2023 19:59:34","20.12.2023 19:59:41"
"ASUSE","66806","23.12.2023 21:05:48","23.12.2023 21:05:54"
"ASUSE","66806","25.12.2023 14:50:59","25.12.2023 14:51:09"
"ASUSE","61880_19","29.01.2024 18:05:53","30.01.2024 11:35:29"
"ASUSE","61880_19","29.01.2024 19:17:16","29.01.2024 19:17:20"
"ASUSE","66806","20.12.2023 20:08:02","20.12.2023 20:08:09"
"ASUSE","66806","23.12.2023 21:08:53","23.12.2023 21:08:58"
"ASUSE","66806","25.12.2023 14:54:13","25.12.2023 14:54:23"
"ASUSE","61880_19","29.01.2024 19:19:21","29.01.2024 19:19:25"
"ASUSE","61880_19","29.01.2024 19:23:38",
"ASUSE","66806","20.12.2023 20:09:15","20.12.2023 20:09:22"
"ASUSE","66806","23.12.2023 23:19:50","23.12.2023 23:19:56"
"ASUSE","66806","25.12.2023 15:43:40","25.12.2023 15:43:52"
"ASUSE","61880_19","29.01.2024 19:24:23","29.01.2024 19:24:27"
"ASUSE","61880_19","29.01.2024 19:27:31","29.01.2024 19:27:35"
"ASUSE","66806","21.12.2023 13:00:56",
"ASUSE","66806","23.12.2023 23:25:17","23.12.2023 23:25:26"
"ASUSE","66806","25.12.2023 15:50:54","25.12.2023 15:51:04"
"ASUSE","64883_2","14.03.2024 18:26:39","14.03.2024 18:26:40"
"ASUSE","64883_2","14.03.2024 18:26:42","14.03.2024 18:26:42"
"ASUSE","64883_2","14.03.2024 18:26:43","14.03.2024 18:26:43"
"ASUSE","64883_2","14.03.2024 18:26:44","14.03.2024 18:26:44"
"ASUSE","64883_2","14.03.2024 18:26:46","14.03.2024 18:26:46"
"ASUSE","64883_2","14.03.2024 18:26:47","14.03.2024 18:26:47"
"ASUSE","64883_2","14.03.2024 18:26:48","14.03.2024 18:26:49"
"ASUSE","64883_2","14.03.2024 18:26:50","14.03.2024 18:26:50"
"ASUSE","64883_2","14.03.2024 18:26:51","14.03.2024 18:26:51"
"ASUSE","64883_2","14.03.2024 18:26:53","14.03.2024 18:26:53"
"ASUSE","64883_2","14.03.2024 18:26:54","14.03.2024 18:26:54"
"ASUSE","64883_2","14.03.2024 18:26:55","14.03.2024 18:26:55"
"ASUSE","64883_2","14.03.2024 18:26:57","14.03.2024 18:26:57"
"ASUSE","64883_2","14.03.2024 18:26:58","14.03.2024 18:26:58"
"SAA","61880-9-NEW","22.02.2024 9:53:15","22.02.2024 9:53:17"
"SAA","61880_12","22.02.2024 11:10:15","22.02.2024 11:10:18"
"MELEHINA","72595","05.09.2024 14:49:54","05.09.2024 14:49:54"
"MELEHINA","72257","05.09.2024 14:57:03","05.09.2024 14:57:04"
"KAA","64949","05.08.2024 16:52:19","05.08.2024 16:52:19"
"KAA","61880_7","05.09.2024 14:42:34","05.09.2024 14:42:34"
"KAA","72554","05.09.2024 14:44:56","05.09.2024 14:44:56"
"FED","75780","26.12.2025 12:15:05","26.12.2025 12:15:10"
"ASUSE","76630","15.01.2026 15:17:28","15.01.2026 15:17:29"
"KOA","61759_1","03.09.2024 11:25:02","03.09.2024 11:25:02"
"MELEHINA","72587","05.09.2024 15:03:13","05.09.2024 15:03:13"
"ASUSE","61880_10_ryaz","05.09.2024 16:57:28","05.09.2024 16:57:29"
"KAA","72544","06.09.2024 10:20:52","06.09.2024 10:20:53"
"KAA","61880_10_ryaz","06.09.2024 10:37:25","06.09.2024 10:37:25"
"KAA","72609","06.09.2024 10:39:39","06.09.2024 10:39:39"
"KAA","72609","06.09.2024 10:39:47","06.09.2024 10:39:47"
"KAA","61880_17_ryaz","09.09.2024 11:36:54","09.09.2024 11:36:56"
"KAA","61880_17_ryaz","09.09.2024 11:52:17","09.09.2024 11:52:19"
"KAA","61880_17_ryaz","09.09.2024 12:05:49","09.09.2024 12:05:51"
"KAA","61880_17_ryaz","09.09.2024 12:14:31","09.09.2024 12:14:33"
"KAA","61880_17_ryaz","09.09.2024 12:40:43","09.09.2024 12:40:46"
"KAA","61880_17_ryaz","09.09.2024 14:35:30","09.09.2024 14:35:33"
"DAV","462361","25.11.2024 14:34:15","25.11.2024 14:34:15"
"DAV","64483_1","25.11.2024 14:36:12","25.11.2024 14:36:33"
"KAA","72559","05.09.2024 14:45:15","05.09.2024 14:45:15"
"KAA","72418","05.09.2024 14:46:01","05.09.2024 14:46:02"
"ASUSE","61880_10_ryaz","29.08.2024 13:02:02","29.08.2024 13:02:03"
"ASUSE","64650_2","29.08.2024 13:03:00","29.08.2024 13:03:01"
"KAA","61880_17_v3_ryaz","05.09.2024 15:09:40","05.09.2024 15:09:44"
"KAA","72418","05.09.2024 15:57:52","05.09.2024 15:57:52"
"KAA","462359_rep_year","05.09.2024 16:05:56","05.09.2024 16:05:59"
"YANO","61880_10_ryaz","13.09.2024 11:18:15","13.09.2024 11:18:15"
"YANO","61880_10_ryaz","13.09.2024 11:18:54","13.09.2024 11:18:55"
"YANO","61880_9_v3","27.09.2024 13:58:32","27.09.2024 13:58:34"
"MELEHINA","64455_1_total","03.10.2024 16:22:39","03.10.2024 16:22:40"
"BKV","61880_9_v3_ryaz","27.05.2025 12:06:03","27.05.2025 12:06:07"
"YANO","61880_10_ryaz","18.07.2025 17:47:29","18.07.2025 17:48:16"
"KAA","72587","06.09.2024 10:22:29","06.09.2024 10:22:29"
"KAA","72565","05.09.2024 14:52:16","05.09.2024 14:52:16"
"ASUSE","64455_1_total","29.08.2024 15:49:26","29.08.2024 15:49:28"
"ASUSE","72418","29.08.2024 15:50:18","29.08.2024 15:50:19"
"MELEHINA","72418","06.09.2024 15:40:15","06.09.2024 15:40:15"
"KAA","72587","06.09.2024 10:23:11","06.09.2024 10:23:11"
"KAA","64950_ryaz","05.09.2024 14:53:30","05.09.2024 14:53:30"
"ASUSE","61880_10_ryaz","05.09.2024 15:16:07","05.09.2024 15:16:08"
"ASUSE","61880_10_ryaz","05.09.2024 15:16:28","05.09.2024 15:16:29"
"ASUSE","61880_10_ryaz","05.09.2024 15:20:54","05.09.2024 15:20:55"
"ASUSE","61880_10_ryaz","05.09.2024 15:57:12","05.09.2024 15:57:13"
"ASUSE","72554","05.09.2024 16:05:33","05.09.2024 16:05:33"
"ASUSE","61880_9_v3","06.09.2024 17:34:32","06.09.2024 17:34:38"
"BARAV","61880_9_v3_ryaz","17.07.2025 14:25:26","17.07.2025 14:25:31"
"MELEHINA","61880_17_v3_ryaz","09.09.2024 15:26:53","09.09.2024 15:26:57"
"KAA","61759_1","06.09.2024 10:31:48","06.09.2024 10:31:48"
"KAA","72257","06.09.2024 10:32:39","06.09.2024 10:32:39"
"YANO","61880_10","05.11.2024 14:38:22","05.11.2024 14:38:22"
"YANO","61880_10","05.11.2024 14:39:13","05.11.2024 14:39:13"
"YANO","61880_10_ryaz","05.11.2024 14:44:06","05.11.2024 14:44:07"
"YANO","61880_10_ryaz","05.11.2024 14:44:46","05.11.2024 14:44:46"
"DAV","64483_1","25.11.2024 14:38:12","25.11.2024 14:38:26"
"DAV","64483_1","25.11.2024 14:39:52","25.11.2024 14:40:06"
"KAA","72565","26.11.2024 15:28:04","26.11.2024 15:28:13"
"KAA","61880_9_v3_ryaz","26.11.2024 17:46:17","26.11.2024 17:46:20"
"ASUSE","61880_10_ryaz","26.02.2025 17:22:40","26.02.2025 17:23:52"
"ASUSE","61880_10_ryaz","26.02.2025 17:24:47","26.02.2025 17:25:42"
"ASUSE","61880_10_ryaz","26.02.2025 17:28:40","26.02.2025 17:29:34"
"ASUSE","72559","05.09.2024 16:05:51","05.09.2024 16:05:51"
"MELEHINA","72554","06.09.2024 15:22:31","06.09.2024 15:22:31"
"MELEHINA","72559","06.09.2024 15:23:01","06.09.2024 15:23:02"
"GOV","75061","21.05.2025 11:34:51","21.05.2025 11:35:03"
"BKV","61880_9_v3_ryaz","28.05.2025 14:07:33","28.05.2025 14:07:36"
"MELEHINA","61880_17_v3_ryaz","09.09.2024 15:33:23","09.09.2024 15:33:28"
"KAA","72601","06.09.2024 10:33:49","06.09.2024 10:33:50"
"KAA","61759_1","06.09.2024 10:35:15","06.09.2024 10:35:15"
"ASUSE","61880_10_ryaz","30.05.2025 11:38:35","30.05.2025 11:39:23"
"YANO","61880_17_ryaz","18.07.2025 18:01:18","18.07.2025 18:01:40"
"MELEHINA","72565","06.09.2024 15:23:34","06.09.2024 15:23:34"
"MELEHINA","72418","06.09.2024 15:25:10","06.09.2024 15:25:10"
"MELEHINA","61880_17_v3_ryaz","09.09.2024 15:59:10","09.09.2024 15:59:14"
"KAA","72319","06.09.2024 10:36:13","06.09.2024 10:36:13"
"KAA","72482","06.09.2024 10:43:33","06.09.2024 10:43:33"
"KAA","72257","09.09.2024 10:35:03","09.09.2024 10:35:03"
"KAA","61880_17_v3_ryaz","09.09.2024 10:37:00","09.09.2024 10:37:07"
"MVO","61880_3_new","19.07.2024 11:21:56","19.07.2024 11:21:57"
"MVO","61880_9_v3","19.07.2024 11:24:02","19.07.2024 11:24:04"
"MVO","64649","19.07.2024 11:25:00","19.07.2024 11:25:00"
"MVO","64650_2","19.07.2024 11:25:40","19.07.2024 11:25:40"
"MVO","61880_15","19.07.2024 11:26:00","19.07.2024 11:26:00"
"ASUSE","61880_20","01.08.2024 20:21:48","01.08.2024 20:21:49"
"ASUSE","61880_10_ryaz","21.11.2024 13:07:55","21.11.2024 13:07:56"
"YANO","61880_10_ryaz","18.07.2025 17:50:11","18.07.2025 17:50:55"
"YANO","61880_10_ryaz","18.07.2025 17:53:50","18.07.2025 17:54:34"
"YANO","61880_10_ryaz","18.07.2025 17:56:43","18.07.2025 17:57:27"
"YANO","61880_17_ryaz","18.07.2025 17:59:45","18.07.2025 18:00:08"
"ASUSE","61759_1","24.07.2024 11:59:06","24.07.2024 11:59:06"
"KAA","61880_17_ryaz","09.09.2024 10:37:38","09.09.2024 10:37:41"
"KAA","72482","09.09.2024 11:23:27","09.09.2024 11:23:27"
"ASUSE","61880_10_ryaz","14.09.2024 20:38:42","14.09.2024 20:38:43"
"MVO","61880_17","19.07.2024 11:26:40","19.07.2024 11:26:42"
"ASUSE","61759_1","24.07.2024 12:48:25","24.07.2024 12:48:26"
"KAA","72319","09.09.2024 10:56:13","09.09.2024 10:56:14"
"ASUSE","61880_10_ryaz","26.08.2025 13:31:39","26.08.2025 13:32:30"
"SSN","76300","28.08.2025 10:29:34","28.08.2025 10:29:34"
"SSN","76300","28.08.2025 10:30:17","28.08.2025 10:30:18"
"SSN","76300","28.08.2025 10:40:42","28.08.2025 10:40:42"
"SSN","76300","28.08.2025 10:41:32","28.08.2025 10:41:32"
"BKV","61880_10_ryaz","03.09.2025 10:38:43","03.09.2025 10:39:37"
"ASUSE","64949","19.07.2024 17:15:43","19.07.2024 17:15:44"
"ASUSE","64949","19.07.2024 17:16:27","19.07.2024 17:16:28"
"ASUSE","61759_1","19.07.2024 17:17:53","19.07.2024 17:17:53"
"KAA","72609","09.09.2024 9:42:49","09.09.2024 9:42:49"
"KAA","72257","09.09.2024 10:07:48","09.09.2024 10:07:49"
"MELEHINA","61880_17_ryaz","09.09.2024 14:47:04","09.09.2024 14:47:06"
"MELEHINA","61880_17_ryaz","09.09.2024 14:52:47","09.09.2024 14:52:49"
"MELEHINA","61880_17_ryaz","09.09.2024 16:06:23","09.09.2024 16:06:28"
"MELEHINA","61880_17_ryaz","09.09.2024 16:08:54","09.09.2024 16:08:57"
"MELEHINA","61880_17_ryaz","09.09.2024 16:11:06","09.09.2024 16:11:08"
"MELEHINA","61880_17_ryaz","09.09.2024 16:12:13","09.09.2024 16:12:15"
"ASUSE","72565","29.10.2024 14:33:42","29.10.2024 14:33:50"
"ASUSE","72565","29.10.2024 14:37:40","29.10.2024 14:37:48"
"MVO","61880_17_v3","19.07.2024 11:27:08","19.07.2024 11:27:09"
"MELEHINA","72544","05.09.2024 15:03:33","05.09.2024 15:03:33"
"MELEHINA","72544","05.09.2024 15:04:09","05.09.2024 15:04:09"
"MELEHINA","72544","05.09.2024 15:04:53","05.09.2024 15:04:53"
"MELEHINA","64455_1_total","05.09.2024 15:08:37","05.09.2024 15:08:38"
"MELEHINA","65015","05.09.2024 15:09:05","05.09.2024 15:09:06"
"MELEHINA","462359_rep_year","05.09.2024 16:06:08","05.09.2024 16:06:11"
"MELEHINA","72609","05.09.2024 17:10:51","05.09.2024 17:10:51"
"GOV","75061_v2","20.10.2025 14:29:33","20.10.2025 14:29:34"
"GOV","75061_v2","20.10.2025 14:30:04","20.10.2025 14:30:25"
"GOV","75061_v2","20.10.2025 14:30:55","20.10.2025 14:31:08"
"GOV","75061_v2","20.10.2025 14:40:34","20.10.2025 14:40:46"
"KAA","61880_20","02.08.2024 9:05:06","02.08.2024 9:05:06"
"KAA","64949","02.08.2024 9:06:28","02.08.2024 9:06:28"
"KAA","72418","19.08.2024 13:48:59","19.08.2024 13:48:59"
"KAA","61880_10_ryaz","19.08.2024 14:06:10","19.08.2024 14:06:11"
"KAA","64950_ryaz","19.08.2024 14:13:21","19.08.2024 14:13:21"
"KAA","61880_10_ryaz","13.12.2024 11:52:39","13.12.2024 11:52:45"
"KAA","61880_9_v3_ryaz","13.12.2024 15:00:48","13.12.2024 15:00:52"
"GOV","61880_9_v3_ryaz","19.03.2025 12:06:02","19.03.2025 12:06:07"
"ASUSE","61759_1","01.08.2024 20:20:43","01.08.2024 20:20:44"
"MELEHINA","64455_1","05.09.2024 15:08:22","05.09.2024 15:08:22"
"MELEHINA","64651","05.09.2024 15:09:53","05.09.2024 15:09:54"
"KNA","61880_9_v3_ryaz","19.03.2025 13:56:50","19.03.2025 13:56:54"
"KNA","61880_10_ryaz","19.03.2025 14:10:12",
"GOV","75061_v2","20.10.2025 14:41:17","20.10.2025 14:41:30"
"KAA","72482","09.09.2024 11:27:09","09.09.2024 11:27:09"
"KAA","72482","09.09.2024 11:27:27","09.09.2024 11:27:27"
"ASUSE","462353","24.09.2024 10:30:16",
"ASUSE","63051","24.09.2024 10:32:06","24.09.2024 10:32:07"
"GOV","61880_10_ryaz","19.03.2025 12:13:09",
"ASUSE","61880_9_v3_ryaz","26.11.2025 12:23:09","26.11.2025 12:23:14"
"KNA","61880_10_ryaz_gp","23.01.2026 14:08:05","23.01.2026 14:08:46"
"KNA","61880_10_ryaz_gp","23.01.2026 14:09:04","23.01.2026 14:09:44"
"ASUSE","65116","01.08.2024 20:22:40","01.08.2024 20:22:40"
"MELEHINA","72482","05.09.2024 14:17:23","05.09.2024 14:17:23"
"MELEHINA","72482","05.09.2024 14:26:11","05.09.2024 14:26:11"
"MELEHINA","61880_7","05.09.2024 15:10:21","05.09.2024 15:10:22"
"ASUSE","61880_20","01.08.2024 11:27:17","01.08.2024 11:27:18"
"ASUSE","64949","01.08.2024 11:29:38","01.08.2024 11:29:39"
"KAA","61880_17_v3_ryaz","09.09.2024 11:33:35","09.09.2024 11:33:40"
"MELEHINA","72319","05.09.2024 14:33:22","05.09.2024 14:33:22"
"MELEHINA","72319","05.09.2024 14:34:11","05.09.2024 14:34:12"
"MELEHINA","64950_ryaz","05.09.2024 17:11:08","05.09.2024 17:11:09"
"ASUSE","61880_20","06.08.2024 11:37:25","06.08.2024 11:37:26"
"ASUSE","61880_20","06.08.2024 11:38:44","06.08.2024 11:38:45"
"ASUSE","64949","06.08.2024 11:40:10","06.08.2024 11:40:11"
"ASUSE","64949","06.08.2024 11:41:00","06.08.2024 11:41:00"
"KAA","61880_17_v3_ryaz","09.09.2024 11:34:27","09.09.2024 11:34:33"
"MELEHINA","72319","05.09.2024 14:48:28","05.09.2024 14:48:28"
"MELEHINA","72601","05.09.2024 14:49:35","05.09.2024 14:49:35"
"MELEHINA","64950_ryaz","05.09.2024 17:13:01","05.09.2024 17:13:01"
"MELEHINA","64649_ryaz","05.09.2024 17:13:17","05.09.2024 17:13:17"
"MELEHINA","462359_rep_year","06.09.2024 15:32:50","06.09.2024 15:32:53"
"KAA","61880_17_ryaz","09.09.2024 10:38:03","09.09.2024 10:38:06"
"KAA","61880_17_ryaz","09.09.2024 10:38:29","09.09.2024 10:38:31"
"AEV","61880_9_v3_ryaz","11.03.2025 16:10:43","11.03.2025 16:10:48"
"AEV","61880_9_v3_ryaz","11.03.2025 16:12:09","11.03.2025 16:12:12"
"AEV","61880_9_v3_ryaz","11.03.2025 16:13:16","11.03.2025 16:13:19"
"AEV","61880_9_v3_ryaz","11.03.2025 16:13:57","11.03.2025 16:14:01"
"AEV","61880_9_v3_ryaz","11.03.2025 16:16:09","11.03.2025 16:16:14"
"GOV","75061_v2","20.10.2025 14:43:25","20.10.2025 14:43:38"
"GOV","61880_10_ryaz","11.12.2025 21:36:33","11.12.2025 21:37:15"
"KAA","61880_17_v3_ryaz","09.09.2024 11:35:44","09.09.2024 11:35:50"
"KAA","72418","09.09.2024 14:27:08","09.09.2024 14:27:08"
"ASUSE","61880_10_ryaz","17.09.2024 15:42:57","17.09.2024 15:42:59"
"ASUSE","61880_10_ryaz","17.09.2024 15:43:53","17.09.2024 15:43:55"
"ASUSE","61880_10_ryaz","17.09.2024 18:42:36","17.09.2024 18:42:37"
"YANO","61880_9_v3","25.09.2024 14:14:56","25.09.2024 14:14:59"
"YANO","61880_9_v3","25.09.2024 14:18:57","25.09.2024 14:19:00"
"YANO","61880_10_ryaz","25.09.2024 16:29:44","25.09.2024 16:29:45"
"ASUSE","72609","26.09.2024 16:14:16","26.09.2024 16:14:16"
"YANO","61880_9_v3","27.09.2024 11:38:02","27.09.2024 11:38:04"
"YANO","61880_9_v3","27.09.2024 12:19:01","27.09.2024 12:19:03"
"ASUSE","72257","13.08.2024 15:55:19","13.08.2024 15:55:19"
"ASUSE","72319","13.08.2024 19:16:44","13.08.2024 19:16:44"
"KAA","61880_9_v3","08.08.2024 13:52:42","08.08.2024 13:52:44"
"KAA","61880_9_v3","08.08.2024 13:53:14","08.08.2024 13:53:16"
"KAA","61880_9_v3","08.08.2024 13:55:14","08.08.2024 13:55:16"
"KAA","66806","08.08.2024 13:56:08","08.08.2024 13:56:08"
"KAA","61880_9_v3","05.09.2024 12:47:20","05.09.2024 12:47:22"
"KAA","72595","05.09.2024 14:37:42","05.09.2024 14:37:42"
"KAA","462359_rep_year","05.09.2024 14:38:55","05.09.2024 14:38:58"
"KAA","66806","05.09.2024 14:43:56","05.09.2024 14:43:56"
"KAA","61880_10_ryaz","05.09.2024 14:47:23","05.09.2024 14:47:24"
"KAA","61880_17_ryaz","05.09.2024 14:57:16","05.09.2024 14:57:19"
"GOV","61880_10_ryaz_gp","15.12.2025 11:07:33","15.12.2025 11:08:13"
"FED","75780","26.12.2025 12:10:49","26.12.2025 12:10:55"
"FED","75780","26.12.2025 12:14:30","26.12.2025 12:14:35"
"ASUSE","61880_20","01.08.2024 11:40:25","01.08.2024 11:40:26"
"ASUSE","64949","01.08.2024 11:44:46","01.08.2024 11:44:47"
"ASUSE","64949","01.08.2024 11:46:18","01.08.2024 11:46:19"
"KAA","64455_1","05.09.2024 15:08:46","05.09.2024 15:08:46"
"YANO","61880_7","24.10.2024 9:48:41","24.10.2024 9:48:41"
"YANO","72852","07.11.2024 10:00:03","07.11.2024 10:00:03"
"ASUSE","61880_9_v4_ryaz_json","28.01.2026 15:20:23","28.01.2026 15:20:30"
"MELEHINA","64950_ryaz","09.09.2024 16:52:29","09.09.2024 16:52:29"
"ASUSE","72943","02.11.2024 10:50:29","02.11.2024 10:50:50"
"YANO","72544","07.11.2024 9:13:12","07.11.2024 9:13:12"
"YANO","72554","07.11.2024 9:17:09","07.11.2024 9:17:09"
"YANO","61880_17_ryaz","28.11.2024 9:10:59","28.11.2024 9:11:05"
"TEST37","61880_10_ryaz","08.04.2025 13:50:09",
"KNA","61880_10_ryaz","28.04.2025 16:14:58","28.04.2025 16:16:17"
"AEV","61880_9_v3_ryaz","13.05.2025 14:01:26","13.05.2025 14:01:30"
"YANO","72601","13.09.2024 11:15:46","13.09.2024 11:15:47"
"YANO","61759_1","13.09.2024 11:17:02","13.09.2024 11:17:02"
"MVO","462359_rep","17.09.2024 14:46:25","17.09.2024 14:46:31"
"MVO","64883","17.09.2024 14:47:27","17.09.2024 14:47:27"
"YANO","64950_ryaz","07.11.2024 10:14:46","07.11.2024 10:14:46"
"MELEHINA","64950_ryaz","09.09.2024 16:54:18","09.09.2024 16:54:18"
"YANO","72559","07.11.2024 9:18:13","07.11.2024 9:18:13"
"YANO","72587","07.11.2024 9:25:45","07.11.2024 9:25:45"
"YANO","64950_ryaz","13.09.2024 12:40:10","13.09.2024 12:40:11"
"YANO","64950_ryaz","07.11.2024 10:15:12","07.11.2024 10:15:12"
"MELEHINA","64950_ryaz","09.09.2024 16:55:00","09.09.2024 16:55:01"
"YANO","72430","07.11.2024 9:27:11","07.11.2024 9:27:12"
"YANO","72595","07.11.2024 9:33:59","07.11.2024 9:33:59"
"YANO","61880_17_v3_ryaz","13.09.2024 12:40:46","13.09.2024 12:40:52"
"YANO","61880_17_v3_ryaz","13.09.2024 12:42:05","13.09.2024 12:42:09"
"ASUSE","61880_9_v3_ryaz","12.11.2024 10:53:01","12.11.2024 10:53:11"
"MVO","75237","21.10.2025 11:29:25","21.10.2025 11:29:26"
"YANO","61880_17_v3","07.11.2024 10:29:15","07.11.2024 10:29:20"
"YANO","64649_ryaz","07.11.2024 10:45:13","07.11.2024 10:45:13"
"MELEHINA","64950_ryaz","09.09.2024 16:56:22","09.09.2024 16:56:22"
"YANO","72601","07.11.2024 9:38:10","07.11.2024 9:38:11"
"YANO","72319","07.11.2024 9:42:08","07.11.2024 9:42:09"
"AEV","61880_9_v3_ryaz","13.05.2025 14:02:14","13.05.2025 14:02:17"
"BKV","61880_9_v3_ryaz","23.05.2025 14:46:14","23.05.2025 14:46:19"
"BKV","61880_9_v3_ryaz","23.05.2025 14:48:26","23.05.2025 14:48:29"
"ASUSE","61880_9_v3_ryaz","05.06.2025 18:05:46","05.06.2025 18:05:52"
"BKV","61880_9_v3_ryaz","10.09.2025 11:07:53","10.09.2025 11:07:57"
"BKV","61880_9_v3_ryaz","10.09.2025 11:14:35","10.09.2025 11:14:38"
"BKV","61880_9_v3_ryaz","10.09.2025 11:20:05","10.09.2025 11:20:08"
"MVO","76300","15.09.2025 10:19:24","15.09.2025 10:19:32"
"TSA","76222","09.10.2025 15:29:49","09.10.2025 15:29:49"
"TSA","76300","09.10.2025 15:30:49","09.10.2025 15:30:49"
"YANO","61880_17_v3_ryaz","13.09.2024 12:42:58","13.09.2024 12:43:02"
"ASUSE","64950_ryaz","08.11.2024 20:00:21","08.11.2024 20:00:23"
"MELEHINA","64950_ryaz","09.09.2024 16:59:54","09.09.2024 16:59:54"
"YANO","72319","07.11.2024 9:42:59","07.11.2024 9:42:59"
"YANO","72319","07.11.2024 9:56:16","07.11.2024 9:56:17"
"ITA","64949","22.10.2025 11:36:00","22.10.2025 11:36:03"
"ITA","64949","22.10.2025 11:37:39","22.10.2025 11:37:41"
"BARAV","61880_9_v3_ryaz","05.11.2025 14:16:33","05.11.2025 14:16:36"
"TEST37","61880_9_v4_ryaz_json","14.01.2026 8:07:59","14.01.2026 8:08:07"
"TEST37","61880_9_v4_ryaz_json","14.01.2026 8:27:37","14.01.2026 8:27:45"
"TEST37","61880_9_v4_ryaz_json","14.01.2026 9:05:50","14.01.2026 9:05:58"
"TEST37","61880_9_v4_ryaz_json","14.01.2026 11:38:41","14.01.2026 11:38:51"
"TEST37","61880_9_v4_ryaz_json","14.01.2026 12:09:26","14.01.2026 12:09:34"
"TEST37","61880_9_v4_ryaz_json","14.01.2026 13:15:09","14.01.2026 13:15:17"
"TSA","75780","22.01.2026 18:39:14","22.01.2026 18:39:20"
"BARAV","61880_9_v4_ryaz_json","29.01.2026 8:35:35","29.01.2026 8:35:41"
"YANO","61880_17_v3_ryaz","13.09.2024 12:49:45","13.09.2024 12:49:50"
"KAA","72418","11.09.2024 14:16:04","11.09.2024 14:16:05"
"KAA","64950_ryaz","11.09.2024 14:20:31","11.09.2024 14:20:31"
"ASUSE","61880_9_v3_ryaz","28.05.2025 14:19:04","28.05.2025 14:19:09"
"MELEHINA","64950_ryaz","09.09.2024 17:06:34","09.09.2024 17:06:34"
"ASUSE","72430","12.09.2024 17:05:56","12.09.2024 17:05:58"
"ASUSE","72595","12.09.2024 17:12:48","12.09.2024 17:12:48"
"YANO","64950_ryaz","13.09.2024 14:09:47","13.09.2024 14:09:47"
"MELEHINA","61880_17_v3_ryaz","09.09.2024 16:17:16","09.09.2024 16:17:21"
"KAA","64950_ryaz","11.09.2024 14:20:44","11.09.2024 14:20:45"
"ASUSE","72319","12.09.2024 17:34:39","12.09.2024 17:34:40"
"KAA","72482","16.09.2024 15:16:32","16.09.2024 15:16:33"
"YANO","61880_10_ryaz","04.10.2024 12:46:45","04.10.2024 12:46:45"
"YANO","61880_9_v3","04.10.2024 12:49:36","04.10.2024 12:49:38"
"YANO","61880_10_ryaz","02.12.2024 14:29:00","02.12.2024 14:29:06"
"BARAV","61880_9_v4_ryaz_json","29.01.2026 8:36:03","29.01.2026 8:36:09"
"BARAV","61880_9_v4_ryaz_json","29.01.2026 8:55:21","29.01.2026 8:55:27"
"BARAV","61880_9_v4_ryaz_json","29.01.2026 8:56:09","29.01.2026 8:56:16"
"BARAV","61880_9_v4_ryaz_json","29.01.2026 9:01:28","29.01.2026 9:01:35"
"BARAV","61880_9_v4_ryaz_json","29.01.2026 9:02:11","29.01.2026 9:02:19"
"BARAV","61880_9_v4_ryaz_json","29.01.2026 9:03:07","29.01.2026 9:03:21"
"YANO","64950_ryaz","13.09.2024 14:10:05","13.09.2024 14:10:05"
"YANO","72257","13.09.2024 14:35:08","13.09.2024 14:35:09"
"ASUSE","61880_10_ryaz","30.04.2025 14:48:30","30.04.2025 14:49:20"
"MVO","75227","21.10.2025 11:29:50","21.10.2025 11:29:50"
"ASUSE","61880_20","22.01.2026 11:37:28","22.01.2026 11:37:33"
"ASUSE","72430","22.01.2026 11:42:34","22.01.2026 11:43:15"
"FED","75780","22.01.2026 12:53:39","22.01.2026 12:53:44"
"BARAV","61880_9_v4_ryaz_json","29.01.2026 9:23:44","29.01.2026 9:23:50"
"BARAV","61880_9_v4_ryaz_json","29.01.2026 9:24:58","29.01.2026 9:25:04"
"BARAV","61880_9_v4_ryaz_json","29.01.2026 9:25:48","29.01.2026 9:25:53"
"FED","75778_ryaz_gp","29.01.2026 16:56:01","29.01.2026 16:56:07"
"MELEHINA","61880_17_v3_ryaz","09.09.2024 16:19:34","09.09.2024 16:19:39"
"KAA","64950_ryaz","11.09.2024 14:21:54","11.09.2024 14:21:54"
"KAA","72482","16.09.2024 15:17:08","16.09.2024 15:17:08"
"KAA","72482","16.09.2024 15:19:58","16.09.2024 15:19:58"
"BARAV","61880_9_v4_ryaz_json","29.01.2026 9:04:23","29.01.2026 9:04:30"
"BARAV","61880_9_v4_ryaz_json","29.01.2026 9:05:17","29.01.2026 9:05:22"
"BARAV","61880_9_v4_ryaz_json","29.01.2026 9:10:35","29.01.2026 9:10:41"
"BARAV","61880_9_v4_ryaz_json","29.01.2026 9:11:42","29.01.2026 9:11:48"
"BARAV","61880_9_v4_ryaz_json","29.01.2026 9:12:38","29.01.2026 9:12:45"
"BARAV","61880_9_v4_ryaz_json","29.01.2026 9:14:03","29.01.2026 9:14:09"
"BARAV","61880_9_v4_ryaz_json","29.01.2026 9:14:52","29.01.2026 9:15:01"
"ASUSE","61880_7","24.09.2024 10:30:42","24.09.2024 10:30:43"
"MELEHINA","61880_17_v3_ryaz","09.09.2024 16:22:37","09.09.2024 16:22:41"
"KAA","64950_ryaz","11.09.2024 14:22:17","11.09.2024 14:22:17"
"KAA","72418","16.09.2024 15:22:38","16.09.2024 15:22:38"
"ASUSE","72482","16.09.2024 20:19:22","16.09.2024 20:19:23"
"YANO","64950_ryaz","24.10.2024 9:01:52","24.10.2024 9:01:52"
"YANO","72554","24.10.2024 9:13:31","24.10.2024 9:13:31"
"KAA","72565","30.10.2024 9:40:38","30.10.2024 9:40:46"
"KAA","462359_rep_year","30.10.2024 9:43:36","30.10.2024 9:43:43"
"KAA","462359_rep","30.10.2024 11:01:11","30.10.2024 11:01:17"
"KAA","61880_10_ryaz","30.10.2024 11:17:29","30.10.2024 11:17:30"
"KAA","61880_17_ryaz","30.10.2024 11:32:14","30.10.2024 11:32:17"
"KAA","462359_rep_year","30.10.2024 11:34:23","30.10.2024 11:34:30"
"KAA","61880_17_ryaz","30.10.2024 11:47:57","30.10.2024 11:47:59"
"AEV","61880_9_v4_ryaz_json","29.01.2026 15:27:28","29.01.2026 15:27:33"
"FED","75778_ryaz_gp","29.01.2026 16:56:29","29.01.2026 16:56:33"
"FED","75778_ryaz_gp","29.01.2026 16:57:22","29.01.2026 16:57:45"
"MELEHINA","61880_17_v3_ryaz","09.09.2024 16:24:51","09.09.2024 16:24:56"
"KAA","64950_ryaz","11.09.2024 14:22:29","11.09.2024 14:22:29"
"ASUSE","72482","16.09.2024 20:32:17","16.09.2024 20:32:19"
"ASUSE","66806","24.09.2024 10:27:37","24.09.2024 10:27:39"
"YANO","72257","24.10.2024 9:15:12","24.10.2024 9:15:12"
"YANO","72319","24.10.2024 9:17:05","24.10.2024 9:17:05"
"MELEHINA","61880_17_v3_ryaz","09.09.2024 16:26:17","09.09.2024 16:26:21"
"KAA","72430","11.09.2024 14:32:46","11.09.2024 14:32:46"
"KAA","72482","11.09.2024 16:34:42","11.09.2024 16:34:42"
"KAA","462359_rep","12.11.2024 11:51:13","12.11.2024 11:51:20"
"ASUSE","462359_rep","13.11.2024 12:48:24","13.11.2024 12:48:30"
"ASUSE","462359_rep","13.11.2024 12:49:04","13.11.2024 12:49:11"
"ASUSE","462359_rep","13.11.2024 12:49:28","13.11.2024 12:49:35"
"ASUSE","462359_rep","13.11.2024 12:49:50","13.11.2024 12:49:56"
"ASUSE","72565","13.11.2024 13:21:13","13.11.2024 13:21:20"
"ASUSE","72565","13.11.2024 16:26:07","13.11.2024 16:26:16"
"YANO","72544","13.09.2024 10:21:54","13.09.2024 10:21:54"
"YANO","72554","13.09.2024 10:24:17","13.09.2024 10:24:17"
"YANO","72554","13.09.2024 10:25:19","13.09.2024 10:25:19"
"KNA","462359_rep_year","21.04.2025 11:08:51","21.04.2025 11:09:05"
"BARAV","61880_9_v4_ryaz_json","29.01.2026 9:16:05","29.01.2026 9:16:12"
"BARAV","61880_9_v4_ryaz_json","29.01.2026 9:17:05","29.01.2026 9:17:13"
"BARAV","61880_9_v4_ryaz_json","29.01.2026 9:18:04","29.01.2026 9:18:13"
"BARAV","61880_9_v4_ryaz_json","29.01.2026 9:19:22","29.01.2026 9:19:28"
"BARAV","61880_9_v4_ryaz_json","29.01.2026 9:20:34","29.01.2026 9:20:40"
"BARAV","61880_9_v4_ryaz_json","29.01.2026 9:21:50","29.01.2026 9:21:56"
"BARAV","61880_9_v4_ryaz_json","29.01.2026 9:22:58","29.01.2026 9:23:04"
"YANO","72852","24.10.2024 9:24:08","24.10.2024 9:24:08"
"YANO","72482","24.10.2024 9:30:40","24.10.2024 9:30:40"
"MELEHINA","61880_17_v3_ryaz","09.09.2024 16:28:38","09.09.2024 16:28:43"
"KAA","72418","13.09.2024 14:19:31","13.09.2024 14:19:31"
"KAA","72482","13.09.2024 14:20:49","13.09.2024 14:20:50"
"YANO","72559","13.09.2024 10:25:37","13.09.2024 10:25:37"
"YANO","72559","13.09.2024 10:25:53","13.09.2024 10:25:53"
"YANO","72601","24.10.2024 9:30:59","24.10.2024 9:31:00"
"YANO","72956","24.10.2024 9:32:21","24.10.2024 9:32:28"
"AEV","61880_9_v3_ryaz","07.03.2025 8:49:41","07.03.2025 8:49:45"
"AEV","61880_9_v3_ryaz","07.03.2025 8:50:24","07.03.2025 8:50:28"
"AEV","61880_9_v3_ryaz","07.03.2025 8:53:42","07.03.2025 8:53:46"
"AEV","61880_17_ryaz","07.03.2025 9:02:10","07.03.2025 9:02:37"
"MELEHINA","64950_ryaz","09.09.2024 16:46:43","09.09.2024 16:46:44"
"KAA","72482","13.09.2024 14:21:08","13.09.2024 14:21:08"
"KAA","64950_ryaz","13.09.2024 14:22:03","13.09.2024 14:22:03"
"YANO","72565","13.09.2024 10:29:03","13.09.2024 10:29:03"
"YANO","72430","13.09.2024 10:30:11","13.09.2024 10:30:12"
"YANO","72943","24.10.2024 9:35:43","24.10.2024 9:36:01"
"YANO","72430","24.10.2024 9:40:35","24.10.2024 9:40:35"
"MELEHINA","64950_ryaz","09.09.2024 16:49:09","09.09.2024 16:49:09"
"ASUSE","72565","13.09.2024 15:20:53","13.09.2024 15:20:53"
"YANO","72418","13.09.2024 10:31:47","13.09.2024 10:31:47"
"YANO","72418","13.09.2024 10:32:11","13.09.2024 10:32:11"
"YANO","61880_17_v3","24.10.2024 9:41:52","24.10.2024 9:41:53"
"MELEHINA","64950_ryaz","09.09.2024 16:49:42","09.09.2024 16:49:42"
"KAA","64950_ryaz","13.09.2024 16:01:30","13.09.2024 16:01:30"
"YANO","72257","13.09.2024 10:34:24","13.09.2024 10:34:24"
"YANO","72595","13.09.2024 11:14:30","13.09.2024 11:14:31"
"YANO","61880_17_v3","24.10.2024 9:45:06","24.10.2024 9:45:07"
"MELEHINA","64950_ryaz","09.09.2024 16:50:01","09.09.2024 16:50:01"
"ASUSE","72565","09.10.2024 13:30:09","09.10.2024 13:30:10"
"KAA","72482","01.11.2024 8:59:28","01.11.2024 8:59:29"
"ASUSE","61880_10_ryaz","13.11.2024 16:48:24","13.11.2024 16:48:25"
"KOA","462361","27.11.2024 14:18:25","27.11.2024 14:18:26"
"KAA","64950_ryaz","29.10.2024 15:09:40","29.10.2024 15:09:40"
"ASUSE","64950_ryaz","12.11.2024 0:19:02","12.11.2024 0:19:03"
"ASUSE","72257","11.11.2024 14:37:04","11.11.2024 14:37:05"
"ASUSE","72956","11.11.2024 14:41:28","11.11.2024 14:41:36"
"ASUSE","61880_17_v3_ryaz","11.11.2024 15:48:29","11.11.2024 15:48:34"
"KAA","61880_7","30.10.2024 9:42:55","30.10.2024 9:42:55"
"ASUSE","64950_ryaz","12.11.2024 0:19:59","12.11.2024 0:20:00"
"ASUSE","72601","11.11.2024 14:43:18","11.11.2024 14:43:19"
"ASUSE","72319","11.11.2024 14:43:49","11.11.2024 14:43:50"
"ASUSE","61880_17_ryaz","11.11.2024 15:22:54","11.11.2024 15:22:59"
"ASUSE","61880_17_ryaz","11.11.2024 15:23:07","11.11.2024 15:23:12"
"ASUSE","61880_17_ryaz","11.11.2024 15:23:25","11.11.2024 15:23:30"
"ASUSE","61880_17_ryaz","11.11.2024 15:23:39","11.11.2024 15:23:44"
"ASUSE","61880_17_ryaz","11.11.2024 15:23:54","11.11.2024 15:24:00"
"ASUSE","61880_17_ryaz","11.11.2024 15:24:36","11.11.2024 15:24:40"
"ASUSE","61880_17_ryaz","11.11.2024 15:24:52","11.11.2024 15:24:56"
"ASUSE","61880_17_ryaz","11.11.2024 15:25:09","11.11.2024 15:25:13"
"ASUSE","61880_17_ryaz","11.11.2024 15:25:25","11.11.2024 15:25:29"
"ASUSE","61880_17_v3_ryaz","11.11.2024 15:48:45","11.11.2024 15:48:52"
"ASUSE","61880_17_v3_ryaz","11.11.2024 15:50:51","11.11.2024 15:50:57"
"ASUSE","64950_ryaz","12.11.2024 0:20:06","12.11.2024 0:20:07"
"ASUSE","72319","11.11.2024 14:43:56","11.11.2024 14:43:57"
"ASUSE","72852","11.11.2024 14:45:12","11.11.2024 14:45:13"
"ASUSE","61880_17_v3_ryaz","11.11.2024 15:49:04","11.11.2024 15:49:11"
"ASUSE","61880_17_v3_ryaz","11.11.2024 15:51:08","11.11.2024 15:51:15"
"ASUSE","64950_ryaz","12.11.2024 0:20:16","12.11.2024 0:20:16"
"ASUSE","72852","11.11.2024 14:49:41","11.11.2024 14:49:42"
"ASUSE","72482","11.11.2024 14:57:04","11.11.2024 14:57:05"
"ASUSE","61880_17_v3_ryaz","11.11.2024 15:49:24","11.11.2024 15:49:30"
"ASUSE","61880_17_v3_ryaz","11.11.2024 15:51:26","11.11.2024 15:51:32"
"ASUSE","64950_ryaz","12.11.2024 0:20:41","12.11.2024 0:20:42"
"ASUSE","64649_ryaz","11.11.2024 15:02:30","11.11.2024 15:02:30"
"ASUSE","61880_17_ryaz","11.11.2024 15:25:42","11.11.2024 15:25:47"
"ASUSE","61880_17_ryaz","11.11.2024 15:25:56","11.11.2024 15:26:01"
"ASUSE","61880_17_ryaz","11.11.2024 15:26:12","11.11.2024 15:26:17"
"ASUSE","61880_17_ryaz","11.11.2024 15:32:30","11.11.2024 15:32:35"
"ASUSE","61880_17_ryaz","11.11.2024 15:32:46","11.11.2024 15:32:51"
"ASUSE","61880_17_ryaz","11.11.2024 15:33:24","11.11.2024 15:33:29"
"ASUSE","61880_17_ryaz","11.11.2024 15:33:45","11.11.2024 15:33:49"
"ASUSE","61880_17_v3_ryaz","11.11.2024 15:36:22","11.11.2024 15:36:28"
"ASUSE","61880_17_ryaz","03.02.2025 18:27:06","03.02.2025 18:27:36"
"BARAV","61880_9_v3_ryaz","09.09.2025 16:12:38","09.09.2025 16:12:42"
"BARAV","61880_9_v3_ryaz","09.09.2025 16:14:28","09.09.2025 16:14:31"
"BARAV","61880_9_v3_ryaz","09.09.2025 16:15:12","09.09.2025 16:15:14"
"BARAV","61880_9_v3_ryaz","09.09.2025 16:15:58","09.09.2025 16:16:01"
"ASUSE","61880_17_v3_ryaz","11.11.2024 15:50:05","11.11.2024 15:50:11"
"KAA","61880_10_ryaz","11.09.2024 14:19:51","11.09.2024 14:19:52"
"KAA","72609","11.09.2024 14:20:11","11.09.2024 14:20:11"
"KAA","61880_17_ryaz","11.09.2024 14:38:31","11.09.2024 14:38:33"
"KAA","61880_17_ryaz","11.09.2024 14:40:33","11.09.2024 14:40:36"
"KAA","462359_rep_year","11.09.2024 14:41:52","11.09.2024 14:41:58"
"ASUSE","61880_17_v3_ryaz","11.11.2024 15:51:43","11.11.2024 15:51:49"
"ASUSE","72943","29.10.2024 14:40:21","29.10.2024 14:40:40"
"ASUSE","64950_ryaz","29.10.2024 15:08:35","29.10.2024 15:08:36"
"YANO","72609","07.11.2024 10:13:35","07.11.2024 10:13:35"
"YANO","61880_17","07.11.2024 10:28:43","07.11.2024 10:28:46"
"YANO","61880_9_v3_ryaz","07.11.2024 10:47:40","07.11.2024 10:47:42"
"YANO","61880_9_v3_ryaz","07.11.2024 10:48:11","07.11.2024 10:48:13"
"BARAV","61880_9_v3_ryaz","09.09.2025 16:17:05","09.09.2025 16:17:10"
"BARAV","61880_9_v3_ryaz","09.09.2025 16:17:49","09.09.2025 16:17:52"
"ASUSE","61880_17_v3_ryaz","11.11.2024 15:44:46","11.11.2024 15:44:53"
"KAA","64950_ryaz","12.09.2024 15:57:41","12.09.2024 15:57:41"
"MELEHINA","61880_17_v3_ryaz","09.09.2024 16:13:38","09.09.2024 16:13:42"
"ASUSE","72482","31.10.2024 17:57:57","31.10.2024 17:57:57"
"ASUSE","64950_ryaz","29.10.2024 15:09:47","29.10.2024 15:09:47"
"YANO","61880_10_ryaz","24.10.2024 8:58:48","24.10.2024 8:58:49"
"YANO","61880_9_v3","24.10.2024 9:14:18","24.10.2024 9:14:20"
"ASUSE","61880_17_v3_ryaz","11.11.2024 15:45:31","11.11.2024 15:45:38"
"KAA","72430","12.09.2024 15:58:32","12.09.2024 15:58:32"
"KAA","72430","12.09.2024 16:00:15","12.09.2024 16:00:15"
"KAA","72565","24.10.2024 8:41:46","24.10.2024 8:41:53"
"KAA","61880_9_v3","24.10.2024 8:43:01","24.10.2024 8:43:03"
"KAA","72565","29.10.2024 14:31:59","29.10.2024 14:32:06"
"KAA","61880_9_v3_ryaz","29.10.2024 15:52:04","29.10.2024 15:52:07"
"BARAV","61880_9_v3_ryaz","09.09.2025 16:20:30","09.09.2025 16:20:33"
"ITA","75780","11.09.2025 11:08:07","11.09.2025 11:08:14"
"ASUSE","72943","31.10.2024 18:32:06","31.10.2024 18:32:27"
"ASUSE","61880_17_v3_ryaz","11.11.2024 15:52:00","11.11.2024 15:52:06"
"ASUSE","61880_10_ryaz","11.11.2024 23:52:32","11.11.2024 23:52:33"
"ASUSE","61880_10_ryaz","11.11.2024 23:53:04","11.11.2024 23:53:05"
"ASUSE","61880_10_ryaz","11.11.2024 23:53:20","11.11.2024 23:53:21"
"ASUSE","61880_10_ryaz","11.11.2024 23:57:27","11.11.2024 23:57:28"
"ASUSE","61880_10_ryaz","11.11.2024 23:57:41","11.11.2024 23:57:42"
"ASUSE","61880_10_ryaz","11.11.2024 23:58:37","11.11.2024 23:58:38"
"ASUSE","61880_10_ryaz","11.11.2024 23:58:47","11.11.2024 23:58:48"
"ASUSE","61880_10_ryaz","11.11.2024 23:59:02","11.11.2024 23:59:03"
"ASUSE","72852","19.09.2024 11:11:19","19.09.2024 11:11:21"
"ASUSE","64950_ryaz","12.11.2024 0:20:50","12.11.2024 0:20:50"
"ASUSE","61880_9_v3_ryaz","12.11.2024 10:54:58","12.11.2024 10:55:04"
"ASUSE","61880_9_v3_ryaz","12.11.2024 10:55:12","12.11.2024 10:55:20"
"ASUSE","61880_9_v3_ryaz","12.11.2024 10:55:28","12.11.2024 10:55:33"
"ASUSE","61880_9_v3_ryaz","12.11.2024 10:55:45","12.11.2024 10:55:51"
"ASUSE","61880_9_v3_ryaz","12.11.2024 10:56:00","12.11.2024 10:56:05"
"ASUSE","61880_9_v3_ryaz","12.11.2024 10:56:14","12.11.2024 10:56:19"
"KAA","61880_9_v3_ryaz","25.11.2024 12:25:37","25.11.2024 12:25:40"
"KAA","72565","25.11.2024 12:27:28","25.11.2024 12:27:36"
"KNA","61880_17_ryaz","20.03.2025 9:21:21","20.03.2025 9:21:48"
"ASUSE","61880_17_v3_ryaz","11.11.2024 15:45:56","11.11.2024 15:46:02"
"KAA","72418","12.09.2024 16:01:02","12.09.2024 16:01:02"
"KAA","72319","12.09.2024 16:01:55","12.09.2024 16:01:55"
"KAA","72418","30.10.2024 10:19:01","30.10.2024 10:19:01"
"KAA","72418","30.10.2024 10:19:31","30.10.2024 10:19:31"
"ASUSE","61880_17_ryaz","17.09.2024 17:14:47","17.09.2024 17:14:55"
"ASUSE","61880_17_v3_ryaz","11.11.2024 15:46:13","11.11.2024 15:46:19"
"ASUSE","72257","28.10.2024 15:58:36","28.10.2024 15:58:37"
"ASUSE","72257","28.10.2024 15:59:07","28.10.2024 15:59:08"
"KAA","72418","29.10.2024 14:35:19","29.10.2024 14:35:19"
"SSN","75041","09.09.2025 12:38:07","09.09.2025 12:38:45"
"ASUSE","61880_9_v3_ryaz","11.09.2025 13:52:06","11.09.2025 13:52:13"
"KAA","72257","30.10.2024 10:28:39","30.10.2024 10:28:40"
"KAA","72257","30.10.2024 10:28:55","30.10.2024 10:28:55"
"KAA","72257","30.10.2024 10:33:41","30.10.2024 10:33:42"
"KAA","61880_9_v3_ryaz","30.10.2024 16:17:14","30.10.2024 16:17:16"
"KAA","61880_9_v3_ryaz","30.10.2024 16:18:47","30.10.2024 16:18:49"
"YANO","72565","11.11.2024 15:43:59","11.11.2024 15:44:05"
"ASUSE","61880_10_ryaz","11.11.2024 23:59:12","11.11.2024 23:59:13"
"ASUSE","61880_10_ryaz","11.11.2024 23:59:22","11.11.2024 23:59:23"
"ASUSE","61880_10_ryaz","11.11.2024 23:59:37","11.11.2024 23:59:38"
"ASUSE","72565","17.09.2024 18:43:30","17.09.2024 18:43:30"
"ASUSE","72430","17.09.2024 18:44:31","17.09.2024 18:44:32"
"ASUSE","61880_9_v3_ryaz","12.11.2024 10:48:06","12.11.2024 10:48:12"
"ASUSE","61880_9_v3_ryaz","12.11.2024 10:48:25","12.11.2024 10:48:30"
"ASUSE","61880_9_v3_ryaz","12.11.2024 10:48:38","12.11.2024 10:48:44"
"ASUSE","61880_17_v3_ryaz","11.11.2024 15:46:30","11.11.2024 15:46:33"
"MELEHINA","61880_17_v3_ryaz","10.09.2024 14:32:21","10.09.2024 14:32:23"
"KAA","72956","30.10.2024 10:52:51","30.10.2024 10:52:58"
"KAA","72956","30.10.2024 11:09:24","30.10.2024 11:09:31"
"ASUSE","61759_1","17.09.2024 18:45:59","17.09.2024 18:45:59"
"ASUSE","72319","17.09.2024 18:47:08","17.09.2024 18:47:09"
"ASUSE","61880_9_v3_ryaz","11.09.2025 13:57:28","11.09.2025 13:57:34"
"ASUSE","61880_9_v3_ryaz","11.09.2025 14:38:17","11.09.2025 14:38:23"
"ASUSE","61880_9_v3_ryaz","11.09.2025 15:37:39","11.09.2025 15:37:45"
"ASUSE","61880_17_v3_ryaz","11.11.2024 15:46:44","11.11.2024 15:46:51"
"MELEHINA","64950_ryaz","10.09.2024 14:33:40","10.09.2024 14:33:40"
"KAA","64649_ryaz","30.10.2024 11:30:31","30.10.2024 11:30:31"
"KAA","72482","30.10.2024 12:00:29","30.10.2024 12:00:29"
"ASUSE","72418","17.09.2024 18:47:59","17.09.2024 18:47:59"
"ASUSE","72601","29.10.2024 15:58:06","29.10.2024 15:58:08"
"ASUSE","72565","11.11.2024 13:34:17","11.11.2024 13:34:25"
"ASUSE","61880_9_v3_ryaz","11.11.2024 13:47:21","11.11.2024 13:47:26"
"ASUSE","72565","11.11.2024 13:54:15","11.11.2024 13:54:23"
"ASUSE","72565","11.11.2024 13:54:39","11.11.2024 13:54:47"
"ASUSE","72565","11.11.2024 13:55:01","11.11.2024 13:55:09"
"ASUSE","72565","11.11.2024 13:55:18","11.11.2024 13:55:26"
"ASUSE","72565","11.11.2024 13:56:28","11.11.2024 13:56:36"
"ASUSE","72565","11.11.2024 13:57:22","11.11.2024 13:57:30"
"ASUSE","72565","11.11.2024 13:57:40","11.11.2024 13:57:48"
"ASUSE","72565","11.11.2024 13:57:57","11.11.2024 13:58:05"
"ASUSE","72565","11.11.2024 13:58:15","11.11.2024 13:58:23"
"ASUSE","72565","11.11.2024 13:58:37","11.11.2024 13:58:45"
"ASUSE","72565","11.11.2024 13:58:55","11.11.2024 13:59:03"
"ASUSE","72565","11.11.2024 13:59:15","11.11.2024 13:59:23"
"ASUSE","61880_17_v3_ryaz","11.11.2024 15:47:01","11.11.2024 15:47:08"
"ASUSE","72565","26.09.2024 16:11:36","26.09.2024 16:11:36"
"KAA","72601","30.10.2024 12:06:36","30.10.2024 12:06:36"
"KAA","72601","30.10.2024 12:09:38","30.10.2024 12:09:38"
"ASUSE","61880_10_ryaz","11.11.2024 23:59:49","11.11.2024 23:59:50"
"ASUSE","61880_10_ryaz","12.11.2024 0:00:02","12.11.2024 0:00:03"
"ASUSE","61880_10_ryaz","12.11.2024 0:00:12","12.11.2024 0:00:13"
"ASUSE","61880_10_ryaz","12.11.2024 0:00:22","12.11.2024 0:00:22"
"ASUSE","61880_10_ryaz","12.11.2024 0:00:35","12.11.2024 0:00:36"
"ASUSE","61880_10_ryaz","12.11.2024 0:00:44","12.11.2024 0:00:45"
"ASUSE","61880_10_ryaz","12.11.2024 0:00:54","12.11.2024 0:00:55"
"BARAV","64455_1","17.09.2025 8:14:27","17.09.2025 8:14:28"
"ASUSE","72565","11.11.2024 13:59:32","11.11.2024 13:59:41"
"ASUSE","72565","11.11.2024 13:59:52","11.11.2024 14:00:00"
"ASUSE","72565","11.11.2024 14:00:12","11.11.2024 14:00:19"
"ASUSE","72565","11.11.2024 14:00:32","11.11.2024 14:00:40"
"ASUSE","72565","11.11.2024 14:00:58","11.11.2024 14:01:06"
"ASUSE","72565","11.11.2024 14:01:16","11.11.2024 14:01:24"
"ASUSE","72565","11.11.2024 14:01:42","11.11.2024 14:01:50"
"ASUSE","72565","11.11.2024 14:02:00","11.11.2024 14:02:08"
"ASUSE","72565","11.11.2024 14:02:17","11.11.2024 14:02:25"
"ASUSE","72565","11.11.2024 14:02:34","11.11.2024 14:02:42"
"ASUSE","72565","11.11.2024 14:02:52","11.11.2024 14:03:00"
"ASUSE","72430","11.11.2024 14:06:49","11.11.2024 14:06:50"
"ASUSE","61880_17_v3_ryaz","11.11.2024 15:47:19","11.11.2024 15:47:25"
"ASUSE","72565","26.09.2024 16:12:01","26.09.2024 16:12:02"
"ASUSE","72601","26.09.2024 16:28:18",
"BARAV","61880_9_v3_ryaz","17.09.2025 11:49:37","17.09.2025 11:49:41"
"KAA","72482","30.10.2024 13:52:15","30.10.2024 13:52:15"
"KAA","72482","31.10.2024 18:00:34","31.10.2024 18:00:35"
"ASUSE","61880_9_v3_ryaz","12.11.2024 10:48:52","12.11.2024 10:48:58"
"ASUSE","61880_9_v3_ryaz","12.11.2024 10:49:07","12.11.2024 10:49:12"
"ASUSE","61880_9_v3_ryaz","12.11.2024 10:49:20","12.11.2024 10:49:25"
"ASUSE","61880_9_v3_ryaz","12.11.2024 10:49:33","12.11.2024 10:49:38"
"ASUSE","61880_9_v3_ryaz","12.11.2024 10:49:48","12.11.2024 10:49:53"
"ASUSE","61880_9_v3_ryaz","12.11.2024 10:50:10","12.11.2024 10:50:15"
"ASUSE","61880_9_v3_ryaz","12.11.2024 10:50:50","12.11.2024 10:50:59"
"ASUSE","72430","11.11.2024 14:07:06","11.11.2024 14:07:07"
"ASUSE","72418","11.11.2024 14:08:11","11.11.2024 14:08:12"
"ASUSE","72482","11.11.2024 14:56:43","11.11.2024 14:56:44"
"ASUSE","61880_17_ryaz","11.11.2024 15:17:47","11.11.2024 15:17:52"
"ASUSE","61880_17_ryaz","11.11.2024 15:19:13","11.11.2024 15:19:18"
"ASUSE","61880_17_ryaz","11.11.2024 15:20:28","11.11.2024 15:20:33"
"ASUSE","61880_17_ryaz","11.11.2024 15:20:44","11.11.2024 15:20:49"
"ASUSE","61880_17_ryaz","11.11.2024 15:21:05","11.11.2024 15:21:09"
"ASUSE","61880_17_ryaz","11.11.2024 15:21:20","11.11.2024 15:21:24"
"ASUSE","61880_17_ryaz","11.11.2024 15:21:36","11.11.2024 15:21:41"
"ASUSE","61880_17_v3_ryaz","11.11.2024 15:47:37","11.11.2024 15:47:43"
"ASUSE","72601","26.09.2024 16:28:52",
"ASUSE","72601","26.09.2024 17:09:21","26.09.2024 17:09:22"
"ASUSE","61880_9_v3_ryaz","12.11.2024 10:51:21","12.11.2024 10:51:27"
"ASUSE","61880_9_v3_ryaz","12.11.2024 10:51:36","12.11.2024 10:51:42"
"ASUSE","61880_9_v3_ryaz","12.11.2024 10:51:58","12.11.2024 10:52:03"
"ASUSE","61880_9_v3_ryaz","12.11.2024 10:52:11","12.11.2024 10:52:17"
"ASUSE","61880_9_v3_ryaz","12.11.2024 10:52:27","12.11.2024 10:52:32"
"ASUSE","61880_9_v3_ryaz","12.11.2024 10:52:46","12.11.2024 10:52:52"
"ASUSE","61880_9_v3_ryaz","12.11.2024 10:53:04","12.11.2024 10:53:09"
"ASUSE","61880_9_v3_ryaz","12.11.2024 10:53:19","12.11.2024 10:53:24"
"YANO","72852","05.11.2024 14:50:54","05.11.2024 14:50:55"
"ASUSE","61880_17_v3_ryaz","11.11.2024 15:52:17","11.11.2024 15:52:23"
"GOV","61880_9_v3_ryaz","18.03.2025 20:36:41","18.03.2025 20:36:46"
"TEST37","61880_10_ryaz","08.04.2025 13:52:33",
"BARAV","61880_9_v3_ryaz","09.09.2025 15:37:42","09.09.2025 15:37:48"
"BARAV","61880_9_v3_ryaz","09.09.2025 15:40:38","09.09.2025 15:40:40"
"BARAV","61880_9_v3_ryaz","09.09.2025 15:41:45","09.09.2025 15:41:48"
"BARAV","61880_9_v3_ryaz","09.09.2025 15:46:21","09.09.2025 15:46:25"
"BARAV","61880_9_v3_ryaz","09.09.2025 15:47:19","09.09.2025 15:47:22"
"BARAV","61880_9_v3_ryaz","09.09.2025 15:48:11","09.09.2025 15:48:15"
"BARAV","61880_9_v3_ryaz","09.09.2025 15:53:20","09.09.2025 15:53:28"
"BARAV","61880_9_v3_ryaz","09.09.2025 15:58:21","09.09.2025 15:58:25"
"BARAV","61880_9_v3_ryaz","09.09.2025 16:00:53","09.09.2025 16:00:55"
"ASUSE","72418","11.11.2024 14:08:22","11.11.2024 14:08:22"
"ASUSE","72418","11.11.2024 14:08:29","11.11.2024 14:08:29"
"ASUSE","61880_17_v3_ryaz","11.11.2024 15:47:54","11.11.2024 15:48:00"
"ASUSE","72319","11.09.2024 16:15:37","11.09.2024 16:15:38"
"ASUSE","72482","11.09.2024 16:16:30","11.09.2024 16:16:31"
"GOV","75728","07.07.2025 9:00:19","07.07.2025 9:01:37"
"GOV","75061","07.07.2025 9:03:13","07.07.2025 9:03:24"
"YANO","61880_17_ryaz","11.07.2025 16:10:57","11.07.2025 16:11:21"
"BARAV","61880_9_v3_ryaz","09.09.2025 16:01:48","09.09.2025 16:01:50"
"BARAV","61880_9_v3_ryaz","09.09.2025 16:02:59","09.09.2025 16:03:02"
"BARAV","61880_9_v3_ryaz","09.09.2025 16:04:22","09.09.2025 16:04:25"
"BARAV","61880_9_v3_ryaz","09.09.2025 16:05:40","09.09.2025 16:05:45"
"BARAV","61880_9_v3_ryaz","09.09.2025 16:09:51","09.09.2025 16:09:53"
"BARAV","61880_9_v3_ryaz","09.09.2025 16:10:54","09.09.2025 16:10:58"
"BARAV","61880_9_v3_ryaz","09.09.2025 16:11:49","09.09.2025 16:11:53"
"ASUSE","61880_17_v3_ryaz","11.11.2024 15:52:35","11.11.2024 15:52:41"
"ASUSE","72257","11.11.2024 14:18:44","11.11.2024 14:18:44"
"ASUSE","72257","11.11.2024 14:18:57","11.11.2024 14:18:58"
"ASUSE","72943","11.11.2024 14:33:08","11.11.2024 14:33:31"
"ASUSE","61880_17_ryaz","11.11.2024 15:21:52","11.11.2024 15:21:57"
"ASUSE","61880_17_ryaz","11.11.2024 15:22:09","11.11.2024 15:22:14"
"ASUSE","61880_17_v3_ryaz","11.11.2024 15:48:11","11.11.2024 15:48:17"
"KAA","72943","29.10.2024 14:39:58","29.10.2024 14:40:19"
"KAA","64950_ryaz","29.10.2024 15:08:37","29.10.2024 15:08:37"
"BARAV","462361","17.09.2025 8:15:06","17.09.2025 8:15:06"
"BARAV","64809","17.09.2025 8:19:15","17.09.2025 8:19:16"
"BARAV","462359_rep","17.09.2025 8:23:03","17.09.2025 8:23:24"
"BARAV","462359_rep","17.09.2025 8:23:55","17.09.2025 8:24:14"
"BARAV","462359_rep_year","17.09.2025 8:26:21","17.09.2025 8:26:41"
"BARAV","61880_9_v3_ryaz","17.09.2025 11:44:03","17.09.2025 11:44:08"
"KAA","72430","21.11.2024 10:21:27","21.11.2024 10:21:28"
"KAA","72601","21.11.2024 10:24:23","21.11.2024 10:24:24"
"YANO","61880_10_ryaz","02.12.2024 11:57:49","02.12.2024 11:57:55"
"YANO","61880_10_ryaz","02.12.2024 12:01:29","02.12.2024 12:01:34"
"YANO","61880_10_ryaz","02.12.2024 12:05:39","02.12.2024 12:05:45"
"YANO","61880_10_ryaz","02.12.2024 12:09:28","02.12.2024 12:09:34"
"YANO","61880_10_ryaz","02.12.2024 12:14:52","02.12.2024 12:14:58"
"YANO","61880_10_ryaz","02.12.2024 12:19:13","02.12.2024 12:19:19"
"YANO","61880_10_ryaz","02.12.2024 12:21:36","02.12.2024 12:21:42"
"ASUSE","61880_1","22.11.2024 15:10:21","22.11.2024 15:10:25"
"ASUSE","61880_1","22.11.2024 15:54:26","22.11.2024 15:54:29"
"YANO","61880_10_ryaz","02.12.2024 12:48:10","02.12.2024 12:48:16"
"YANO","61880_10_ryaz","02.12.2024 12:49:20","02.12.2024 12:49:26"
"ASUSE","61880_10_ryaz","28.01.2025 17:14:14","28.01.2025 17:15:30"
"ASUSE","61880_10_ryaz","28.01.2025 17:18:59","28.01.2025 17:20:18"
"ASUSE","61880_10_ryaz","28.01.2025 17:21:13","28.01.2025 17:22:29"
"YANO","61880_17_v3_ryaz","28.11.2024 9:12:38","28.11.2024 9:12:40"
"ASUSE","64950_ryaz","12.11.2024 11:31:48","12.11.2024 11:31:48"
"KAA","72601","21.11.2024 10:24:40","21.11.2024 10:24:40"
"KAA","72319","21.11.2024 10:27:51","21.11.2024 10:27:51"
"YANO","61880_10_ryaz","02.12.2024 12:24:25","02.12.2024 12:24:31"
"BARAV","61880_10_ryaz","11.04.2025 13:40:30","11.04.2025 13:41:23"
"ASUSE","61880_1","22.11.2024 16:24:16","22.11.2024 16:24:19"
"ASUSE","72601","22.11.2024 17:02:52","22.11.2024 17:02:53"
"MVO","462361","25.11.2024 9:08:54","25.11.2024 9:08:54"
"MVO","64483_1","25.11.2024 9:10:50","25.11.2024 9:12:13"
"ASUSE","72601","25.11.2024 18:00:00","25.11.2024 18:00:01"
"ASUSE","61880_10_ryaz","25.11.2024 18:02:41","25.11.2024 18:02:42"
"ASUSE","72852","25.11.2024 18:03:52","25.11.2024 18:03:54"
"ASUSE","64950_ryaz","12.11.2024 11:32:41","12.11.2024 11:32:41"
"KAA","72852","21.11.2024 10:38:21","21.11.2024 10:38:21"
"KAA","72482","21.11.2024 10:41:39","21.11.2024 10:41:39"
"ASUSE","72601","22.11.2024 17:18:56","22.11.2024 17:18:56"
"ASUSE","61880_1","22.11.2024 17:21:43","22.11.2024 17:21:46"
"YANO","61880_10_ryaz","17.04.2025 16:42:44","17.04.2025 16:43:46"
"YANO","61880_10_ryaz","17.04.2025 16:44:08","17.04.2025 16:44:55"
"YANO","61880_17_v3_ryaz","28.11.2024 9:35:02","28.11.2024 9:35:04"
"ASUSE","64950_ryaz","12.11.2024 11:34:37","12.11.2024 11:34:37"
"KAA","72482","21.11.2024 10:41:49","21.11.2024 10:41:49"
"KAA","72601","21.11.2024 12:14:07","21.11.2024 12:14:08"
"TOA","75061","03.07.2025 11:03:55","03.07.2025 11:04:06"
"ASUSE","61880_1","22.11.2024 17:31:26","22.11.2024 17:31:29"
"ASUSE","72852","26.11.2024 11:38:12","26.11.2024 11:38:13"
"YANO","61880_17_v3_ryaz","28.11.2024 9:49:29","28.11.2024 9:49:31"
"YANO","61880_17_v3","28.11.2024 9:54:45","28.11.2024 9:54:49"
"BARAV","61880_9_v3_ryaz","17.09.2025 12:06:57","17.09.2025 12:07:01"
"SSN","75041","07.11.2025 9:58:11","07.11.2025 9:58:20"
"ASUSE","64950_ryaz","12.11.2024 11:44:26","12.11.2024 11:44:27"
"KAA","72319","21.11.2024 12:26:31","21.11.2024 12:26:31"
"KAA","72319","21.11.2024 12:27:59","21.11.2024 12:27:59"
"ASUSE","72601","26.11.2024 11:39:17","26.11.2024 11:39:20"
"ASUSE","61880_1","26.11.2024 11:42:16","26.11.2024 11:42:21"
"YANO","61880_17_v3","28.11.2024 9:55:03","28.11.2024 9:55:05"
"ASUSE","64950_ryaz","12.11.2024 11:44:40","12.11.2024 11:44:40"
"ASUSE","72418","12.11.2024 11:50:32","12.11.2024 11:50:33"
"YANO","61880_10_ryaz","28.01.2026 15:52:47","28.01.2026 15:53:28"
"ASUSE","72319","15.11.2024 14:23:26","15.11.2024 14:23:29"
"ASUSE","72319","15.11.2024 14:28:16","15.11.2024 14:28:17"
"ASUSE","61880_1","26.11.2024 11:52:25","26.11.2024 11:52:29"
"ASUSE","61880_1","26.11.2024 11:53:00","26.11.2024 11:53:04"
"YANO","61880_17_v3","28.11.2024 10:11:17","28.11.2024 10:11:19"
"ASUSE","61880_9_v3_ryaz","12.11.2024 0:27:28","12.11.2024 0:27:34"
"ASUSE","61880_9_v3_ryaz","12.11.2024 0:28:01","12.11.2024 0:28:05"
"ASUSE","61880_9_v3_ryaz","12.11.2024 0:28:14","12.11.2024 0:28:19"
"ASUSE","61880_9_v3_ryaz","12.11.2024 0:28:28","12.11.2024 0:28:33"
"ASUSE","61880_9_v3_ryaz","12.11.2024 0:28:45","12.11.2024 0:28:50"
"ASUSE","61880_9_v3_ryaz","12.11.2024 0:28:59","12.11.2024 0:29:03"
"ASUSE","61880_9_v3_ryaz","12.11.2024 0:29:12","12.11.2024 0:29:16"
"ASUSE","61880_9_v3_ryaz","12.11.2024 0:29:25","12.11.2024 0:29:30"
"ASUSE","61880_9_v3_ryaz","12.11.2024 0:29:38","12.11.2024 0:29:43"
"ASUSE","61880_9_v3_ryaz","12.11.2024 0:29:52","12.11.2024 0:29:59"
"ASUSE","61880_9_v3_ryaz","12.11.2024 0:30:08","12.11.2024 0:30:14"
"ASUSE","61880_9_v3_ryaz","12.11.2024 0:30:22","12.11.2024 0:30:27"
"ASUSE","61880_9_v3_ryaz","12.11.2024 0:30:39","12.11.2024 0:30:43"
"ASUSE","61880_9_v3_ryaz","12.11.2024 0:30:53","12.11.2024 0:30:58"
"ASUSE","61880_9_v3_ryaz","12.11.2024 0:31:07","12.11.2024 0:31:12"
"ASUSE","61880_9_v3_ryaz","12.11.2024 0:31:21","12.11.2024 0:31:26"
"ASUSE","61880_9_v3_ryaz","12.11.2024 0:31:35","12.11.2024 0:31:39"
"ASUSE","61880_9_v3_ryaz","12.11.2024 0:31:47","12.11.2024 0:31:52"
"ASUSE","61880_9_v3_ryaz","12.11.2024 0:32:02","12.11.2024 0:32:07"
"ASUSE","61880_9_v3_ryaz","12.11.2024 0:32:17","12.11.2024 0:32:22"
"ASUSE","61880_9_v3_ryaz","12.11.2024 0:32:32","12.11.2024 0:32:37"
"ASUSE","61880_9_v3_ryaz","12.11.2024 0:32:45","12.11.2024 0:32:50"
"ASUSE","61880_9_v3_ryaz","12.11.2024 0:32:58","12.11.2024 0:33:02"
"ASUSE","61880_9_v3_ryaz","12.11.2024 0:33:11","12.11.2024 0:33:16"
"ASUSE","72956","12.11.2024 11:59:30","12.11.2024 11:59:38"
"ASUSE","72430","21.11.2024 13:00:00","21.11.2024 13:00:02"
"ASUSE","72601","21.11.2024 13:00:28","21.11.2024 13:00:29"
"ASUSE","72956","26.11.2024 12:10:03","26.11.2024 12:10:13"
"ASUSE","72943","26.11.2024 12:10:41","26.11.2024 12:11:09"
"ASUSE","72319","21.11.2024 14:18:26","21.11.2024 14:18:27"
"ASUSE","72852","25.11.2024 14:56:30","25.11.2024 14:56:32"
"KAA","64950_ryaz","13.11.2024 14:39:03","13.11.2024 14:39:04"
"KAA","72257","14.11.2024 11:23:06","14.11.2024 11:23:06"
"ASUSE","72319","21.11.2024 13:14:54","21.11.2024 13:14:55"
"ASUSE","72319","21.11.2024 14:59:01","21.11.2024 14:59:02"
"ASUSE","72943","26.11.2024 12:10:45","26.11.2024 12:11:09"
"YANO","72852","26.11.2024 12:15:14","26.11.2024 12:15:15"
"ASUSE","61880_1","26.11.2024 12:19:06","26.11.2024 12:19:10"
"ASUSE","61880_1","26.11.2024 12:25:09","26.11.2024 12:25:14"
"BKV","61880_10_ryaz","24.07.2025 11:04:06","24.07.2025 11:04:56"
"BKV","61880_10_ryaz","24.07.2025 11:19:23","24.07.2025 11:20:07"
"BARAV","61880_10_ryaz","26.11.2025 12:03:35","26.11.2025 12:04:19"
"BARAV","61880_10_ryaz","26.11.2025 12:05:49","26.11.2025 12:06:29"
"BARAV","72430","26.11.2025 12:12:08","26.11.2025 12:12:48"
"ASUSE","61880_9_v3_ryaz","26.11.2025 15:20:59","26.11.2025 15:21:04"
"ASUSE","61880_9_v3_ryaz","28.11.2025 15:58:56","28.11.2025 15:59:00"
"KAA","72257","14.11.2024 11:25:36","14.11.2024 11:25:36"
"KAA","72482","14.11.2024 11:29:13","14.11.2024 11:29:13"
"ASUSE","72319","21.11.2024 17:16:52","21.11.2024 17:16:53"
"ASUSE","72319","21.11.2024 17:19:11","21.11.2024 17:19:11"
"ASUSE","61880_10_ryaz","02.12.2024 19:13:21","02.12.2024 19:13:28"
"YANO","72852","26.11.2024 12:15:59","26.11.2024 12:15:59"
"YANO","61880_1","26.11.2024 13:56:34","26.11.2024 13:56:35"
"KAA","64950_ryaz","13.11.2024 10:31:01","13.11.2024 10:31:02"
"KAA","72482","14.11.2024 11:31:08","14.11.2024 11:31:08"
"KAA","72319","14.11.2024 11:33:07","14.11.2024 11:33:08"
"ASUSE","64950_ryaz","13.11.2024 13:19:30","13.11.2024 13:19:31"
"ASUSE","72418","13.11.2024 15:42:16","13.11.2024 15:42:17"
"ASUSE","72852","26.11.2024 14:06:54","26.11.2024 14:06:56"
"ASUSE","61880_1","26.11.2024 14:18:25","26.11.2024 14:18:28"
"KAA","64950_ryaz","13.11.2024 10:31:56","13.11.2024 10:31:57"
"KAA","72418","13.11.2024 11:39:33","13.11.2024 11:39:33"
"YANO","61880_10_ryaz","26.11.2024 16:18:41","26.11.2024 16:18:42"
"KAA","64950_ryaz","14.11.2024 13:54:47","14.11.2024 13:54:48"
"KAA","72257","19.11.2024 10:43:01","19.11.2024 10:43:01"
"ASUSE","72418","13.11.2024 16:27:36","13.11.2024 16:27:37"
"ASUSE","72601","14.11.2024 15:24:12","14.11.2024 15:24:14"
"ASUSE","61880_1","26.11.2024 14:18:27","26.11.2024 14:18:32"
"ASUSE","72601","26.11.2024 14:21:11","26.11.2024 14:21:12"
"KAA","72956","13.11.2024 11:48:01","13.11.2024 11:48:08"
"KAA","72430","13.11.2024 11:55:03","13.11.2024 11:55:03"
"KAA","72257","19.11.2024 11:09:47","19.11.2024 11:09:48"
"ASUSE","72482","20.11.2024 18:14:33","20.11.2024 18:14:35"
"ASUSE","72956","14.11.2024 15:25:07","14.11.2024 15:25:16"
"KAA","72601","18.11.2024 11:14:35","18.11.2024 11:14:36"
"ASUSE","72852","26.11.2024 14:25:14","26.11.2024 14:25:15"
"ASUSE","72565","26.11.2024 17:18:34","26.11.2024 17:18:51"
"KAA","72430","13.11.2024 11:55:08","13.11.2024 11:55:08"
"ASUSE","72482","20.11.2024 18:14:59","20.11.2024 18:15:01"
"ASUSE","72482","20.11.2024 18:20:04","20.11.2024 18:20:05"
"ASUSE","64809","22.11.2024 11:23:17",
"ASUSE","64809","22.11.2024 11:34:54",
"ASUSE","72319","21.11.2024 17:19:43","21.11.2024 17:19:44"
"KAA","72601","21.11.2024 17:44:28","21.11.2024 17:44:29"
"ASUSE","72943","26.11.2024 17:34:46","26.11.2024 17:35:15"
"ASUSE","61880_1","26.11.2024 17:51:48","26.11.2024 17:51:51"
"ASUSE","64950_ryaz","12.11.2024 11:29:31","12.11.2024 11:29:32"
"ASUSE","72482","20.11.2024 18:20:30","20.11.2024 18:20:32"
"ASUSE","72482","20.11.2024 18:20:41","20.11.2024 18:20:43"
"AEV","61880_9_v3_ryaz","28.11.2025 12:38:28","28.11.2025 12:38:33"
"AEV","61880_9_v3_ryaz","28.11.2025 15:04:45","28.11.2025 15:04:49"
"AEV","61880_17_ryaz","28.11.2025 15:17:29","28.11.2025 15:17:51"
"SSN","75041","19.01.2026 9:15:58","19.01.2026 9:16:28"
"SSN","75041","19.01.2026 10:53:33","19.01.2026 10:53:42"
"SSN","75041","19.01.2026 11:22:17","19.01.2026 11:22:26"
"SSN","75041","19.01.2026 11:26:03","19.01.2026 11:26:12"
"GOV","75780","21.01.2026 11:52:12","21.01.2026 11:52:18"
"KAA","72601","21.11.2024 17:44:40","21.11.2024 17:44:40"
"ASUSE","72601","21.11.2024 18:10:59","21.11.2024 18:11:00"
"YANO","72852","27.11.2024 9:11:34","27.11.2024 9:11:35"
"YANO","72852","27.11.2024 9:11:52","27.11.2024 9:11:52"
"YANO","72852","27.11.2024 9:12:03","27.11.2024 9:12:03"
"ASUSE","64950_ryaz","12.11.2024 11:29:56","12.11.2024 11:29:57"
"ASUSE","72482","20.11.2024 18:25:42","20.11.2024 18:25:43"
"ASUSE","72482","20.11.2024 18:29:08","20.11.2024 18:29:10"
"GOV","75780","21.01.2026 11:56:13","21.01.2026 11:56:18"
"ASUSE","72601","22.11.2024 13:27:50","22.11.2024 13:27:51"
"ASUSE","72601","22.11.2024 15:03:45","22.11.2024 15:03:46"
"ASUSE","72601","27.11.2024 12:01:59","27.11.2024 12:02:01"
"ASUSE","72319","27.11.2024 12:37:07","27.11.2024 12:37:08"
"ASUSE","64950_ryaz","12.11.2024 11:31:04","12.11.2024 11:31:04"
"ASUSE","72482","20.11.2024 18:30:22","20.11.2024 18:30:23"
"KAA","72418","21.11.2024 10:17:25","21.11.2024 10:17:25"
"ASUSE","61880_1","22.11.2024 15:07:15","22.11.2024 15:07:18"
"ASUSE","61880_1","22.11.2024 15:08:46","22.11.2024 15:08:49"
"YANO","61880_10_ryaz","02.12.2024 12:27:16","02.12.2024 12:27:22"
"YANO","61880_10_ryaz","02.12.2024 12:35:41","02.12.2024 12:35:47"
"YANO","61880_10_ryaz","02.12.2024 12:38:12","02.12.2024 12:38:18"
"YANO","61880_10_ryaz","02.12.2024 12:40:39","02.12.2024 12:40:45"
"YANO","61880_10_ryaz","02.12.2024 12:42:32","02.12.2024 12:42:38"
"YANO","61880_10_ryaz","02.12.2024 12:44:07","02.12.2024 12:44:13"
"YANO","61880_10_ryaz","02.12.2024 12:46:30","02.12.2024 12:46:36"
"ASUSE","72319","27.11.2024 12:44:26","27.11.2024 12:44:27"
"ASUSE","72319","28.11.2024 0:21:56","28.11.2024 0:21:57"
"ASUSE","64950_ryaz","12.11.2024 0:22:22","12.11.2024 0:22:23"
"ASUSE","61880_1","22.11.2024 11:42:36","22.11.2024 11:42:40"
"ASUSE","72601","22.11.2024 13:10:30","22.11.2024 13:10:31"
"ASUSE","61880_9_v3_ryaz","27.11.2025 14:41:46","27.11.2025 14:41:49"
"ASUSE","61880_9_v3_ryaz","27.11.2025 14:43:44","27.11.2025 14:43:46"
"ASUSE","61880_9_v3_ryaz","27.11.2025 14:44:45","27.11.2025 14:44:48"
"ASUSE","61880_9_v3_ryaz","27.11.2025 14:45:16","27.11.2025 14:45:23"
"ASUSE","61880_9_v3_ryaz","27.11.2025 14:46:14","27.11.2025 14:46:20"
"ASUSE","61880_9_v3_ryaz_gp","27.11.2025 14:47:30","27.11.2025 14:47:35"
"BKV","61880_10_ryaz","10.12.2025 12:36:52","10.12.2025 12:37:34"
"YANO","61880_17_v3_ryaz","28.11.2024 10:31:03","28.11.2024 10:31:05"
"KAA","72852","26.11.2024 11:38:56","26.11.2024 11:38:57"
"KAA","61880_1","26.11.2024 12:06:08","26.11.2024 12:06:10"
"ASUSE","64950_ryaz","12.11.2024 0:22:30","12.11.2024 0:22:31"
"KAA","61880_9_v3_ryaz","13.11.2024 9:55:02","13.11.2024 9:55:05"
"KAA","61880_9_v3_ryaz","13.11.2024 9:55:51","13.11.2024 9:55:56"
"KAA","61880_9_v3_ryaz","13.11.2024 9:58:32","13.11.2024 9:58:35"
"KAA","61880_9_v3_ryaz","13.11.2024 10:10:52","13.11.2024 10:10:55"
"KAA","462359_rep_year","13.11.2024 11:44:03","13.11.2024 11:44:09"
"KAA","462359_rep_year","13.11.2024 11:45:26","13.11.2024 11:45:33"
"KAA","72565","21.11.2024 10:19:06","21.11.2024 10:19:14"
"KAA","61880_10_ryaz","21.11.2024 10:42:36","21.11.2024 10:42:37"
"KAA","61880_10_ryaz","21.11.2024 10:43:47","21.11.2024 10:43:48"
"KAA","61880_10_ryaz","21.11.2024 10:44:51","21.11.2024 10:44:52"
"KAA","61880_10_ryaz","21.11.2024 10:47:34","21.11.2024 10:47:35"
"ASUSE","72601","22.11.2024 13:52:48","22.11.2024 13:52:49"
"KAA","72601","22.11.2024 14:12:19","22.11.2024 14:12:20"
"BKV","61880_10_ryaz","10.12.2025 12:50:10","10.12.2025 12:50:54"
"BKV","61880_10_ryaz","10.12.2025 12:53:20","10.12.2025 12:54:03"
"BKV","61880_10_ryaz","10.12.2025 13:09:51","10.12.2025 13:10:34"
"BKV","61880_10_ryaz","10.12.2025 13:11:52","10.12.2025 13:12:35"
"BKV","61880_10_ryaz","10.12.2025 13:29:04","10.12.2025 13:29:46"
"BKV","61880_10_ryaz","10.12.2025 13:30:37","10.12.2025 13:31:18"
"BKV","61880_10_ryaz","10.12.2025 13:32:29","10.12.2025 13:33:09"
"BKV","61880_10_ryaz","10.12.2025 13:39:46","10.12.2025 13:40:27"
"BKV","61880_10_ryaz","10.12.2025 14:52:33","10.12.2025 14:53:14"
"YANO","61880_17_v3_ryaz","28.11.2024 10:55:30","28.11.2024 10:55:31"
"KAA","61880_1","26.11.2024 12:37:46","26.11.2024 12:37:48"
"KAA","61880_1","26.11.2024 12:37:51","26.11.2024 12:37:53"
"ASUSE","61880_1","26.11.2024 12:49:20","26.11.2024 12:49:25"
"ASUSE","61880_1","26.11.2024 12:49:37","26.11.2024 12:49:40"
"ASUSE","61880_10_ryaz","29.01.2025 12:09:57","29.01.2025 12:11:16"
"ASUSE","61880_10_ryaz","29.01.2025 15:26:55","29.01.2025 15:28:14"
"BKV","61880_9_v3_ryaz","23.04.2025 8:18:15","23.04.2025 8:18:20"
"BARAV","74287","23.08.2025 14:55:34","23.08.2025 14:55:36"
"BARAV","72430","23.08.2025 15:10:59","23.08.2025 15:11:50"
"KAA","72601","22.11.2024 14:12:31","22.11.2024 14:12:31"
"KAA","72601","22.11.2024 14:47:26","22.11.2024 14:47:26"
"FED","75780","21.01.2026 17:18:36","21.01.2026 17:18:41"
"YANO","61880_17_v3_ryaz","28.11.2024 10:59:26","28.11.2024 10:59:28"
"KAA","61880_1","26.11.2024 12:52:11","26.11.2024 12:52:12"
"KAA","61880_1","26.11.2024 13:59:33","26.11.2024 13:59:34"
"KAA","72601","26.11.2024 17:23:13","26.11.2024 17:23:13"
"KAA","61880_1","26.11.2024 17:24:08","26.11.2024 17:24:10"
"ASUSE","72319","21.11.2024 17:14:11","21.11.2024 17:14:13"
"KAA","72601","22.11.2024 14:47:32","22.11.2024 14:47:33"
"YANO","61880_17_v3_ryaz","28.11.2024 11:03:00","28.11.2024 11:03:02"
"KAA","72852","26.11.2024 14:11:50","26.11.2024 14:11:50"
"KAA","72430","26.11.2024 15:40:38","26.11.2024 15:40:39"
"KAA","72601","26.11.2024 17:26:32","26.11.2024 17:26:33"
"KAA","72601","26.11.2024 17:27:17","26.11.2024 17:27:17"
"ASUSE","64649_ryaz","23.11.2024 15:12:54","23.11.2024 15:13:05"
"KAA","72601","25.11.2024 9:33:52","25.11.2024 9:33:53"
"YANO","61880_17_v3_ryaz","28.11.2024 11:08:38","28.11.2024 11:08:40"
"KAA","72601","26.11.2024 17:14:34","26.11.2024 17:14:35"
"KAA","72601","26.11.2024 17:17:45","26.11.2024 17:17:46"
"ASUSE","61880_17_ryaz","28.11.2024 13:03:17","28.11.2024 13:03:28"
"ASUSE","72430","13.11.2024 10:42:01","13.11.2024 10:42:03"
"ASUSE","72609","13.11.2024 10:44:52","13.11.2024 10:44:53"
"ASUSE","72956","13.11.2024 10:45:42","13.11.2024 10:45:51"
"YANO","61880_10_ryaz","27.11.2024 12:28:40","27.11.2024 12:28:41"
"BARAV","61880_9_v3_ryaz","10.09.2025 10:18:40","10.09.2025 10:18:43"
"BARAV","61880_9_v3_ryaz","10.09.2025 10:19:22","10.09.2025 10:19:25"
"BARAV","61880_9_v3_ryaz","10.09.2025 10:20:59","10.09.2025 10:21:02"
"BARAV","61880_9_v3_ryaz","10.09.2025 10:30:06","10.09.2025 10:30:09"
"KAA","72601","25.11.2024 9:34:00","25.11.2024 9:34:00"
"KAA","72852","25.11.2024 11:38:51","25.11.2024 11:38:52"
"MELEHINA","72257","26.11.2024 11:15:45","26.11.2024 11:15:46"
"MELEHINA","72482","26.11.2024 14:36:07","26.11.2024 14:36:08"
"ASUSE","64950_ryaz","12.11.2024 0:20:58","12.11.2024 0:20:58"
"ASUSE","64950_ryaz","12.11.2024 0:22:40","12.11.2024 0:22:40"
"KAA","72852","25.11.2024 11:50:43","25.11.2024 11:50:44"
"KAA","64950_ryaz","25.11.2024 12:26:52","25.11.2024 12:26:52"
"BKV","61880_9_v3_ryaz","12.09.2025 7:03:02","12.09.2025 7:03:06"
"BKV","61880_10_ryaz","12.09.2025 13:59:29","12.09.2025 14:00:18"
"ASUSE","61880_9_v3_ryaz","12.11.2025 16:58:25","12.11.2025 16:58:31"
"AEV","61880_9_v4_ryaz_json","22.01.2026 9:22:16","22.01.2026 9:22:25"
"KAA","72319","15.11.2024 14:26:44","15.11.2024 14:26:44"
"KAA","72319","15.11.2024 14:35:24","15.11.2024 14:35:24"
"ASUSE","64950_ryaz","12.11.2024 0:21:05","12.11.2024 0:21:06"
"ASUSE","64950_ryaz","12.11.2024 0:22:54","12.11.2024 0:22:54"
"KAA","72601","25.11.2024 14:25:34","25.11.2024 14:25:35"
"KAA","72482","25.11.2024 16:06:09","25.11.2024 16:06:10"
"MELEHINA","72482","26.11.2024 14:36:23","26.11.2024 14:36:24"
"YANO","61880_17_v3_ryaz","28.11.2024 11:11:45","28.11.2024 11:11:47"
"FED","75780","21.01.2026 17:31:44","21.01.2026 17:31:49"
"FED","76607","27.01.2026 16:38:07","27.01.2026 16:38:09"
"ASUSE","64950_ryaz","12.11.2024 0:21:12","12.11.2024 0:21:12"
"ASUSE","64950_ryaz","12.11.2024 0:23:02","12.11.2024 0:23:03"
"ASUSE","72852","25.11.2024 16:28:35","25.11.2024 16:28:36"
"ASUSE","72319","26.11.2024 11:26:23","26.11.2024 11:26:24"
"YANO","72319","28.11.2024 11:23:35","28.11.2024 11:23:36"
"YANO","61880_17_v3_ryaz","28.11.2024 11:42:05","28.11.2024 11:42:06"
"ASUSE","64950_ryaz","12.11.2024 0:21:19","12.11.2024 0:21:20"
"ASUSE","64950_ryaz","12.11.2024 0:23:11","12.11.2024 0:23:11"
"KAA","72430","26.11.2024 17:28:54","26.11.2024 17:28:55"
"YANO","72852","27.11.2024 8:51:05","27.11.2024 8:51:06"
"YANO","61880_17_v3_ryaz","28.11.2024 11:48:30","28.11.2024 11:48:32"
"ASUSE","64950_ryaz","12.11.2024 0:21:26","12.11.2024 0:21:27"
"ASUSE","64950_ryaz","12.11.2024 0:23:18","12.11.2024 0:23:18"
"ASUSE","72601","13.11.2024 10:46:41","13.11.2024 10:46:42"
"YANO","72852","27.11.2024 8:51:20","27.11.2024 8:51:20"
"YANO","72852","27.11.2024 9:43:04","27.11.2024 9:43:05"
"YANO","64649_ryaz","27.11.2024 9:44:02","27.11.2024 9:44:02"
"YANO","61880_17_v3_ryaz","28.11.2024 11:53:04","28.11.2024 11:53:08"
"ASUSE","64950_ryaz","12.11.2024 0:21:35","12.11.2024 0:21:36"
"ASUSE","72319","13.11.2024 10:47:48","13.11.2024 10:47:49"
"ASUSE","72852","13.11.2024 10:48:47","13.11.2024 10:48:49"
"ASUSE","72565","26.11.2024 15:55:40","26.11.2024 15:55:51"
"YANO","64649_ryaz","27.11.2024 9:44:17","27.11.2024 9:44:18"
"YANO","72319","27.11.2024 9:47:31","27.11.2024 9:47:31"
"YANO","61880_17_v3_ryaz","28.11.2024 11:55:51","28.11.2024 11:55:53"
"ASUSE","64950_ryaz","12.11.2024 0:21:43","12.11.2024 0:21:44"
"ASUSE","72482","13.11.2024 10:49:46","13.11.2024 10:49:47"
"ASUSE","72418","14.11.2024 10:19:29","14.11.2024 10:19:30"
"ASUSE","72319","27.11.2024 11:57:50","27.11.2024 11:57:51"
"ASUSE","72319","27.11.2024 12:06:19","27.11.2024 12:06:20"
"ASUSE","75041","23.04.2025 15:59:22","23.04.2025 16:00:13"
"YANO","61880_17_v3_ryaz","28.11.2024 11:58:36","28.11.2024 11:58:38"
"ASUSE","64950_ryaz","12.11.2024 0:21:51","12.11.2024 0:21:52"
"YANO","72943","14.11.2024 15:47:28","14.11.2024 15:47:49"
"KAA","72601","22.11.2024 8:31:59","22.11.2024 8:32:01"
"ASUSE","64649_ryaz","27.11.2024 12:34:34","27.11.2024 12:34:35"
"ASUSE","64649_ryaz","27.11.2024 12:34:57","27.11.2024 12:34:58"
"YANO","61880_17_v3_ryaz","28.11.2024 12:00:51","28.11.2024 12:00:52"
"ASUSE","64950_ryaz","12.11.2024 0:21:59","12.11.2024 0:22:00"
"KAA","72601","22.11.2024 8:32:09","22.11.2024 8:32:10"
"ASUSE","72601","22.11.2024 11:36:17","22.11.2024 11:36:18"
"TOA","75061","02.07.2025 9:19:19","02.07.2025 9:19:30"
"TOA","75061","02.07.2025 9:22:53","02.07.2025 9:23:03"
"TOA","75061","02.07.2025 9:23:32","02.07.2025 9:23:43"
"TOA","75061","02.07.2025 9:24:09","02.07.2025 9:24:19"
"BARAV","61880_9_v3_ryaz","10.09.2025 10:35:46","10.09.2025 10:35:48"
"BARAV","61880_9_v3_ryaz","10.09.2025 11:02:51","10.09.2025 11:02:54"
"BARAV","61880_9_v3_ryaz","10.09.2025 11:06:34","10.09.2025 11:06:37"
"BARAV","61880_9_v3_ryaz","10.09.2025 11:07:08","10.09.2025 11:07:11"
"BARAV","61880_9_v3_ryaz","10.09.2025 12:37:48","10.09.2025 12:37:52"
"YANO","61880_17_v3_ryaz","28.11.2024 10:20:44","28.11.2024 10:20:46"
"ASUSE","72319","27.11.2024 16:52:51","27.11.2024 16:52:53"
"ASUSE","72319","27.11.2024 16:56:41","27.11.2024 16:56:42"
"ASUSE","61880_10_ryaz","10.12.2024 16:17:10","10.12.2024 16:17:17"
"ASUSE","61880_10_ryaz","29.01.2025 17:20:42","29.01.2025 17:22:00"
"BARAV","61880_10_ryaz","04.04.2025 10:53:50",
"ASUSE","64950_ryaz","12.11.2024 0:22:07","12.11.2024 0:22:08"
"ASUSE","72601","22.11.2024 11:37:00","22.11.2024 11:37:00"
"ASUSE","72601","22.11.2024 11:38:27","22.11.2024 11:38:28"
"BARAV","61880_9_v3_ryaz","18.09.2025 8:09:32","18.09.2025 8:09:37"
"BARAV","61880_9_v3_ryaz","18.09.2025 8:10:23","18.09.2025 8:10:26"
"GOV","75780","06.10.2025 12:23:31","06.10.2025 12:23:35"
"GOV","75780","06.10.2025 12:23:50","06.10.2025 12:23:55"
"GOV","75780","06.10.2025 12:29:12","06.10.2025 12:29:16"
"GOV","75780","06.10.2025 12:30:04","06.10.2025 12:30:25"
"GOV","75780","30.10.2025 10:48:54","30.10.2025 10:49:03"
"ZOV","76929","19.11.2025 17:17:19","19.11.2025 17:17:21"
"ASUSE","61880_9_v3_ryaz_gp","27.11.2025 13:50:14","27.11.2025 13:50:20"
"YANO","61880_17_v3_ryaz","28.11.2024 10:25:59","28.11.2024 10:26:03"
"YANO","61880_17_v3_ryaz","28.11.2024 12:04:07","28.11.2024 12:04:09"
"ASUSE","64950_ryaz","12.11.2024 0:22:15","12.11.2024 0:22:15"
"YANO","61880_17_v3_ryaz","30.01.2025 15:11:21","30.01.2025 15:12:03"
"ASUSE","64950_ryaz","17.12.2024 13:01:48","17.12.2024 13:01:48"
"YANO","61880_17_v3_ryaz","30.01.2025 14:25:37","30.01.2025 14:26:19"
"ASUSE","72852","27.12.2024 12:49:58","27.12.2024 12:50:02"
"ASUSE","72852","27.12.2024 12:51:39","27.12.2024 12:51:43"
"YANO","61880_17_v3_ryaz","30.01.2025 15:13:27","30.01.2025 15:14:05"
"ASUSE","64950_ryaz","17.12.2024 13:37:26","17.12.2024 13:37:27"
"REE","72601","09.01.2025 12:25:03","09.01.2025 12:25:06"
"YANO","61880_17_v3_ryaz","30.01.2025 14:30:22","30.01.2025 14:30:59"
"ASUSE","72482","27.12.2024 13:48:10","27.12.2024 13:48:11"
"YANO","61880_17_v3_ryaz","28.11.2024 12:08:50","28.11.2024 12:08:52"
"YANO","72544","20.01.2025 10:47:09","20.01.2025 10:47:10"
"YANO","72544","20.01.2025 10:48:03","20.01.2025 10:48:04"
"AEV","61880_9_v3_ryaz","12.03.2025 16:29:36","12.03.2025 16:29:40"
"AEV","61880_9_v3_ryaz","12.03.2025 16:34:41","12.03.2025 16:34:45"
"AEV","61880_17_ryaz","12.03.2025 16:39:11","12.03.2025 16:39:35"
"YANO","61880_10_ryaz","28.05.2025 14:39:07","28.05.2025 14:39:52"
"YANO","61880_10_ryaz","28.05.2025 14:43:55","28.05.2025 14:44:40"
"YANO","61880_10_ryaz","28.05.2025 14:48:49","28.05.2025 14:49:34"
"YANO","61880_10_ryaz","28.05.2025 14:52:52","28.05.2025 14:53:37"
"YANO","61880_17_v3_ryaz","30.01.2025 14:34:03","30.01.2025 14:34:44"
"YANO","72565","17.01.2025 11:58:05","17.01.2025 11:58:18"
"YANO","72956","17.01.2025 12:05:01","17.01.2025 12:05:12"
"YANO","61880_17_v3_ryaz","28.11.2024 12:36:54","28.11.2024 12:36:56"
"YANO","72482","20.01.2025 11:12:14",
"YANO","72482","20.01.2025 11:12:21",
"BKV","61880_10_ryaz","30.05.2025 11:35:01","30.05.2025 11:35:58"
"TOA","75728","04.07.2025 14:35:53","04.07.2025 14:37:03"
"ZOV","76873","22.10.2025 17:53:15","22.10.2025 17:53:17"
"ASUSE","76222","27.10.2025 14:55:04","27.10.2025 14:55:07"
"ASUSE","76300","27.10.2025 15:03:42","27.10.2025 15:03:43"
"NAM","61880_9_v3_ryaz","10.11.2025 15:15:21","10.11.2025 15:15:26"
"NAM","61880_9_v3_ryaz","10.11.2025 15:31:56","10.11.2025 15:32:03"
"NAM","61880_9_v3_ryaz","10.11.2025 15:47:58","10.11.2025 15:48:02"
"AEV","61880_17_ryaz","25.11.2025 17:05:21","25.11.2025 17:05:43"
"YANO","61880_17_v3_ryaz","30.01.2025 14:37:01","30.01.2025 14:37:40"
"YANO","72601","17.01.2025 12:14:03","17.01.2025 12:14:08"
"YANO","72601","17.01.2025 12:14:41","17.01.2025 12:14:46"
"TEST37","61880_10_ryaz","08.04.2025 14:00:55",
"TEST37","61880_10_ryaz","08.04.2025 14:38:13","08.04.2025 14:39:08"
"YANO","61880_17_v3_ryaz","28.11.2024 12:37:46","28.11.2024 12:37:48"
"YANO","72956","28.11.2024 17:13:13","28.11.2024 17:13:20"
"YANO","61880_10_ryaz","28.05.2025 12:24:55","28.05.2025 12:25:45"
"YANO","61880_10_ryaz","28.05.2025 12:41:14","28.05.2025 12:41:58"
"YANO","61880_10_ryaz","28.05.2025 12:51:38","28.05.2025 12:52:26"
"YANO","61880_10_ryaz","28.05.2025 13:52:11","28.05.2025 13:52:56"
"YANO","61880_10_ryaz","28.05.2025 14:01:00","28.05.2025 14:01:45"
"YANO","61880_10_ryaz","28.05.2025 14:06:55","28.05.2025 14:07:41"
"YANO","72482","20.01.2025 11:12:30",
"YANO","72482","20.01.2025 11:12:55",
"GOV","75061","02.07.2025 12:57:54","02.07.2025 12:57:54"
"GOV","75061","02.07.2025 12:58:34","02.07.2025 12:58:35"
"GOV","75061","02.07.2025 12:59:19","02.07.2025 12:59:19"
"AEV","61880_9_v3_ryaz","25.11.2025 17:14:04","25.11.2025 17:14:09"
"KNA","76607","12.12.2025 9:32:09","12.12.2025 9:32:11"
"KNA","76607","12.12.2025 12:04:49","12.12.2025 12:04:50"
"KNA","76607","12.12.2025 12:07:14","12.12.2025 12:07:15"
"KNA","76607","12.12.2025 12:07:43","12.12.2025 12:07:43"
"ASUSE","61880_10_ryaz","15.12.2025 19:22:53","15.12.2025 19:23:34"
"ASUSE","72943","10.12.2024 16:37:52","10.12.2024 16:38:16"
"ASUSE","72956","10.12.2024 17:04:10","10.12.2024 17:04:19"
"YANO","72319","17.01.2025 15:05:52","17.01.2025 15:05:56"
"ASUSE","72418","23.01.2025 23:33:34","23.01.2025 23:33:35"
"YANO","61880_10_ryaz","28.01.2025 14:10:45","28.01.2025 14:12:16"
"YANO","61880_10_ryaz","28.01.2025 14:14:29","28.01.2025 14:15:46"
"YANO","61880_10_ryaz","28.01.2025 14:16:20","28.01.2025 14:17:32"
"YANO","61880_10_ryaz","28.01.2025 14:18:01","28.01.2025 14:19:18"
"ASUSE","72601","09.01.2025 15:07:25","09.01.2025 15:07:29"
"YANO","61880_17_v3_ryaz","30.01.2025 15:20:07","30.01.2025 15:20:49"
"YANO","61880_10_ryaz","28.05.2025 14:11:32","28.05.2025 14:12:18"
"YANO","61880_10_ryaz","28.05.2025 14:13:10","28.05.2025 14:13:56"
"YANO","61880_10_ryaz","28.05.2025 14:17:17","28.05.2025 14:18:01"
"YANO","61880_10_ryaz","28.05.2025 14:18:25","28.05.2025 14:19:10"
"YANO","72852","20.01.2025 11:13:03","20.01.2025 11:13:07"
"YANO","72482","20.01.2025 11:13:21",
"TEST37","61880_9_v4_ryaz_json","13.01.2026 16:11:13","13.01.2026 16:11:22"
"TEST37","61880_9_v4_ryaz_json","13.01.2026 16:15:34","13.01.2026 16:15:41"
"TEST37","61880_9_v4_ryaz_json","13.01.2026 16:19:27","13.01.2026 16:19:34"
"TEST37","61880_9_v4_ryaz_json","13.01.2026 16:57:34","13.01.2026 16:57:42"
"GOV","75780","16.01.2026 13:59:37","16.01.2026 13:59:58"
"GOV","75780","16.01.2026 14:59:24","16.01.2026 14:59:41"
"TEST37","75780","22.01.2026 10:03:45","22.01.2026 10:04:32"
"TEST37","75780","22.01.2026 10:17:22","22.01.2026 10:17:51"
"BARAV","61880_9_v4_ryaz_json","22.01.2026 11:26:23","22.01.2026 11:26:28"
"BARAV","61880_9_v4_ryaz_json","22.01.2026 11:28:24","22.01.2026 11:28:30"
"YANO","72956","29.11.2024 9:05:05","29.11.2024 9:05:06"
"YANO","72956","29.11.2024 9:05:19","29.11.2024 9:05:26"
"ASUSE","72430","29.01.2025 11:40:38","29.01.2025 11:40:47"
"ASUSE","72601","29.01.2025 11:41:23","29.01.2025 11:41:28"
"YANO","72554","11.02.2025 16:10:29","11.02.2025 16:10:29"
"YANO","72544","11.02.2025 16:12:16","11.02.2025 16:12:16"
"YANO","64950_ryaz","20.01.2025 11:14:59","20.01.2025 11:15:00"
"YANO","72595","29.11.2024 9:53:21","29.11.2024 9:53:21"
"YANO","72943","29.11.2024 9:54:42","29.11.2024 9:55:06"
"ASUSE","61880_1","29.01.2025 11:44:12","29.01.2025 11:44:34"
"ASUSE","61880_1","29.01.2025 13:56:19","29.01.2025 13:56:42"
"YANO","72544","11.02.2025 16:12:41","11.02.2025 16:12:41"
"YANO","72559","11.02.2025 16:14:04","11.02.2025 16:14:04"
"YANO","64950_ryaz","20.01.2025 11:17:23","20.01.2025 11:17:23"
"YANO","61880_17_v3_ryaz","02.12.2024 14:03:58","02.12.2024 14:04:14"
"YANO","72430","03.12.2024 9:24:32","03.12.2024 9:24:39"
"ASUSE","61880_10_ryaz","24.12.2024 19:33:48","24.12.2024 19:33:57"
"ASUSE","61880_17_ryaz","04.02.2025 17:06:10","04.02.2025 17:06:43"
"ASUSE","72601","29.01.2025 15:40:27","29.01.2025 15:40:31"
"ASUSE","72601","29.01.2025 15:40:44","29.01.2025 15:40:48"
"BKV","61880_9_v3_ryaz","10.09.2025 10:19:48","10.09.2025 10:19:50"
"BKV","61880_9_v3_ryaz","10.09.2025 10:21:55","10.09.2025 10:21:58"
"BARAV","72430","21.11.2025 8:26:43","21.11.2025 8:27:28"
"BARAV","72430","21.11.2025 8:33:01","21.11.2025 8:33:41"
"BARAV","72430","21.11.2025 9:34:21","21.11.2025 9:35:01"
"BARAV","72430","21.11.2025 9:35:17","21.11.2025 9:35:56"
"GOV","61880_10_ryaz_gp","11.12.2025 21:40:33","11.12.2025 21:41:14"
"GOV","76731","11.12.2025 21:42:05","11.12.2025 21:42:06"
"GOV","76607","11.12.2025 21:46:13","11.12.2025 21:46:15"
"YANO","74287","11.02.2025 16:15:45",
"BARAV","64883","05.12.2024 11:40:14","05.12.2024 11:40:14"
"BARAV","64949","05.12.2024 11:50:27","05.12.2024 11:50:31"
"YANO","64950_ryaz","20.01.2025 11:17:36","20.01.2025 11:17:36"
"ASUSE","72956","28.11.2024 17:44:59","28.11.2024 17:45:08"
"ASUSE","61880_1","28.11.2024 18:25:40","28.11.2024 18:25:44"
"ASUSE","61880_17_ryaz","04.02.2025 17:12:11","04.02.2025 17:12:43"
"ASUSE","61880_17_ryaz","04.02.2025 17:16:58","04.02.2025 17:17:29"
"YANO","61880_10_ryaz","12.03.2025 11:43:34",
"YANO","61880_10_ryaz","12.03.2025 11:43:45",
"YANO","61880_10_ryaz","12.03.2025 11:43:54",
"ASUSE","61880_10_ryaz","07.04.2025 12:28:13","07.04.2025 12:29:13"
"ASUSE","61880_10_ryaz","07.04.2025 12:40:38","07.04.2025 12:41:30"
"GOV","75780","11.08.2025 11:06:03","11.08.2025 11:06:18"
"SSN","75041","22.08.2025 10:50:13","22.08.2025 10:50:51"
"SSN","75041","22.08.2025 11:01:28","22.08.2025 11:02:09"
"BARAV","61880_9_v4_ryaz_json","22.01.2026 11:31:23","22.01.2026 11:31:29"
"ASUSE","61880_1","29.01.2025 16:46:06","29.01.2025 16:46:26"
"ASUSE","61880_1","29.01.2025 16:54:31","29.01.2025 16:54:51"
"GOV","61880_9_v3_ryaz_gp","11.12.2025 21:48:33","11.12.2025 21:48:36"
"GOV","75780","30.12.2025 14:07:48","30.12.2025 14:07:54"
"GOV","75780","30.12.2025 14:08:14","30.12.2025 14:08:19"
"TEST37","75780","22.01.2026 12:06:38","22.01.2026 12:06:56"
"ASUSE","72565","16.12.2024 21:00:29","16.12.2024 21:00:41"
"YANO","64950_ryaz","20.01.2025 11:19:13","20.01.2025 11:19:13"
"ASUSE","72601","28.11.2024 18:26:58","28.11.2024 18:27:00"
"ASUSE","64649_ryaz","29.11.2024 11:48:52","29.11.2024 11:48:54"
"ASUSE","72601","29.01.2025 16:56:39","29.01.2025 16:56:44"
"YANO","61880_17_v3_ryaz","30.01.2025 14:49:18","30.01.2025 14:49:57"
"ASUSE","61880_9_v3_ryaz","02.12.2024 15:41:10","02.12.2024 15:41:15"
"ASUSE","61880_9_v3_ryaz","02.12.2024 15:43:32","02.12.2024 15:43:37"
"ASUSE","61880_9_v3_ryaz","02.12.2024 15:46:26","02.12.2024 15:46:43"
"ASUSE","72565","02.12.2024 16:05:31","02.12.2024 16:05:41"
"ASUSE","72565","02.12.2024 16:14:24","02.12.2024 16:14:34"
"ASUSE","72565","02.12.2024 16:15:05","02.12.2024 16:15:15"
"ASUSE","72430","02.12.2024 16:29:55","02.12.2024 16:30:01"
"YANO","72956","13.12.2024 11:21:14","13.12.2024 11:21:25"
"YANO","64950_ryaz","20.01.2025 11:19:38","20.01.2025 11:19:39"
"BARAV","72601","28.01.2025 7:42:46","28.01.2025 7:42:53"
"ASUSE","72956","27.12.2024 11:09:16","27.12.2024 11:09:28"
"ASUSE","72956","27.12.2024 11:11:56","27.12.2024 11:12:07"
"YANO","61880_17_v3_ryaz","30.01.2025 14:55:21","30.01.2025 14:56:06"
"ASUSE","64950_ryaz","03.12.2024 16:44:15","03.12.2024 16:44:16"
"YANO","72609","13.12.2024 13:41:53","13.12.2024 13:41:53"
"YANO","72943","13.12.2024 13:50:06","13.12.2024 13:50:37"
"YANO","72430","04.04.2025 11:21:18","04.04.2025 11:22:11"
"YANO","72430","04.04.2025 11:31:51","04.04.2025 11:32:40"
"ASUSE","61880_10_ryaz","08.04.2025 13:45:14","08.04.2025 13:46:04"
"BARAV","61880_10_ryaz","08.04.2025 15:02:50","08.04.2025 15:03:38"
"NAM","61880_9_v3_ryaz","02.05.2025 14:21:35","02.05.2025 14:21:39"
"BARAV","72852","28.01.2025 7:43:42","28.01.2025 7:43:46"
"BARAV","61880_13","28.01.2025 7:45:54","28.01.2025 7:45:58"
"ASUSE","72956","02.12.2024 11:17:53","02.12.2024 11:17:54"
"ASUSE","72956","02.12.2024 11:19:34","02.12.2024 11:19:43"
"YANO","61880_17_v3_ryaz","30.01.2025 14:59:22","30.01.2025 15:00:02"
"YANO","72943","13.12.2024 13:52:02","13.12.2024 13:52:31"
"ASUSE","64950_ryaz","17.12.2024 12:44:49","17.12.2024 12:44:50"
"YANO","61880_10_ryaz","28.05.2025 14:22:18","28.05.2025 14:23:03"
"YANO","61880_10_ryaz","28.05.2025 14:24:24","28.05.2025 14:25:09"
"YANO","61880_10_ryaz","28.05.2025 14:27:04","28.05.2025 14:27:50"
"YANO","61880_10_ryaz","28.05.2025 14:32:25","28.05.2025 14:33:11"
"YANO","61880_10_ryaz","28.05.2025 14:34:20","28.05.2025 14:35:06"
"YANO","61880_10_ryaz","28.05.2025 14:36:34","28.05.2025 14:37:20"
"YANO","61880_17_v3_ryaz","30.01.2025 11:28:42","30.01.2025 11:29:17"
"ASUSE","72601","02.12.2024 11:20:00","02.12.2024 11:20:06"
"ASUSE","72943","02.12.2024 11:20:23","02.12.2024 11:20:50"
"YANO","61880_17_v3_ryaz","30.01.2025 15:02:17","30.01.2025 15:03:00"
"ASUSE","64950_ryaz","17.12.2024 12:47:54","17.12.2024 12:47:54"
"YANO","61880_17_v3_ryaz","30.01.2025 14:08:19","30.01.2025 14:08:58"
"ASUSE","72956","02.12.2024 11:21:03","02.12.2024 11:21:04"
"ASUSE","61880_9_v3_ryaz","18.12.2024 13:46:50","18.12.2024 13:46:59"
"ASUSE","72601","27.12.2024 12:21:13","27.12.2024 12:21:19"
"TEST37","61880_10_ryaz","08.04.2025 13:56:22",
"SSN","462361","15.05.2025 8:13:39","15.05.2025 8:13:39"
"BARAV","61880_9_v3_ryaz","15.07.2025 7:44:26","15.07.2025 7:44:30"
"BARAV","61880_9_v3_ryaz","15.07.2025 7:53:12","15.07.2025 7:53:17"
"BARAV","61880_9_v3_ryaz","15.07.2025 8:00:29","15.07.2025 8:00:35"
"TEST37","75780","22.01.2026 11:39:58",
"TEST37","75780","22.01.2026 11:41:28",
"TEST37","75780","22.01.2026 11:51:15","22.01.2026 11:51:35"
"KIV","76630","22.01.2026 12:42:34","22.01.2026 12:42:36"
"KIV","61880_9_v3_ryaz_gp","22.01.2026 12:44:49","22.01.2026 12:44:54"
"YANO","61880_17_v3_ryaz","30.01.2025 15:05:19","30.01.2025 15:05:59"
"ASUSE","64950_ryaz","17.12.2024 12:48:13","17.12.2024 12:48:13"
"YANO","61880_17_v3_ryaz","30.01.2025 14:14:49","30.01.2025 14:15:32"
"ASUSE","72319","27.12.2024 12:31:57","27.12.2024 12:32:01"
"ASUSE","72319","27.12.2024 12:32:12","27.12.2024 12:32:15"
"GOV","61880_2_int_date","20.05.2025 12:38:20","20.05.2025 12:46:19"
"TOA","75061","20.05.2025 14:35:50","20.05.2025 14:35:51"
"TOA","75061","20.05.2025 14:36:36","20.05.2025 14:36:46"
"KIV","61880_9_v3_ryaz_gp","22.01.2026 12:46:17","22.01.2026 12:46:24"
"YANO","61880_17_v3_ryaz","30.01.2025 15:08:55","30.01.2025 15:09:38"
"ASUSE","64950_ryaz","17.12.2024 12:49:54","17.12.2024 12:49:54"
"YANO","61880_17_v3_ryaz","30.01.2025 14:21:48","30.01.2025 14:22:29"
"ASUSE","64950_ryaz","16.12.2024 23:28:44","16.12.2024 23:28:45"
"ASUSE","72943","16.12.2024 23:30:20","16.12.2024 23:30:51"
"MELEHINA","72601","09.01.2025 15:37:19","09.01.2025 15:37:23"
"BKV","72601","10.03.2025 9:24:57","10.03.2025 9:25:03"
"YANO","72852","20.01.2025 11:10:41","20.01.2025 11:10:45"
"YANO","72601","29.01.2025 11:07:20","29.01.2025 11:07:29"
"GOV","75728","13.08.2025 14:08:59","13.08.2025 14:10:05"
"GOV","75728","20.08.2025 21:56:00","20.08.2025 21:57:04"
"GOV","75728","20.08.2025 21:58:52","20.08.2025 21:59:51"
"GOV","75728","20.08.2025 22:00:16","20.08.2025 22:01:48"
"YANO","61880_10_ryaz","15.12.2025 10:33:58","15.12.2025 10:34:40"
"YANO","61880_10_ryaz","15.12.2025 10:36:07","15.12.2025 10:36:48"
"YANO","61880_10_ryaz","15.12.2025 10:38:00","15.12.2025 10:38:41"
"YANO","61880_10_ryaz","15.12.2025 10:40:18","15.12.2025 10:40:58"
"YANO","61880_10_ryaz","15.12.2025 10:42:04","15.12.2025 10:42:46"
"YANO","61880_10_ryaz","15.12.2025 15:00:10","15.12.2025 15:00:52"
"YANO","61880_10_ryaz","15.12.2025 15:09:25","15.12.2025 15:10:06"
"BARAV","72601","09.01.2025 12:19:05","09.01.2025 12:19:11"
"ASUSE","72482","11.02.2025 17:53:41","11.02.2025 17:53:50"
"BARAV","61880_10_ryaz","08.04.2025 8:31:16",
"BARAV","61880_10_ryaz","08.04.2025 8:31:28",
"MVO","76300","16.09.2025 8:43:02","16.09.2025 8:43:09"
"MVO","75780","16.09.2025 10:01:30","16.09.2025 10:01:39"
"ASUSE","72956","16.12.2024 23:34:13","16.12.2024 23:34:23"
"YANO","72852","28.01.2025 17:08:46","28.01.2025 17:08:50"
"ASUSE","61880_17_ryaz","29.11.2024 1:08:11","29.11.2024 1:08:20"
"ASUSE","61880_17_ryaz","29.11.2024 1:10:34","29.11.2024 1:10:42"
"ASUSE","61880_17_ryaz","29.11.2024 1:34:43","29.11.2024 1:34:52"
"ASUSE","61880_1","29.11.2024 1:37:58","29.11.2024 1:38:03"
"ASUSE","61880_1","29.11.2024 1:38:41","29.11.2024 1:38:45"
"ASUSE","61880_17_ryaz","29.11.2024 2:09:03","29.11.2024 2:09:11"
"ASUSE","61880_17_ryaz","29.11.2024 2:10:08","29.11.2024 2:10:16"
"ASUSE","61880_17_ryaz","29.11.2024 2:37:55","29.11.2024 2:38:07"
"YANO","61880_17_v3_ryaz","28.11.2024 12:06:18","28.11.2024 12:06:20"
"YANO","72595","29.01.2025 12:02:56","29.01.2025 12:02:56"
"ASUSE","72559","11.02.2025 18:01:00","11.02.2025 18:01:00"
"ASUSE","72559","11.02.2025 18:01:30","11.02.2025 18:01:31"
"YANO","74287","11.02.2025 16:15:55",
"YANO","72430","11.02.2025 16:18:15","11.02.2025 16:18:22"
"ASUSE","61880_17_ryaz","29.11.2024 2:38:41","29.11.2024 2:38:49"
"YANO","64950_ryaz","19.02.2025 11:56:42","19.02.2025 11:56:43"
"YANO","72943","29.01.2025 12:09:03","29.01.2025 12:09:06"
"ASUSE","61880_1","29.01.2025 17:17:19","29.01.2025 17:17:39"
"ASUSE","74287","11.02.2025 18:03:24",
"ASUSE","74287","11.02.2025 18:03:47",
"SSN","75041","18.07.2025 11:10:40","18.07.2025 11:11:17"
"SSN","75041","18.07.2025 15:44:12","18.07.2025 15:44:53"
"YANO","72482","11.02.2025 16:27:02",
"ASUSE","74287","11.02.2025 20:39:01","11.02.2025 20:39:04"
"YANO","64950_ryaz","19.02.2025 11:57:17","19.02.2025 11:57:17"
"YANO","64649_ryaz","12.02.2025 16:55:01","12.02.2025 16:55:02"
"YANO","64950_ryaz","19.02.2025 12:09:58","19.02.2025 12:09:58"
"GOV","75780","21.01.2026 16:20:56","21.01.2026 16:21:02"
"GOV","75780","21.01.2026 16:39:33","21.01.2026 16:39:39"
"YANO","64950_ryaz","19.02.2025 12:37:02","19.02.2025 12:37:03"
"YANO","64950_ryaz","19.02.2025 12:37:58","19.02.2025 12:37:59"
"YANO","64950_ryaz","19.02.2025 12:00:19","19.02.2025 12:00:19"
"YANO","64950_ryaz","19.02.2025 12:11:23","19.02.2025 12:11:24"
"YANO","72565","28.01.2025 15:20:51","28.01.2025 15:21:05"
"YANO","72418","28.01.2025 15:22:31","28.01.2025 15:22:31"
"YANO","64950_ryaz","19.02.2025 12:39:19","19.02.2025 12:39:19"
"KAA","72852","13.12.2024 11:35:50","13.12.2024 11:36:04"
"KAA","72852","13.12.2024 11:36:23","13.12.2024 11:36:37"
"YANO","64950_ryaz","19.02.2025 12:23:38","19.02.2025 12:23:38"
"YANO","72257","28.01.2025 15:26:42","28.01.2025 15:26:50"
"YANO","72956","28.01.2025 15:28:09","28.01.2025 15:28:19"
"YANO","64950_ryaz","19.02.2025 12:41:03","19.02.2025 12:41:04"
"BKV","61880_1","24.02.2025 9:55:55","24.02.2025 9:56:24"
"KAA","72956","13.12.2024 11:42:37","13.12.2024 11:42:48"
"KAA","72601","13.12.2024 11:46:15","13.12.2024 11:46:19"
"BARAV","61880_9_v3_ryaz","23.09.2025 8:17:24","23.09.2025 8:17:30"
"BARAV","61880_9_v3_ryaz","23.09.2025 8:18:09","23.09.2025 8:18:12"
"KNA","76607","23.12.2025 16:13:08","23.12.2025 16:13:10"
"ZOV","76585","26.12.2025 10:19:30","26.12.2025 10:19:31"
"ZOV","76585","26.12.2025 10:45:31","26.12.2025 10:45:31"
"TEST37","75780","21.01.2026 18:15:57","21.01.2026 18:16:17"
"TEST37","75780","21.01.2026 18:32:48","21.01.2026 18:33:25"
"TEST37","75780","22.01.2026 8:02:46","22.01.2026 8:03:14"
"FED","75780","22.01.2026 9:12:58","22.01.2026 9:13:03"
"FED","75780","22.01.2026 9:39:40","22.01.2026 9:39:45"
"FED","75780","22.01.2026 9:59:24","22.01.2026 9:59:29"
"YANO","64649_ryaz","13.02.2025 12:06:31","13.02.2025 12:06:32"
"YANO","64950_ryaz","19.02.2025 12:24:33","19.02.2025 12:24:34"
"BKV","61880_9_v3_ryaz","11.09.2025 14:37:05","11.09.2025 14:37:07"
"BKV","61880_9_v3_ryaz","11.09.2025 14:37:57","11.09.2025 14:38:00"
"BKV","61880_9_v3_ryaz","11.09.2025 14:55:29","11.09.2025 14:55:32"
"BKV","61880_9_v3_ryaz","11.09.2025 14:56:53","11.09.2025 14:56:55"
"YANO","72601","28.01.2025 15:32:20","28.01.2025 15:32:26"
"YANO","72852","28.01.2025 15:33:16","28.01.2025 15:33:19"
"ASUSE","72601","24.02.2025 11:21:30","24.02.2025 11:21:38"
"BKV","72601","24.02.2025 11:25:22","24.02.2025 11:25:27"
"KAA","61880_17_v3_ryaz","13.12.2024 12:22:33","13.12.2024 12:23:05"
"ASUSE","72956","13.12.2024 22:08:40","13.12.2024 22:08:52"
"YANO","64950_ryaz","19.02.2025 12:25:52","19.02.2025 12:25:52"
"ASUSE","72430","02.12.2024 18:28:52","02.12.2024 18:28:57"
"ASUSE","72943","02.12.2024 18:46:03","02.12.2024 18:46:05"
"BKV","72601","24.02.2025 11:29:12","24.02.2025 11:29:16"
"ASUSE","72430","26.02.2025 17:33:22","26.02.2025 17:33:31"
"GOV","75061","08.07.2025 9:58:16","08.07.2025 9:58:28"
"GOV","75061","08.07.2025 10:35:24","08.07.2025 10:35:35"
"BARAV","72544","05.12.2024 11:34:49","05.12.2024 11:34:49"
"BARAV","64651","05.12.2024 11:37:00","05.12.2024 11:37:02"
"ASUSE","61880_17_ryaz","28.11.2024 17:35:20","28.11.2024 17:35:28"
"ASUSE","61880_17_ryaz","28.11.2024 17:52:38","28.11.2024 17:52:46"
"ASUSE","61880_17_ryaz","28.11.2024 17:57:34","28.11.2024 17:57:42"
"YANO","64950_ryaz","19.02.2025 12:26:37","19.02.2025 12:26:37"
"ASUSE","72943","02.12.2024 18:46:41","02.12.2024 18:46:42"
"ASUSE","72943","02.12.2024 18:53:25","02.12.2024 18:53:49"
"BKV","72601","28.02.2025 7:38:18","28.02.2025 7:38:24"
"BKV","72601","28.02.2025 10:12:38","28.02.2025 10:12:43"
"ASUSE","72430","29.11.2024 11:56:02","29.11.2024 11:56:05"
"ASUSE","61759_1","12.02.2025 18:40:08","12.02.2025 18:40:17"
"ASUSE","72956","02.12.2024 18:56:14","02.12.2024 18:56:22"
"ASUSE","64649_ryaz","18.12.2024 20:55:49","18.12.2024 20:55:50"
"ASUSE","64649_ryaz","18.12.2024 21:03:37","18.12.2024 21:03:38"
"BKV","61880_1","28.02.2025 10:19:13","28.02.2025 10:19:38"
"BKV","72601","28.02.2025 11:08:20","28.02.2025 11:08:25"
"YANO","72601","04.12.2024 10:07:36","04.12.2024 10:07:42"
"YANO","72601","04.12.2024 10:11:39","04.12.2024 10:11:43"
"YANO","61880_9_v3_ryaz","29.01.2025 15:34:13","29.01.2025 15:34:18"
"YANO","61880_9_v3_ryaz","29.01.2025 16:41:49","29.01.2025 16:41:54"
"YANO","61880_9_v3_ryaz","29.01.2025 16:51:14","29.01.2025 16:51:20"
"YANO","61880_9_v3_ryaz","29.01.2025 16:58:22","29.01.2025 16:58:26"
"YANO","61880_9_v3_ryaz","29.01.2025 17:10:26","29.01.2025 17:10:31"
"YANO","61880_9_v3_ryaz","29.01.2025 17:19:05","29.01.2025 17:19:11"
"YANO","61880_9_v3_ryaz","29.01.2025 17:27:50","29.01.2025 17:27:55"
"GOV","61880_9_v3_ryaz","17.03.2025 11:27:35","17.03.2025 11:27:39"
"GOV","61880_9_v3_ryaz","17.03.2025 11:40:07","17.03.2025 11:40:09"
"YANO","64950_ryaz","19.02.2025 12:27:35","19.02.2025 12:27:35"
"ASUSE","64649_ryaz","18.12.2024 21:16:36","18.12.2024 21:16:37"
"ASUSE","72852","24.12.2024 12:53:19","24.12.2024 12:53:24"
"BKV","72601","28.02.2025 11:26:45","28.02.2025 11:26:50"
"AEV","64649","07.03.2025 8:47:13","07.03.2025 8:47:14"
"ASUSE","72601","11.12.2024 11:37:25","11.12.2024 11:37:31"
"ASUSE","64950_ryaz","18.12.2024 12:10:53","18.12.2024 12:10:54"
"YANO","64950_ryaz","19.02.2025 12:29:23","19.02.2025 12:29:23"
"YANO","72601","28.12.2024 12:00:07","28.12.2024 12:00:12"
"YANO","72595","28.12.2024 12:09:57","28.12.2024 12:09:57"
"YANO","61880_9_v3_ryaz","30.01.2025 8:42:10","30.01.2025 8:42:15"
"YANO","61880_9_v3_ryaz","30.01.2025 8:48:38","30.01.2025 8:48:42"
"YANO","61880_9_v3_ryaz","30.01.2025 8:52:47","30.01.2025 8:52:51"
"YANO","61880_9_v3_ryaz","30.01.2025 8:59:30","30.01.2025 8:59:34"
"YANO","61880_9_v3_ryaz","30.01.2025 9:00:41","30.01.2025 9:00:45"
"YANO","61880_9_v3_ryaz","30.01.2025 9:03:28","30.01.2025 9:03:32"
"YANO","61880_9_v3_ryaz","30.01.2025 9:09:41","30.01.2025 9:09:48"
"YANO","61880_9_v3_ryaz","30.01.2025 9:12:24","30.01.2025 9:12:27"
"YANO","61880_9_v3_ryaz","30.01.2025 9:14:15","30.01.2025 9:14:19"
"YANO","61880_9_v3_ryaz","30.01.2025 9:16:29","30.01.2025 9:16:32"
"YANO","61880_9_v3_ryaz","30.01.2025 9:19:57","30.01.2025 9:20:00"
"YANO","61880_9_v3_ryaz","30.01.2025 9:21:22","30.01.2025 9:21:26"
"YANO","61880_9_v3_ryaz","30.01.2025 9:54:29","30.01.2025 9:54:33"
"YANO","61880_9_v3_ryaz","30.01.2025 10:09:17","30.01.2025 10:09:21"
"YANO","61880_9_v3_ryaz","30.01.2025 10:27:08","30.01.2025 10:27:11"
"YANO","61880_9_v3_ryaz","30.01.2025 10:38:31","30.01.2025 10:38:35"
"YANO","61880_17_ryaz","30.01.2025 11:27:49","30.01.2025 11:28:19"
"ASUSE","74287","12.02.2025 13:48:40","12.02.2025 13:48:42"
"ASUSE","61880_1","18.12.2024 19:20:44","18.12.2024 19:21:03"
"YANO","72418","20.01.2025 10:54:33","20.01.2025 10:54:33"
"YANO","64950_ryaz","19.02.2025 12:32:05","19.02.2025 12:32:05"
"YANO","72319","28.12.2024 12:22:28","28.12.2024 12:22:31"
"YANO","72852","28.12.2024 12:22:45","28.12.2024 12:22:48"
"ASUSE","74287","12.02.2025 13:49:05","12.02.2025 13:49:07"
"ASUSE","72430","10.12.2024 16:12:51","10.12.2024 16:12:58"
"ASUSE","72430","10.12.2024 16:20:04","10.12.2024 16:20:10"
"GOV","61880_9_v3_ryaz","17.03.2025 11:45:02","17.03.2025 11:45:04"
"GOV","72565","17.03.2025 11:47:33","17.03.2025 11:47:34"
"YANO","64950_ryaz","19.02.2025 12:33:08","19.02.2025 12:33:09"
"ASUSE","72554","16.12.2024 23:18:48","16.12.2024 23:18:49"
"ASUSE","72559","16.12.2024 23:19:05","16.12.2024 23:19:05"
"ASUSE","61880_9_v3_ryaz","16.12.2024 23:19:27","16.12.2024 23:19:34"
"ASUSE","72565","16.12.2024 23:19:53","16.12.2024 23:20:03"
"ASUSE","74287","12.02.2025 13:50:22","12.02.2025 13:50:23"
"ASUSE","72559","12.02.2025 13:51:07","12.02.2025 13:51:09"
"ASUSE","72943","10.12.2024 16:35:36","10.12.2024 16:35:45"
"ASUSE","72943","10.12.2024 16:35:54","10.12.2024 16:36:18"
"YANO","64950_ryaz","19.02.2025 12:35:04","19.02.2025 12:35:04"
"YANO","61880_17_v3_ryaz","02.12.2024 14:58:09","02.12.2024 14:58:26"
"ASUSE","72544","03.03.2025 15:57:44","03.03.2025 15:57:46"
"AEV","64649","07.03.2025 8:47:41","07.03.2025 8:47:41"
"YANO","72319","20.01.2025 11:03:53","20.01.2025 11:03:59"
"YANO","72319","20.01.2025 11:05:20","20.01.2025 11:05:24"
"GOV","61880_9_v3_ryaz","17.03.2025 11:56:49","17.03.2025 11:56:51"
"GOV","61880_9_v3_ryaz","17.03.2025 11:58:09","17.03.2025 11:58:13"
"GOV","61880_9_v3_ryaz","17.03.2025 11:58:57","17.03.2025 11:59:01"
"GOV","61880_10_ryaz","17.03.2025 12:07:19",
"GOV","72565","17.03.2025 12:14:17","17.03.2025 12:14:18"
"GOV","61880_10_ryaz","17.03.2025 12:18:24",
"GOV","61880_17_ryaz","17.03.2025 12:21:29","17.03.2025 12:21:57"
"GOV","61880_20","17.03.2025 12:54:27","17.03.2025 12:54:35"
"KAN","61880_9_v3_ryaz","10.12.2025 15:53:30","10.12.2025 15:53:34"
"KAN","61880_9_v3_ryaz","10.12.2025 15:54:04","10.12.2025 15:54:11"
"KAN","61880_9_v3_ryaz","10.12.2025 16:03:35","10.12.2025 16:03:39"
"YANO","61880_10_ryaz","15.12.2025 8:59:08","15.12.2025 8:59:53"
"YANO","64950_ryaz","19.02.2025 12:35:58","19.02.2025 12:35:59"
"ASUSE","72430","16.12.2024 23:20:25","16.12.2024 23:20:32"
"ASUSE","72418","16.12.2024 23:22:15","16.12.2024 23:22:16"
"ASUSE","61880_10_ryaz","16.12.2024 23:23:50","16.12.2024 23:23:57"
"ASUSE","72609","16.12.2024 23:27:03","16.12.2024 23:27:03"
"TOA","75061","06.05.2025 9:26:41","06.05.2025 9:26:52"
"BARAV","61880_9_v3_ryaz","23.05.2025 14:04:39","23.05.2025 14:04:43"
"BARAV","61880_9_v3_ryaz","23.05.2025 14:18:01","23.05.2025 14:18:04"
"BARAV","61880_9_v3_ryaz","23.05.2025 14:31:23","23.05.2025 14:31:27"
"BARAV","61880_9_v3_ryaz","23.05.2025 15:08:17","23.05.2025 15:08:20"
"BARAV","61880_9_v3_ryaz","23.05.2025 15:11:14","23.05.2025 15:11:17"
"BARAV","61880_9_v3_ryaz","23.05.2025 15:13:22","23.05.2025 15:13:25"
"BARAV","72482","04.04.2025 15:27:30",
"BARAV","72482","04.04.2025 15:28:29",
"YANO","61880_10_ryaz","12.09.2025 8:51:53","12.09.2025 8:52:47"
"YANO","61880_10_ryaz","12.09.2025 8:54:42","12.09.2025 8:55:28"
"YANO","61880_10_ryaz","12.09.2025 8:58:35","12.09.2025 8:59:22"
"YANO","61880_10_ryaz","12.09.2025 9:18:51","12.09.2025 9:19:41"
"YANO","61880_10_ryaz","12.09.2025 9:21:51","12.09.2025 9:22:37"
"YANO","61880_10_ryaz","12.09.2025 9:24:00","12.09.2025 9:24:46"
"YANO","61880_10_ryaz","12.09.2025 9:29:39","12.09.2025 9:30:26"
"YANO","61880_10_ryaz","12.09.2025 9:42:22","12.09.2025 9:43:08"
"KNA","61880_15","21.03.2025 13:57:40","21.03.2025 13:57:41"
"AEV","64649_ryaz","19.03.2025 12:05:29","19.03.2025 12:05:30"
"AEV","64649_ryaz","19.03.2025 12:22:53","19.03.2025 12:22:53"
"AEV","64649_ryaz","20.03.2025 17:13:42","20.03.2025 17:13:42"
"AEV","61880_9_v3_ryaz","07.04.2025 15:20:40","07.04.2025 15:20:44"
"AEV","61880_9_v3_ryaz","07.04.2025 15:21:23","07.04.2025 15:21:26"
"AEV","61880_17_ryaz","07.04.2025 15:22:48","07.04.2025 15:23:12"
"YANO","61880_10_ryaz","28.05.2025 9:16:31","28.05.2025 9:17:23"
"YANO","61880_10_ryaz","12.09.2025 9:51:32","12.09.2025 9:52:18"
"YANO","61880_10_ryaz","12.09.2025 9:52:53","12.09.2025 9:53:40"
"YANO","61880_10_ryaz","12.09.2025 9:58:19","12.09.2025 9:59:06"
"YANO","61880_10_ryaz","12.09.2025 10:01:24","12.09.2025 10:02:10"
"AEV","64649","19.03.2025 9:51:12","19.03.2025 9:51:13"
"AEV","64649","19.03.2025 9:51:54","19.03.2025 9:51:54"
"AEV","64649","19.03.2025 9:53:35","19.03.2025 9:53:35"
"YANO","61880_17_v3_ryaz","04.04.2025 16:04:36","04.04.2025 16:05:13"
"YANO","61880_17_v3_ryaz","04.04.2025 16:05:37","04.04.2025 16:06:11"
"YANO","61880_10_ryaz","12.09.2025 9:46:36","12.09.2025 9:47:23"
"KNA","61880_7","21.03.2025 14:07:00",
"BKV","72601","31.03.2025 15:35:05","31.03.2025 15:35:09"
"TSA","76222","10.09.2025 12:48:59","10.09.2025 12:49:00"
"AEV","64649_ryaz","20.03.2025 17:15:28","20.03.2025 17:15:28"
"YANO","61880_17_v3_ryaz","04.04.2025 16:46:01","04.04.2025 16:46:35"
"AEV","64649","19.03.2025 9:53:46","19.03.2025 9:53:46"
"AEV","64649_ryaz","19.03.2025 12:07:02","19.03.2025 12:07:02"
"AEV","64649_ryaz","19.03.2025 12:10:13","19.03.2025 12:10:13"
"BARAV","72482","04.04.2025 10:56:05",
"YANO","61880_17_v3_ryaz","04.04.2025 16:07:13","04.04.2025 16:07:46"
"BKV","72601","02.04.2025 9:20:05","02.04.2025 9:20:10"
"YANO","61880_17_v3_ryaz","04.04.2025 16:24:21","04.04.2025 16:24:55"
"KNA","72565","19.03.2025 14:06:35","19.03.2025 14:06:36"
"KNA","74287","19.03.2025 14:08:19","19.03.2025 14:08:20"
"YANO","61880_10_ryaz","12.09.2025 10:05:53","12.09.2025 10:06:39"
"BKV","72601","02.04.2025 12:10:44","02.04.2025 12:10:47"
"BARAV","72482","08.04.2025 8:28:49",
"KNA","64950_ryaz","20.03.2025 10:17:00","20.03.2025 10:17:00"
"KNA","72482","20.03.2025 12:40:44",
"YANO","61880_17_v3_ryaz","04.04.2025 16:25:11","04.04.2025 16:25:46"
"KNA","72418","19.03.2025 14:09:24","19.03.2025 14:09:24"
"KNA","74610","19.03.2025 14:09:48","19.03.2025 14:09:49"
"BARAV","64950_ryaz","08.04.2025 8:32:24","08.04.2025 8:32:25"
"KNA","72257","20.03.2025 12:41:30","20.03.2025 12:41:37"
"KNA","72595","20.03.2025 12:43:08",
"YANO","61880_17_v3_ryaz","04.04.2025 16:27:14","04.04.2025 16:27:47"
"KNA","61880_17_v3_ryaz","19.03.2025 14:11:18","19.03.2025 14:13:25"
"KNA","61880_17_v3_ryaz","19.03.2025 14:14:25","19.03.2025 14:16:30"
"GOV","75780","20.09.2025 10:48:31","20.09.2025 10:48:57"
"GOV","75780","20.09.2025 12:56:28","20.09.2025 12:56:35"
"GOV","61880_10_ryaz_gp","27.10.2025 11:21:46","27.10.2025 11:22:52"
"BARAV","64950_ryaz","08.04.2025 8:35:20","08.04.2025 8:35:21"
"KNA","72595","20.03.2025 12:44:27",
"YANO","61880_17_v3_ryaz","04.04.2025 16:28:27","04.04.2025 16:29:01"
"ASUSE","75061","07.04.2025 12:27:26","07.04.2025 12:27:44"
"ASUSE","75061","07.04.2025 12:40:10","07.04.2025 12:40:21"
"YANO","61880_10_ryaz","15.01.2026 11:35:18","15.01.2026 11:36:02"
"PSA","75780","22.01.2026 16:34:44","22.01.2026 16:34:49"
"ASUSE","61880_9_v4_ryaz_json","28.01.2026 14:55:04","28.01.2026 14:55:11"
"BARAV","64950_ryaz","08.04.2025 8:36:42","08.04.2025 8:36:43"
"AEV","64649_ryaz","20.03.2025 14:27:34","20.03.2025 14:27:35"
"YANO","61880_17_v3_ryaz","04.04.2025 16:20:54","04.04.2025 16:21:28"
"YANO","61880_9_v3_ryaz","03.04.2025 9:39:18","03.04.2025 9:39:22"
"YANO","61880_9_v3_ryaz","03.04.2025 9:40:45","03.04.2025 9:40:48"
"YANO","61880_9_v3_ryaz","03.04.2025 10:06:07","03.04.2025 10:06:11"
"YANO","61880_9_v3_ryaz","03.04.2025 10:17:51","03.04.2025 10:17:55"
"YANO","61880_9_v3_ryaz","03.04.2025 10:21:37","03.04.2025 10:21:40"
"YANO","61880_10_ryaz","03.04.2025 16:17:42",
"YANO","61880_10_ryaz","03.04.2025 16:17:55",
"YANO","61880_10_ryaz","03.04.2025 16:18:10",
"YANO","61880_10_ryaz","03.04.2025 16:18:27",
"YANO","61880_10_ryaz","04.04.2025 10:18:01",
"YANO","61880_10_ryaz","04.04.2025 10:18:10",
"YANO","61880_10_ryaz","04.04.2025 10:29:27",
"BARAV","72430","04.04.2025 11:08:52","04.04.2025 11:09:53"
"BARAV","72430","04.04.2025 11:10:43","04.04.2025 11:11:31"
"BARAV","61880_10_ryaz","04.04.2025 11:18:59",
"YANO","61880_17_v3_ryaz","04.04.2025 16:31:58","04.04.2025 16:32:31"
"BKV","72601","31.03.2025 12:24:37","31.03.2025 12:24:42"
"BKV","72601","31.03.2025 13:21:37","31.03.2025 13:21:40"
"BARAV","64950_ryaz","08.04.2025 8:54:19","08.04.2025 8:54:19"
"YANO","61880_17_v3_ryaz","04.04.2025 16:22:51","04.04.2025 16:23:24"
"YANO","61880_17_v3_ryaz","04.04.2025 16:32:53","04.04.2025 16:33:27"
"BKV","72601","02.04.2025 9:43:01","02.04.2025 9:43:05"
"BKV","72601","02.04.2025 11:48:04","02.04.2025 11:48:07"
"DAV","75237","21.10.2025 16:52:41","21.10.2025 16:52:41"
"DAV","75237","21.10.2025 16:54:24","21.10.2025 16:54:25"
"DAV","75237","21.10.2025 16:55:23","21.10.2025 16:55:23"
"BARAV","64950_ryaz","08.04.2025 8:58:54","08.04.2025 8:58:55"
"AEV","61880_17_v3","11.03.2025 11:07:43","11.03.2025 11:08:36"
"AEV","64649_ryaz","20.03.2025 9:06:18","20.03.2025 9:06:19"
"YANO","61880_17_v3_ryaz","04.04.2025 16:33:57","04.04.2025 16:34:29"
"AEV","64649_ryaz","18.03.2025 17:23:06","18.03.2025 17:23:06"
"AEV","64649_ryaz","18.03.2025 17:25:07","18.03.2025 17:25:07"
"BARAV","64950_ryaz","08.04.2025 9:00:08","08.04.2025 9:00:09"
"BKV","72601","18.03.2025 6:48:36","18.03.2025 6:48:40"
"BKV","72601","18.03.2025 7:07:20","18.03.2025 7:07:23"
"YANO","61880_17_v3_ryaz","04.04.2025 16:34:51","04.04.2025 16:35:24"
"GOV","72554","18.03.2025 20:36:20","18.03.2025 20:36:21"
"GOV","72565","18.03.2025 20:37:27","18.03.2025 20:37:28"
"BARAV","64950_ryaz","08.04.2025 9:08:38","08.04.2025 9:08:38"
"AEV","64649_ryaz","14.03.2025 14:09:51","14.03.2025 14:09:52"
"AEV","61880_17_v3_ryaz","14.03.2025 14:42:06","14.03.2025 14:42:54"
"YANO","61880_17_v3_ryaz","04.04.2025 16:37:24","04.04.2025 16:37:57"
"YANO","61880_17_v3_ryaz","04.04.2025 16:38:31","04.04.2025 16:39:05"
"AEV","61880_17_v3_ryaz","12.03.2025 16:36:04","12.03.2025 16:36:40"
"ASUSE","61880_10_ryaz","04.04.2025 10:40:51",
"ASUSE","61880_10_ryaz","04.04.2025 10:43:36",
"ASUSE","61880_10_ryaz","04.04.2025 14:25:11",
"BARAV","64950_ryaz","08.04.2025 9:10:39","08.04.2025 9:10:40"
"NAM","64649_ryaz","20.03.2025 12:35:46","20.03.2025 12:35:46"
"NAM","64649_ryaz","20.03.2025 12:36:00","20.03.2025 12:36:00"
"YANO","61880_17_v3_ryaz","04.04.2025 16:39:52","04.04.2025 16:40:26"
"AEV","61880_17_v3_ryaz","12.03.2025 16:37:00","12.03.2025 16:37:36"
"GOV","74287","18.03.2025 20:37:52","18.03.2025 20:37:53"
"BARAV","61880_9_v3_ryaz","29.07.2025 9:04:34","29.07.2025 9:04:38"
"YANO","61880_10_ryaz","12.09.2025 10:12:11","12.09.2025 10:12:56"
"BARAV","64950_ryaz","08.04.2025 9:11:49","08.04.2025 9:11:49"
"NAM","64649_ryaz","20.03.2025 15:16:15","20.03.2025 15:16:15"
"BKV","72601","31.03.2025 15:08:31","31.03.2025 15:08:35"
"YANO","61880_17_v3_ryaz","04.04.2025 16:41:09","04.04.2025 16:41:42"
"GOV","72418","18.03.2025 20:39:12","18.03.2025 20:39:12"
"GOV","74610","18.03.2025 20:39:32","18.03.2025 20:39:32"
"BARAV","64950_ryaz","08.04.2025 9:12:53","08.04.2025 9:12:53"
"KNA","72595","21.03.2025 13:49:56",
"KNA","72943","21.03.2025 13:50:18","21.03.2025 13:50:20"
"NAM","61880_9_v3_ryaz","26.03.2025 10:45:51","26.03.2025 10:45:55"
"YANO","61880_17_v3_ryaz","04.04.2025 16:42:05","04.04.2025 16:42:38"
"AEV","64649_ryaz","13.03.2025 14:41:39","13.03.2025 14:41:40"
"GOV","72943","18.03.2025 20:40:16","18.03.2025 20:40:17"
"BARAV","64950_ryaz","08.04.2025 9:16:11","08.04.2025 9:16:12"
"KNA","72601","21.03.2025 13:50:41",
"KNA","72852","21.03.2025 13:51:07","21.03.2025 13:51:21"
"YANO","61880_17_v3_ryaz","04.04.2025 16:43:28","04.04.2025 16:44:01"
"GOV","72956","18.03.2025 20:40:43","18.03.2025 20:40:44"
"GOV","72601","18.03.2025 20:41:18",
"YANO","61880_10_ryaz","12.09.2025 10:30:26","12.09.2025 10:31:11"
"YANO","61880_10_ryaz","12.09.2025 10:32:39","12.09.2025 10:33:25"
"YANO","61880_10_ryaz","12.09.2025 10:39:30","12.09.2025 10:40:15"
"YANO","61880_10_ryaz","12.09.2025 10:43:58","12.09.2025 10:44:45"
"YANO","61880_10_ryaz","12.09.2025 10:50:35","12.09.2025 10:51:21"
"YANO","61880_10_ryaz","12.09.2025 10:54:10","12.09.2025 10:54:55"
"YANO","61880_10_ryaz","12.09.2025 10:59:15","12.09.2025 11:00:02"
"YANO","61880_10_ryaz","12.09.2025 11:01:37","12.09.2025 11:02:24"
"YANO","61880_10_ryaz","12.09.2025 12:25:20","12.09.2025 12:26:07"
"ASUSE","61880_9_v3_ryaz","08.12.2025 14:54:39","08.12.2025 14:54:48"
"ASUSE","61880_10_ryaz","08.12.2025 15:16:10","08.12.2025 15:16:55"
"BARAV","64950_ryaz","08.04.2025 9:18:18","08.04.2025 9:18:19"
"KNA","61880_7","21.03.2025 13:56:34",
"YANO","61880_17_v3_ryaz","04.04.2025 16:44:49","04.04.2025 16:45:22"
"ASUSE","72595","04.04.2025 14:47:27",
"NAM","64649_ryaz","11.04.2025 8:55:23","11.04.2025 8:55:23"
"NAM","64649_ryaz","11.04.2025 9:02:57","11.04.2025 9:02:58"
"TEST37","72609","11.04.2025 10:24:12","11.04.2025 10:24:14"
"ZOV","75237","21.10.2025 15:59:18","21.10.2025 15:59:18"
"GOV","74610","17.03.2025 12:19:07","17.03.2025 12:19:07"
"GOV","64948","17.03.2025 12:35:08","17.03.2025 12:35:21"
"YANO","72595","08.04.2025 12:08:45","08.04.2025 12:08:47"
"BARAV","72482","08.04.2025 15:04:38","08.04.2025 15:04:38"
"ASUSE","61880_9_v4_ryaz_json","15.01.2026 11:47:23","15.01.2026 11:47:27"
"ASUSE","72595","04.04.2025 14:47:39",
"GOV","72852","28.03.2025 15:13:30","28.03.2025 15:13:45"
"ASUSE","72609","11.04.2025 10:57:20","11.04.2025 10:57:21"
"GOV","61880_11_new","17.03.2025 12:43:05","17.03.2025 12:45:13"
"ASUSE","64649_ryaz","20.03.2025 14:59:59","20.03.2025 15:00:00"
"BARAV","72482","08.04.2025 15:05:41","08.04.2025 15:05:41"
"BARAV","72609","11.04.2025 10:12:17","11.04.2025 10:12:18"
"BARAV","64950_ryaz","08.04.2025 9:28:05","08.04.2025 9:28:06"
"TEST37","72609","11.04.2025 11:00:22","11.04.2025 11:00:23"
"TEST37","72609","11.04.2025 11:01:13","11.04.2025 11:01:14"
"ASUSE","64649_ryaz","20.03.2025 15:03:31","20.03.2025 15:03:31"
"ASUSE","64649_ryaz","20.03.2025 15:04:39","20.03.2025 15:04:40"
"ASUSE","72554","20.03.2025 18:19:10","20.03.2025 18:19:11"
"BARAV","72609","11.04.2025 10:12:46","11.04.2025 10:12:46"
"BARAV","72609","11.04.2025 10:13:06","11.04.2025 10:13:06"
"BARAV","64950_ryaz","08.04.2025 9:29:07","08.04.2025 9:29:08"
"ASUSE","72609","11.04.2025 11:47:51","11.04.2025 11:47:52"
"TEST37","72609","11.04.2025 11:49:18","11.04.2025 11:49:19"
"ASUSE","72554","20.03.2025 18:21:52","20.03.2025 18:21:53"
"ASUSE","72559","20.03.2025 18:22:10","20.03.2025 18:22:11"
"ASUSE","72554","20.03.2025 18:38:32","20.03.2025 18:38:33"
"BARAV","72544","20.03.2025 10:45:56","20.03.2025 10:45:57"
"BARAV","72609","11.04.2025 11:53:25","11.04.2025 11:53:25"
"BARAV","64950_ryaz","08.04.2025 9:33:53","08.04.2025 9:33:54"
"BKV","72601","10.03.2025 12:48:02","10.03.2025 12:48:08"
"BARAV","72609","11.04.2025 11:57:09","11.04.2025 11:57:10"
"YANO","72554","03.04.2025 9:35:56","03.04.2025 9:35:56"
"YANO","72559","03.04.2025 9:36:13","03.04.2025 9:36:13"
"YANO","72559","03.04.2025 9:36:52","03.04.2025 9:36:52"
"ASUSE","64649_ryaz","14.03.2025 9:00:55","14.03.2025 9:00:56"
"BARAV","64950_ryaz","11.04.2025 11:54:23","11.04.2025 11:54:24"
"BARAV","64950_ryaz","08.04.2025 9:37:08","08.04.2025 9:37:08"
"BARAV","72609","11.04.2025 11:59:00","11.04.2025 11:59:00"
"ASUSE","72609","11.04.2025 12:17:12","11.04.2025 12:17:13"
"YANO","72554","03.04.2025 9:58:14","03.04.2025 9:58:14"
"YANO","72554","03.04.2025 9:58:30","03.04.2025 9:58:30"
"YANO","72559","03.04.2025 10:02:03","03.04.2025 10:02:04"
"YANO","72587","04.04.2025 12:07:02","04.04.2025 12:07:03"
"YANO","72595","04.04.2025 12:17:31",
"YANO","72482","04.04.2025 15:27:48",
"BARAV","64950_ryaz","08.04.2025 9:37:46","08.04.2025 9:37:47"
"YANO","72554","03.04.2025 9:26:04","03.04.2025 9:26:05"
"YANO","72554","03.04.2025 9:29:15","03.04.2025 9:29:15"
"YANO","72554","03.04.2025 9:29:27","03.04.2025 9:29:27"
"TOA","75728","02.10.2025 16:57:27","02.10.2025 16:58:33"
"ZOV","76585","21.10.2025 16:35:29","21.10.2025 16:35:38"
"TOA","75728","01.12.2025 14:10:14","01.12.2025 14:11:16"
"YANO","64649_ryaz","03.04.2025 16:21:01","03.04.2025 16:21:01"
"YANO","61880_17_v3_ryaz","03.04.2025 16:21:43","03.04.2025 16:22:19"
"GOV","72565","19.03.2025 12:07:14","19.03.2025 12:07:15"
"GOV","72418","19.03.2025 12:08:02","19.03.2025 12:08:03"
"BARAV","72565","05.04.2025 7:09:28","05.04.2025 7:09:30"
"BKV","72601","10.03.2025 9:31:38","10.03.2025 9:31:43"
"YANO","72554","03.04.2025 9:33:15","03.04.2025 9:33:15"
"YANO","72609","04.04.2025 9:31:33","04.04.2025 9:31:33"
"YANO","72595","04.04.2025 9:32:31",
"GOV","74610","19.03.2025 12:09:42","19.03.2025 12:09:42"
"NAM","64649_ryaz","20.03.2025 16:05:01","20.03.2025 16:05:01"
"NAM","64649_ryaz","20.03.2025 17:35:50","20.03.2025 17:35:50"
"BARAV","72565","05.04.2025 7:10:28","05.04.2025 7:10:29"
"GOV","74287","17.03.2025 11:28:53","17.03.2025 11:28:54"
"GOV","74287","17.03.2025 11:29:35","17.03.2025 11:29:35"
"ASUSE","61880_9_v3_ryaz","28.11.2025 15:43:29","28.11.2025 15:43:33"
"YANO","72943","04.04.2025 9:35:17","04.04.2025 9:35:20"
"YANO","72601","04.04.2025 9:52:04","04.04.2025 9:52:10"
"YANO","61880_10_ryaz","04.04.2025 10:46:17",
"YANO","61880_10_ryaz","04.04.2025 10:48:58",
"YANO","72482","04.04.2025 10:51:42",
"BARAV","64950_ryaz","08.04.2025 9:38:38","08.04.2025 9:38:38"
"GOV","61880_17_ryaz","17.03.2025 11:31:16","17.03.2025 11:31:54"
"YANO","72601","04.04.2025 9:52:21","04.04.2025 9:52:24"
"YANO","72601","04.04.2025 9:55:18","04.04.2025 9:55:21"
"BARAV","72544","18.03.2025 13:07:20","18.03.2025 13:07:21"
"BARAV","72544","18.03.2025 13:28:20","18.03.2025 13:28:20"
"GOV","75780","11.08.2025 16:45:00","11.08.2025 16:45:06"
"GOV","75061","11.08.2025 16:46:17","11.08.2025 16:46:26"
"GOV","75780","11.08.2025 17:03:14","11.08.2025 17:03:28"
"GOV","75780","11.08.2025 17:03:48","11.08.2025 17:04:04"
"ASUSE","76300","29.08.2025 18:36:52","29.08.2025 18:36:54"
"BARAV","64950_ryaz","08.04.2025 9:39:17","08.04.2025 9:39:18"
"GOV","74287","17.03.2025 11:53:32","17.03.2025 11:53:33"
"YANO","72852","04.04.2025 10:13:45","04.04.2025 10:13:49"
"YANO","72482","04.04.2025 10:17:15",
"NAM","61880_9_v3_ryaz","31.10.2025 12:07:44","31.10.2025 12:07:49"
"GOV","75780","21.01.2026 8:25:12","21.01.2026 8:25:18"
"GOV","75780","21.01.2026 8:32:25","21.01.2026 8:32:30"
"KNA","61880_9_v3_ryaz_gp","28.01.2026 15:21:11","28.01.2026 15:21:14"
"BARAV","72544","18.03.2025 13:32:15","18.03.2025 13:32:16"
"ASUSE","72482","04.04.2025 10:39:33","04.04.2025 10:39:34"
"BARAV","64950_ryaz","08.04.2025 9:39:43","08.04.2025 9:39:44"
"GOV","74287","17.03.2025 11:53:57","17.03.2025 11:53:58"
"GOV","72418","17.03.2025 11:54:21","17.03.2025 11:54:21"
"BARAV","72565","04.04.2025 11:00:36","04.04.2025 11:00:37"
"BARAV","74287","04.04.2025 11:03:06","04.04.2025 11:03:07"
"REE","72544","18.03.2025 14:01:01","18.03.2025 14:01:02"
"REE","72544","18.03.2025 14:02:30","18.03.2025 14:02:31"
"BARAV","64950_ryaz","08.04.2025 9:40:27","08.04.2025 9:40:28"
"BARAV","74610","08.04.2025 9:43:46","08.04.2025 9:43:46"
"NAM","61880_9_v3_ryaz","08.04.2025 12:50:52","08.04.2025 12:50:56"
"NAM","61880_9_v3_ryaz","08.04.2025 12:53:27","08.04.2025 12:53:30"
"TEST37","61880_10_ryaz","08.04.2025 13:04:25",
"TEST37","61880_10_ryaz","08.04.2025 13:05:26",
"TEST37","61880_10_ryaz","08.04.2025 13:06:49","08.04.2025 13:07:44"
"YANO","75780","11.08.2025 15:54:48","11.08.2025 15:54:54"
"YANO","75780","11.08.2025 15:55:09","11.08.2025 15:55:15"
"YANO","61880_17_ryaz","17.09.2025 16:40:13","17.09.2025 16:40:37"
"BARAV","75780","30.09.2025 12:04:35",
"YANO","74287","12.03.2025 11:42:42","12.03.2025 11:42:43"
"GOV","72852","17.03.2025 11:55:11","17.03.2025 11:55:23"
"BARAV","72418","04.04.2025 11:12:18","04.04.2025 11:12:19"
"BARAV","74610","04.04.2025 11:16:01","04.04.2025 11:16:02"
"REE","72544","18.03.2025 14:04:21","18.03.2025 14:04:21"
"REE","72544","18.03.2025 14:05:53","18.03.2025 14:05:54"
"BARAV","72595","08.04.2025 12:06:54","08.04.2025 12:06:58"
"YANO","72482","08.04.2025 12:07:26",
"BARAV","75780","30.09.2025 12:04:55",
"BARAV","75780","30.09.2025 12:05:08",
"TOA","75728","06.10.2025 11:19:52","06.10.2025 11:20:52"
"ZOV","75227","21.10.2025 10:29:30","21.10.2025 10:29:31"
"ZOV","75227","21.10.2025 10:30:08","21.10.2025 10:30:09"
"ZOV","75227","21.10.2025 10:30:57","21.10.2025 10:30:57"
"AEV","64649_ryaz","13.03.2025 11:50:35","13.03.2025 11:50:36"
"GOV","61880_17_v3_ryaz","17.03.2025 12:00:16","17.03.2025 12:00:53"
"BARAV","72609","04.04.2025 11:19:15","04.04.2025 11:19:15"
"BARAV","72595","04.04.2025 12:25:10",
"ASUSE","72482","04.04.2025 10:39:52","04.04.2025 10:39:52"
"YANO","61880_17_v3_ryaz","04.04.2025 14:25:21","04.04.2025 14:25:57"
"NAM","64649_ryaz","08.04.2025 12:37:15","08.04.2025 12:37:16"
"ASUSE","74610","08.04.2025 18:12:53","08.04.2025 18:12:55"
"NAM","64649_ryaz","10.04.2025 17:25:09","10.04.2025 17:25:10"
"ZOV","75227","21.10.2025 10:49:05","21.10.2025 10:49:06"
"ZOV","75237","21.10.2025 10:54:43","21.10.2025 10:54:43"
"ZOV","75237","21.10.2025 10:55:56","21.10.2025 10:55:56"
"ZOV","75237","21.10.2025 11:12:09","21.10.2025 11:12:10"
"ZOV","75227","21.10.2025 12:54:43","21.10.2025 12:54:45"
"ZOV","75227","21.10.2025 14:25:10","21.10.2025 14:25:10"
"ZOV","75237","21.10.2025 14:51:25","21.10.2025 14:51:25"
"GOV","61880_13","17.03.2025 12:08:31","17.03.2025 12:08:34"
"GOV","74287","17.03.2025 12:10:45","17.03.2025 12:10:46"
"MVO","75041","23.04.2025 14:30:07","23.04.2025 14:30:26"
"MVO","76300","16.09.2025 8:39:41","16.09.2025 8:39:49"
"BARAV","76300","16.09.2025 11:19:24","16.09.2025 11:19:24"
"ASUSE","72554","04.04.2025 14:56:49","04.04.2025 14:56:50"
"BARAV","72482","04.04.2025 15:09:01",
"ASUSE","74287","04.04.2025 14:39:40","04.04.2025 14:39:42"
"YANO","61880_17_v3_ryaz","04.04.2025 14:45:39","04.04.2025 14:46:13"
"TEST37","74610","08.04.2025 13:57:56","08.04.2025 13:58:11"
"TEST37","72482","08.04.2025 14:47:15","08.04.2025 14:47:16"
"YANO","61880_17_v3_ryaz","17.03.2025 11:17:32","17.03.2025 11:18:05"
"GOV","72956","17.03.2025 12:16:12","17.03.2025 12:16:12"
"ASUSE","72554","04.04.2025 16:37:07","04.04.2025 16:37:08"
"AEV","61880_17_v3_ryaz","07.04.2025 15:24:04","07.04.2025 15:24:37"
"YANO","61880_17_v3_ryaz","04.04.2025 14:46:52","04.04.2025 14:47:25"
"ASUSE","72595","04.04.2025 14:47:16",
"BARAV","61880_10_ryaz","04.04.2025 15:27:09",
"NAM","64649_ryaz","29.04.2025 12:37:43","29.04.2025 12:37:43"
"BKV","74610","02.06.2025 11:01:10","02.06.2025 11:01:11"
"BKV","74610","02.06.2025 11:06:50","02.06.2025 11:06:50"
"MVO","75237","23.04.2025 12:44:05","23.04.2025 12:44:05"
"ASUSE","75061","06.05.2025 12:28:17","06.05.2025 12:28:31"
"BARAV","64950_ryaz","26.05.2025 16:50:08","26.05.2025 16:50:08"
"BARAV","64950_ryaz","24.04.2025 15:31:49","24.04.2025 15:31:50"
"BKV","72601","21.05.2025 10:04:19","21.05.2025 10:04:23"
"BKV","74610","02.06.2025 11:12:32","02.06.2025 11:12:33"
"BKV","74610","02.06.2025 11:22:27","02.06.2025 11:22:28"
"BKV","74610","02.06.2025 11:52:20","02.06.2025 11:52:21"
"TSA","64455_1","23.04.2025 15:23:52","23.04.2025 15:23:53"
"TSA","72956","23.04.2025 15:24:29","23.04.2025 15:24:30"
"BARAV","64950_ryaz","26.05.2025 16:50:28","26.05.2025 16:50:28"
"BKV","72601","21.05.2025 10:28:56","21.05.2025 10:29:00"
"BKV","72601","21.05.2025 11:05:09","21.05.2025 11:05:13"
"TOA","75728","13.08.2025 14:13:15","13.08.2025 14:14:16"
"ASUSE","72609","11.04.2025 12:58:42","11.04.2025 12:58:43"
"ASUSE","72601","21.04.2025 11:57:27","21.04.2025 11:57:33"
"BKV","74610","30.04.2025 13:48:36","30.04.2025 13:48:37"
"BKV","74610","30.04.2025 14:00:47","30.04.2025 14:00:47"
"ASUSE","74610","30.04.2025 19:33:13","30.04.2025 19:33:14"
"BARAV","64950_ryaz","26.05.2025 16:50:49","26.05.2025 16:50:49"
"BKV","72601","21.05.2025 11:40:09","21.05.2025 11:40:13"
"BKV","72601","21.05.2025 12:48:02","21.05.2025 12:48:06"
"ASUSE","72601","21.04.2025 12:46:28","21.04.2025 12:46:32"
"ASUSE","72601","22.04.2025 12:14:21","22.04.2025 12:14:25"
"ASUSE","74610","30.04.2025 19:42:23","30.04.2025 19:42:25"
"ASUSE","72601","06.05.2025 10:53:47","06.05.2025 10:53:52"
"ASUSE","61880_1","18.04.2025 17:29:08","18.04.2025 17:29:26"
"ASUSE","72601","18.04.2025 17:29:41","18.04.2025 17:29:44"
"ASUSE","61880_10_ryaz","15.12.2025 11:06:42","15.12.2025 11:07:26"
"AEV","61880_9_v4_ryaz_json","29.01.2026 15:29:33","29.01.2026 15:29:38"
"AEV","61880_9_v4_ryaz_json","29.01.2026 15:31:43","29.01.2026 15:31:50"
"AEV","61880_9_v4_ryaz_json","29.01.2026 15:32:21","29.01.2026 15:32:27"
"AEV","61880_9_v4_ryaz_json","29.01.2026 15:33:08","29.01.2026 15:33:12"
"AEV","61880_9_v4_ryaz_json","29.01.2026 15:34:21","29.01.2026 15:34:27"
"AEV","61880_9_v4_ryaz_json","29.01.2026 15:37:15","29.01.2026 15:37:19"
"BKV","72601","26.05.2025 9:23:09","26.05.2025 9:23:14"
"ASUSE","64950_ryaz","26.05.2025 13:13:54","26.05.2025 13:13:54"
"ASUSE","72587","28.05.2025 14:54:26","28.05.2025 14:54:26"
"BKV","74610","02.06.2025 11:56:31","02.06.2025 11:56:31"
"BKV","74610","02.06.2025 12:48:25","02.06.2025 12:48:25"
"ASUSE","72601","06.05.2025 11:58:43","06.05.2025 11:58:47"
"BKV","72601","23.05.2025 10:50:58","23.05.2025 10:51:03"
"ASUSE","72601","17.04.2025 17:54:12","17.04.2025 17:54:17"
"ASUSE","61880_1","17.04.2025 18:25:13","17.04.2025 18:25:32"
"BARAV","64950_ryaz","26.05.2025 16:51:37","26.05.2025 16:51:37"
"SSN","75227","15.05.2025 8:11:56","15.05.2025 8:11:56"
"BKV","74610","02.06.2025 12:58:05","02.06.2025 12:58:05"
"BKV","72554","23.05.2025 13:58:27","23.05.2025 13:58:27"
"BKV","72554","23.05.2025 13:58:45","23.05.2025 13:58:46"
"BKV","72559","23.05.2025 13:59:17","23.05.2025 13:59:18"
"ASUSE","72601","17.04.2025 18:37:23","17.04.2025 18:37:27"
"ASUSE","72601","17.04.2025 18:43:52","17.04.2025 18:43:56"
"BKV","61880_9_v3_ryaz","15.07.2025 15:32:04","15.07.2025 15:32:07"
"BKV","61880_9_v3_ryaz","15.07.2025 15:37:50","15.07.2025 15:37:54"
"BARAV","64950_ryaz","26.05.2025 16:52:15","26.05.2025 16:52:16"
"BKV","74610","02.06.2025 14:00:58","02.06.2025 14:00:58"
"BKV","74610","02.06.2025 14:04:58","02.06.2025 14:04:58"
"BKV","74610","02.06.2025 14:15:11","02.06.2025 14:15:11"
"GOV","61880_10_ryaz","05.11.2025 8:31:35","05.11.2025 8:32:26"
"GOV","75780","20.01.2026 9:22:36","20.01.2026 9:22:43"
"GOV","75780","20.01.2026 10:29:29","20.01.2026 10:29:34"
"GOV","75780","20.01.2026 10:29:49","20.01.2026 10:29:54"
"GOV","75780","20.01.2026 11:04:15","20.01.2026 11:04:20"
"GOV","75780","20.01.2026 12:22:08","20.01.2026 12:22:14"
"GOV","75780","20.01.2026 12:24:08","20.01.2026 12:24:14"
"GOV","75780","20.01.2026 12:39:44","20.01.2026 12:39:49"
"GOV","75780","20.01.2026 12:40:15","20.01.2026 12:40:20"
"BARAV","72587","26.05.2025 15:56:32","26.05.2025 15:56:33"
"BARAV","74610","26.05.2025 15:58:32","26.05.2025 15:58:33"
"BARAV","74610","26.05.2025 15:59:01","26.05.2025 15:59:01"
"ASUSE","61880_1","18.04.2025 17:53:27","18.04.2025 17:53:43"
"ASUSE","61880_1","18.04.2025 17:55:44","18.04.2025 17:56:00"
"ASUSE","72595","26.05.2025 18:23:35","26.05.2025 18:23:42"
"BARAV","72601","27.05.2025 13:57:47","27.05.2025 13:57:51"
"BKV","74610","02.06.2025 14:18:43","02.06.2025 14:18:44"
"BKV","74610","02.06.2025 15:34:47","02.06.2025 15:34:48"
"BKV","74610","02.06.2025 15:38:32","02.06.2025 15:38:32"
"GOV","75780","20.01.2026 14:32:42","20.01.2026 14:32:49"
"GOV","75780","20.01.2026 14:33:03","20.01.2026 14:33:09"
"GOV","75780","20.01.2026 14:45:25","20.01.2026 14:45:31"
"GOV","75780","20.01.2026 14:45:38","20.01.2026 14:45:43"
"FED","75780","22.01.2026 14:43:23","22.01.2026 14:43:29"
"FED","75780","22.01.2026 14:51:18","22.01.2026 14:51:24"
"BARAV","72482","26.05.2025 16:03:35","26.05.2025 16:03:36"
"BARAV","72609","26.05.2025 16:04:23","26.05.2025 16:04:23"
"ASUSE","72601","18.04.2025 18:06:49","18.04.2025 18:06:53"
"ASUSE","72601","18.04.2025 18:10:08","18.04.2025 18:10:11"
"SSN","75041","24.04.2025 9:23:33","24.04.2025 9:23:51"
"BKV","72587","28.05.2025 9:33:29","28.05.2025 9:33:30"
"BKV","72587","28.05.2025 10:01:58","28.05.2025 10:01:58"
"BKV","72601","22.04.2025 8:04:57","22.04.2025 8:05:04"
"ASUSE","74610","30.04.2025 19:20:49","30.04.2025 19:20:52"
"BARAV","64950_ryaz","26.05.2025 16:43:29","26.05.2025 16:43:30"
"ASUSE","72601","18.04.2025 18:34:57","18.04.2025 18:35:01"
"NAM","64649_ryaz","21.04.2025 8:52:17","21.04.2025 8:52:17"
"YANO","72852","28.05.2025 15:13:40","28.05.2025 15:13:45"
"BKV","72852","30.05.2025 11:27:31","30.05.2025 11:27:36"
"ASUSE","72601","18.04.2025 17:01:08","18.04.2025 17:01:14"
"ASUSE","72601","18.04.2025 17:08:12","18.04.2025 17:08:17"
"BARAV","64950_ryaz","26.05.2025 16:46:11","26.05.2025 16:46:11"
"KNA","61880_7","21.04.2025 11:09:32",
"BKV","72601","23.04.2025 12:35:40","23.04.2025 12:35:46"
"ASUSE","72852","30.05.2025 11:28:16","30.05.2025 11:28:21"
"BKV","72554","30.05.2025 11:46:43","30.05.2025 11:46:43"
"ASUSE","72554","30.05.2025 11:46:47","30.05.2025 11:46:47"
"ASUSE","72601","18.04.2025 17:31:21","18.04.2025 17:31:25"
"BARAV","74610","22.04.2025 18:12:05","22.04.2025 18:12:06"
"BARAV","64950_ryaz","26.05.2025 16:46:37","26.05.2025 16:46:37"
"BKV","72601","23.04.2025 12:36:17","23.04.2025 12:36:21"
"BKV","72601","25.04.2025 15:56:33","25.04.2025 15:56:38"
"ASUSE","72554","30.05.2025 11:47:05","30.05.2025 11:47:06"
"BKV","72559","30.05.2025 11:47:08","30.05.2025 11:47:08"
"BKV","72554","30.05.2025 11:50:41","30.05.2025 11:50:41"
"TSA","76222","05.09.2025 14:35:41","05.09.2025 14:35:42"
"TSA","76222","05.09.2025 14:37:59","05.09.2025 14:38:00"
"YANO","72257","17.04.2025 8:56:43","17.04.2025 8:56:51"
"YANO","72257","17.04.2025 8:57:19","17.04.2025 8:57:24"
"BARAV","72943","22.04.2025 18:13:53","22.04.2025 18:13:55"
"SOV","75780","24.10.2025 9:52:21","24.10.2025 9:52:47"
"SOV","64949","24.10.2025 10:02:58","24.10.2025 10:03:02"
"YANO","61880_9_v4_ryaz_json","24.12.2025 16:43:56","24.12.2025 16:44:02"
"BARAV","64950_ryaz","26.05.2025 16:47:18","26.05.2025 16:47:18"
"ASUSE","61880_1","15.04.2025 19:48:13","15.04.2025 19:48:31"
"MVO","75227","18.04.2025 12:19:50","18.04.2025 12:19:51"
"ASUSE","72554","30.05.2025 11:50:51","30.05.2025 11:50:52"
"BKV","72559","30.05.2025 12:00:05","30.05.2025 12:00:05"
"ASUSE","72559","30.05.2025 12:01:37","30.05.2025 12:01:38"
"TSA","66806","23.04.2025 15:21:52","23.04.2025 15:21:52"
"TSA","72943","23.04.2025 15:22:53","23.04.2025 15:22:54"
"YANO","61880_9_v4_ryaz_json","24.12.2025 16:51:18","24.12.2025 16:51:21"
"YANO","61880_10_ryaz","24.12.2025 17:07:41","24.12.2025 17:08:22"
"YANO","61880_17_ryaz","24.12.2025 17:17:24","24.12.2025 17:17:47"
"BARAV","61880_9_v4_ryaz_json","21.01.2026 12:31:06","21.01.2026 12:31:13"
"BARAV","61880_9_v3_ryaz","21.01.2026 12:33:15","21.01.2026 12:33:22"
"BARAV","64950_ryaz","26.05.2025 16:48:20","26.05.2025 16:48:20"
"BKV","72601","25.04.2025 16:07:24","25.04.2025 16:07:28"
"BKV","72601","25.04.2025 16:09:56","25.04.2025 16:10:00"
"ASUSE","72559","30.05.2025 12:02:03","30.05.2025 12:02:04"
"ASUSE","72559","30.05.2025 12:17:42","30.05.2025 12:17:43"
"ASUSE","72559","30.05.2025 12:18:57","30.05.2025 12:18:58"
"MVO","75237","23.04.2025 11:48:08","23.04.2025 11:48:09"
"MVO","75237","23.04.2025 12:13:05","23.04.2025 12:13:05"
"BARAV","64950_ryaz","26.05.2025 16:48:30","26.05.2025 16:48:31"
"BKV","72601","25.04.2025 16:11:36","25.04.2025 16:11:39"
"BKV","72601","21.05.2025 9:54:18","21.05.2025 9:54:25"
"YANO","61880_10_ryaz","03.09.2025 10:41:39","03.09.2025 10:42:28"
"YANO","61880_10_ryaz","03.09.2025 10:42:59","03.09.2025 10:43:47"
"ASUSE","72559","30.05.2025 12:20:12","30.05.2025 12:20:12"
"ASUSE","72559","30.05.2025 12:20:46","30.05.2025 12:20:47"
"ASUSE","72559","30.05.2025 12:21:09","30.05.2025 12:21:10"
"ASUSE","72601","22.04.2025 15:35:30","22.04.2025 15:35:34"
"ASUSE","72601","22.04.2025 15:59:52","22.04.2025 15:59:56"
"SSN","75041","29.10.2025 11:39:55","29.10.2025 11:40:32"
"SSN","75041","29.10.2025 11:42:30","29.10.2025 11:43:09"
"ZOV","76929","06.11.2025 16:35:36","06.11.2025 16:35:37"
"ZOV","76929","06.11.2025 16:38:01","06.11.2025 16:38:01"
"KNA","76607","19.11.2025 9:46:39","19.11.2025 9:46:42"
"ASUSE","61880_9_v3_ryaz","01.12.2025 9:21:34","01.12.2025 9:21:39"
"BARAV","74287_long","10.12.2025 14:05:43","10.12.2025 14:05:44"
"YANO","61880_9_v4_ryaz_json","30.12.2025 10:16:07","30.12.2025 10:16:11"
"YANO","61880_9_v4_ryaz_json","30.12.2025 13:53:51","30.12.2025 13:53:56"
"BARAV","64950_ryaz","26.05.2025 16:49:27","26.05.2025 16:49:27"
"BARAV","72609","11.04.2025 13:36:50","11.04.2025 13:36:51"
"BARAV","72565","11.04.2025 13:45:32","11.04.2025 13:45:33"
"ASUSE","72559","30.05.2025 12:22:15","30.05.2025 12:22:15"
"ASUSE","72559","30.05.2025 15:38:21","30.05.2025 15:38:22"
"BKV","74610","02.06.2025 10:16:59","02.06.2025 10:17:00"
"ASUSE","72601","22.04.2025 16:01:44","22.04.2025 16:01:48"
"ASUSE","72601","22.04.2025 16:05:46","22.04.2025 16:05:50"
"ZOV","76929","12.01.2026 15:52:35","12.01.2026 15:52:36"
"BARAV","64950_ryaz","26.05.2025 16:49:49","26.05.2025 16:49:49"
"BARAV","72554","23.05.2025 13:43:05","23.05.2025 13:43:05"
"BARAV","72554","23.05.2025 13:43:38","23.05.2025 13:43:38"
"BARAV","72554","23.05.2025 13:44:36","23.05.2025 13:44:36"
"SSN","75041","23.04.2025 14:31:05","23.04.2025 14:31:23"
"SSN","63051","23.04.2025 15:26:49","23.04.2025 15:26:50"
"SSN","462359_rep","23.04.2025 15:27:41","23.04.2025 15:27:55"
"BARAV","72943","10.06.2025 11:58:41","10.06.2025 11:58:41"
"BARAV","72943","10.06.2025 11:59:05","10.06.2025 11:59:06"
"ASUSE","72601","21.04.2025 18:29:25","21.04.2025 18:29:29"
"YANO","61880_17_v3_ryaz","22.04.2025 16:42:19","22.04.2025 16:42:54"
"MVO","75041","14.10.2025 17:30:36","14.10.2025 17:30:36"
"ASUSE","75041","30.10.2025 16:28:53","30.10.2025 16:29:25"
"AEV","61880_9_v4_ryaz_json","28.01.2026 9:49:42","28.01.2026 9:49:50"
"AEV","61880_9_v4_ryaz_json","28.01.2026 9:50:54","28.01.2026 9:51:01"
"AEV","61880_17_v3_ryaz","13.05.2025 17:11:55","13.05.2025 17:12:30"
"ASUSE","74610","02.06.2025 14:47:36","02.06.2025 14:47:36"
"BARAV","72554","23.05.2025 13:45:31","23.05.2025 13:45:31"
"BARAV","72554","23.05.2025 13:45:56","23.05.2025 13:45:57"
"BARAV","72559","23.05.2025 13:59:22","23.05.2025 13:59:22"
"BARAV","72559","10.06.2025 15:48:23","10.06.2025 15:48:23"
"BARAV","72554","10.06.2025 16:03:48","10.06.2025 16:03:48"
"BARAV","72554","10.06.2025 16:04:10","10.06.2025 16:04:11"
"BKV","72609","22.04.2025 16:43:01","22.04.2025 16:43:02"
"BKV","72609","22.04.2025 16:43:51","22.04.2025 16:43:52"
"ASUSE","74610","02.06.2025 14:49:16","02.06.2025 14:49:17"
"ASUSE","74610","02.06.2025 14:51:02","02.06.2025 14:51:03"
"ASUSE","74610","02.06.2025 15:43:32","02.06.2025 15:43:33"
"BARAV","61880_9_v3_ryaz","16.09.2025 16:32:25","16.09.2025 16:32:29"
"BARAV","61880_9_v3_ryaz","16.09.2025 16:32:52","16.09.2025 16:32:56"
"BARAV","61880_9_v3_ryaz","16.09.2025 16:33:33","16.09.2025 16:33:38"
"ASUSE","72601","26.05.2025 18:03:31","26.05.2025 18:03:36"
"BKV","72587","28.05.2025 10:07:47","28.05.2025 10:07:48"
"BKV","72852","11.06.2025 6:48:21","11.06.2025 6:48:27"
"YANO","72852","11.06.2025 11:47:28","11.06.2025 11:47:32"
"BKV","72609","22.04.2025 16:47:50","22.04.2025 16:47:51"
"YANO","72482","22.04.2025 16:49:46","22.04.2025 16:49:52"
"ASUSE","61880_9_v3_ryaz_gp","29.01.2026 18:12:19","29.01.2026 18:12:23"
"ASUSE","72601","18.04.2025 18:14:59","18.04.2025 18:15:04"
"ASUSE","72601","18.04.2025 18:16:34","18.04.2025 18:16:39"
"BKV","72587","28.05.2025 10:21:26","28.05.2025 10:21:27"
"BKV","72587","28.05.2025 10:35:33","28.05.2025 10:35:33"
"BKV","72587","28.05.2025 10:42:53","28.05.2025 10:42:54"
"YANO","72852","11.06.2025 11:47:44","11.06.2025 11:47:48"
"ASUSE","72587","11.06.2025 13:51:24","11.06.2025 13:51:25"
"DAV","75237","23.04.2025 12:42:39","23.04.2025 12:42:39"
"DAV","75237","23.04.2025 12:43:20","23.04.2025 12:43:20"
"ASUSE","72601","18.04.2025 18:17:25","18.04.2025 18:17:29"
"ASUSE","72601","18.04.2025 18:27:32","18.04.2025 18:27:36"
"BKV","72587","28.05.2025 11:09:23","28.05.2025 11:09:24"
"BKV","72587","28.05.2025 11:15:02","28.05.2025 11:15:03"
"BKV","72587","28.05.2025 11:25:01","28.05.2025 11:25:01"
"ASUSE","72587","11.06.2025 13:52:19","11.06.2025 13:52:20"
"TSA","72601","13.06.2025 9:37:07","13.06.2025 9:37:12"
"GOV","75141","20.05.2025 11:57:56","20.05.2025 11:58:02"
"GOV","61880_15","20.05.2025 13:20:57","20.05.2025 13:20:57"
"ASUSE","72609","11.04.2025 12:17:23","11.04.2025 12:17:24"
"ASUSE","72609","11.04.2025 12:17:32","11.04.2025 12:17:32"
"BKV","72587","28.05.2025 11:45:03","28.05.2025 11:45:04"
"BKV","72587","28.05.2025 11:48:53","28.05.2025 11:48:54"
"TSA","72601","13.06.2025 9:37:42","13.06.2025 9:37:45"
"TSA","72601","13.06.2025 15:35:55","13.06.2025 15:35:59"
"TOA","75061_v2","20.10.2025 14:32:57","20.10.2025 14:32:57"
"GOV","75780","22.10.2025 8:56:44","22.10.2025 8:57:09"
"GOV","75780","22.10.2025 9:11:20","22.10.2025 9:11:45"
"GOV","75780","22.10.2025 10:18:56","22.10.2025 10:19:18"
"GOV","75780","22.10.2025 10:36:59","22.10.2025 10:37:05"
"ZOV","76585","23.10.2025 8:42:41","23.10.2025 8:42:57"
"ZOV","76585","23.10.2025 9:15:47","23.10.2025 9:15:48"
"ZOV","76585","23.10.2025 10:52:59","23.10.2025 10:53:00"
"GOV","61880_13","20.05.2025 13:22:48","20.05.2025 13:22:57"
"GOV","75141","20.05.2025 14:53:10","20.05.2025 14:53:11"
"ASUSE","72609","11.04.2025 12:18:13","11.04.2025 12:18:14"
"ASUSE","72609","11.04.2025 12:19:16","11.04.2025 12:19:17"
"YANO","61880_17_v3_ryaz","29.05.2025 11:20:22","29.05.2025 11:20:57"
"BKV","74610","02.06.2025 15:40:38","02.06.2025 15:40:38"
"ASUSE","72257","15.04.2025 18:31:25","15.04.2025 18:31:32"
"ASUSE","72257","15.04.2025 18:31:42","15.04.2025 18:31:49"
"GOV","75141","20.05.2025 15:01:53","20.05.2025 15:01:57"
"BKV","74610","27.05.2025 7:46:20","27.05.2025 7:46:21"
"BKV","72587","27.05.2025 11:03:23","27.05.2025 11:03:24"
"NAM","64649_ryaz","16.04.2025 16:26:15","16.04.2025 16:26:16"
"ASUSE","72601","18.04.2025 18:34:59","18.04.2025 18:35:03"
"BKV","74610","02.06.2025 15:43:51","02.06.2025 15:43:51"
"BKV","74610","02.06.2025 15:59:08","02.06.2025 15:59:08"
"BKV","74610","02.06.2025 16:00:22","02.06.2025 16:00:22"
"GOV","75061","09.07.2025 16:23:14","09.07.2025 16:23:14"
"GOV","75061","09.07.2025 16:59:57","09.07.2025 16:59:57"
"GOV","75061","09.07.2025 17:00:19","09.07.2025 17:00:19"
"GOV","75061","09.07.2025 17:00:50","09.07.2025 17:00:51"
"GOV","75061","09.07.2025 17:03:25","09.07.2025 17:03:37"
"ASUSE","72601","15.04.2025 18:34:15","15.04.2025 18:34:20"
"ASUSE","72601","15.04.2025 18:37:23","15.04.2025 18:37:27"
"GOV","75780","14.08.2025 14:15:15","14.08.2025 14:15:32"
"GOV","75780","14.08.2025 14:30:09","14.08.2025 14:30:24"
"GOV","75780","14.08.2025 14:34:45","14.08.2025 14:35:01"
"GOV","75780","14.08.2025 14:46:47","14.08.2025 14:47:02"
"GOV","75780","14.08.2025 15:30:26","14.08.2025 15:30:33"
"GOV","75780","14.08.2025 15:31:52","14.08.2025 15:31:58"
"GOV","75780","14.08.2025 15:36:06","14.08.2025 15:36:20"
"GOV","75780","14.08.2025 15:36:36","14.08.2025 15:36:49"
"BKV","72587","27.05.2025 15:17:21","27.05.2025 15:17:22"
"YANO","72601","27.05.2025 15:39:29","27.05.2025 15:39:33"
"DAV","75237","21.04.2025 12:49:18","21.04.2025 12:49:19"
"DAV","75237","21.04.2025 14:13:56","21.04.2025 14:13:56"
"SSN","75041","12.05.2025 11:14:13","12.05.2025 11:14:31"
"SSN","75041","12.05.2025 11:18:48","12.05.2025 11:19:07"
"BKV","72852","04.06.2025 13:42:37","04.06.2025 13:42:43"
"BARAV","72554","04.06.2025 14:00:59","04.06.2025 14:00:59"
"ASUSE","72601","15.04.2025 18:39:13","15.04.2025 18:39:16"
"ASUSE","72601","15.04.2025 18:39:33","15.04.2025 18:39:37"
"YANO","72852","27.05.2025 15:41:58","27.05.2025 15:42:03"
"YANO","72852","27.05.2025 15:48:35","27.05.2025 15:48:40"
"DAV","75237","21.04.2025 14:42:06","21.04.2025 14:42:06"
"ASUSE","74610","21.04.2025 17:39:36","21.04.2025 17:39:37"
"BARAV","72559","04.06.2025 14:37:04","04.06.2025 14:37:04"
"BARAV","64950_ryaz","04.06.2025 14:52:11","04.06.2025 14:52:12"
"GOV","75728","04.07.2025 14:26:16","04.07.2025 14:27:30"
"BKV","72601","16.04.2025 13:57:21","16.04.2025 13:57:28"
"BKV","72601","16.04.2025 14:01:07","16.04.2025 14:01:11"
"YANO","72601","27.05.2025 15:53:15","27.05.2025 15:53:19"
"YANO","72943","27.05.2025 15:57:51","27.05.2025 15:57:53"
"ASUSE","72601","22.04.2025 12:45:04","22.04.2025 12:45:08"
"ASUSE","72601","22.04.2025 12:49:02","22.04.2025 12:49:06"
"BARAV","61880_14","04.06.2025 15:08:42","04.06.2025 15:08:45"
"BKV","72559","04.06.2025 15:20:52","04.06.2025 15:20:52"
"BKV","72601","22.04.2025 8:46:09","22.04.2025 8:46:13"
"BKV","72601","22.04.2025 9:06:52","22.04.2025 9:06:56"
"ZOV","76585","31.10.2025 8:55:49","31.10.2025 8:56:05"
"ZOV","76929","31.10.2025 11:22:48","31.10.2025 11:22:48"
"ZOV","76929","31.10.2025 11:48:25","31.10.2025 11:48:26"
"ZOV","76929","31.10.2025 11:52:22","31.10.2025 11:52:23"
"ZOV","76929","31.10.2025 12:16:32","31.10.2025 12:16:32"
"ZOV","76929","31.10.2025 12:18:54","31.10.2025 12:18:54"
"SSN","75041","14.01.2026 8:08:53","14.01.2026 8:08:55"
"SSN","75041","14.01.2026 8:19:13","14.01.2026 8:19:21"
"BKV","72852","28.05.2025 7:29:02","28.05.2025 7:29:09"
"BKV","72587","28.05.2025 9:05:28","28.05.2025 9:05:29"
"ASUSE","72601","25.04.2025 16:21:27","25.04.2025 16:21:32"
"NAM","61880_17_v3_ryaz","02.05.2025 14:25:51","02.05.2025 14:26:26"
"YANO","61880_17_ryaz","29.05.2025 12:09:45","29.05.2025 12:10:10"
"BARAV","61880_13","04.06.2025 15:54:34","04.06.2025 15:54:38"
"GOV","75141","04.06.2025 16:10:32","04.06.2025 16:10:37"
"BKV","72601","22.04.2025 14:03:06","22.04.2025 14:03:10"
"BKV","72601","22.04.2025 16:11:07","22.04.2025 16:11:11"
"BKV","72587","28.05.2025 9:10:13","28.05.2025 9:10:14"
"BKV","72587","28.05.2025 9:17:27","28.05.2025 9:17:28"
"BKV","72587","28.05.2025 9:19:43","28.05.2025 9:19:44"
"BARAV","72544","23.05.2025 13:37:31","23.05.2025 13:37:32"
"BARAV","72554","23.05.2025 13:39:42","23.05.2025 13:39:42"
"GOV","75141","04.06.2025 16:12:20","04.06.2025 16:12:22"
"BKV","72559","05.06.2025 7:47:23","05.06.2025 7:47:24"
"BKV","72601","22.04.2025 16:12:06","22.04.2025 16:12:11"
"BKV","72601","22.04.2025 16:17:09","22.04.2025 16:17:13"
"BKV","72587","28.05.2025 9:36:58","28.05.2025 9:36:59"
"BKV","72587","28.05.2025 9:43:10","28.05.2025 9:43:10"
"BKV","72587","28.05.2025 9:51:11","28.05.2025 9:51:12"
"BARAV","72554","23.05.2025 13:40:37","23.05.2025 13:40:37"
"BARAV","72559","23.05.2025 13:41:09","23.05.2025 13:41:09"
"BARAV","72559","23.05.2025 13:42:12","23.05.2025 13:42:12"
"BKV","72601","09.06.2025 12:36:51","09.06.2025 12:36:58"
"ASUSE","72601","09.06.2025 12:46:12","09.06.2025 12:46:17"
"BARAV","72609","11.04.2025 12:34:20","11.04.2025 12:34:20"
"BARAV","72609","11.04.2025 12:58:32","11.04.2025 12:58:32"
"BKV","72587","28.05.2025 9:57:20","28.05.2025 9:57:21"
"BKV","72587","28.05.2025 10:00:18","28.05.2025 10:00:19"
"BKV","74610","03.06.2025 6:48:46","03.06.2025 6:48:47"
"MVO","75237","25.04.2025 15:04:52","25.04.2025 15:04:53"
"NAM","64649_ryaz","30.04.2025 11:42:55","30.04.2025 11:42:56"
"ASUSE","72559","05.06.2025 13:04:28","05.06.2025 13:04:29"
"TSA","72601","09.06.2025 15:58:54","09.06.2025 15:58:59"
"ASUSE","64649_ryaz","16.04.2025 17:14:32","16.04.2025 17:14:32"
"ASUSE","64649_ryaz","16.04.2025 17:32:12","16.04.2025 17:32:13"
"BKV","74610","03.06.2025 8:06:34","03.06.2025 8:06:34"
"BKV","74610","03.06.2025 8:49:44","03.06.2025 8:49:44"
"BKV","72601","06.05.2025 7:05:21","06.05.2025 7:05:27"
"BKV","72601","06.05.2025 11:42:54","06.05.2025 11:42:58"
"YANO","61880_10_ryaz","03.09.2025 11:18:22","03.09.2025 11:19:11"
"ASUSE","72943","09.06.2025 19:26:11","09.06.2025 19:26:14"
"BARAV","72943","10.06.2025 11:58:14","10.06.2025 11:58:16"
"ASUSE","72601","21.04.2025 12:55:13","21.04.2025 12:55:17"
"ASUSE","72601","21.04.2025 13:04:30","21.04.2025 13:04:34"
"GOV","75780","10.10.2025 12:22:57","10.10.2025 12:23:19"
"GOV","75780","10.10.2025 12:34:24","10.10.2025 12:34:38"
"GOV","75780","10.10.2025 13:46:39","10.10.2025 13:46:46"
"GOV","75780","10.10.2025 14:55:31","10.10.2025 14:55:51"
"GOV","61880_17_ryaz_gp","10.10.2025 15:27:17","10.10.2025 15:27:41"
"MVO","75041","14.10.2025 16:09:47","14.10.2025 16:09:49"
"MVO","75041","14.10.2025 16:20:00","14.10.2025 16:20:38"
"MVO","75041","14.10.2025 16:31:45","14.10.2025 16:31:48"
"MVO","75041","14.10.2025 17:26:04","14.10.2025 17:26:05"
"BKV","72601","03.06.2025 10:30:47","03.06.2025 10:30:52"
"BKV","72554","04.06.2025 10:14:25","04.06.2025 10:14:25"
"BKV","72601","06.05.2025 12:00:39","06.05.2025 12:00:43"
"BKV","74610","14.05.2025 7:41:54","14.05.2025 7:41:54"
"BARAV","72609","27.07.2025 14:54:12","27.07.2025 14:54:13"
"BARAV","72609","27.07.2025 14:54:35","27.07.2025 14:54:36"
"BKV","72559","07.07.2025 14:30:15","07.07.2025 14:30:15"
"GOV","75141","08.07.2025 10:07:01","08.07.2025 10:07:08"
"GOV","75680","31.07.2025 9:09:17","31.07.2025 9:09:17"
"GOV","75680","31.07.2025 9:10:42","31.07.2025 9:10:42"
"BARAV","61880_9_v3_ryaz","11.09.2025 14:26:51","11.09.2025 14:26:54"
"BARAV","61880_9_v3_ryaz","11.09.2025 14:32:18","11.09.2025 14:32:21"
"BARAV","61880_9_v3_ryaz","11.09.2025 14:38:48","11.09.2025 14:38:51"
"BARAV","61880_9_v3_ryaz","11.09.2025 14:40:05","11.09.2025 14:40:07"
"TEST37","75680","02.07.2025 10:19:59",
"TEST37","75680","02.07.2025 10:21:49","02.07.2025 10:21:50"
"BARAV","72609","27.07.2025 14:54:48","27.07.2025 14:54:48"
"ASUSE","72601","28.07.2025 11:44:17","28.07.2025 11:44:22"
"GOV","75780","10.07.2025 17:15:04","10.07.2025 17:15:10"
"ASUSE","72559","14.07.2025 10:18:52","14.07.2025 10:18:53"
"ASUSE","72559","14.07.2025 10:22:56","14.07.2025 10:22:56"
"ASUSE","61880_9_v3_ryaz","27.11.2025 14:26:03","27.11.2025 14:26:08"
"ASUSE","61880_9_v3_ryaz_gp","27.11.2025 15:19:36","27.11.2025 15:19:41"
"ASUSE","61880_9_v3_ryaz_gp","27.11.2025 15:20:08","27.11.2025 15:20:12"
"GOV","75680","31.07.2025 9:11:18","31.07.2025 9:11:18"
"GOV","75780","31.07.2025 9:29:16","31.07.2025 9:29:33"
"TEST37","75680","02.07.2025 10:23:44","02.07.2025 10:23:45"
"TEST37","75680","02.07.2025 10:24:15","02.07.2025 10:24:16"
"ZOV","75529","25.07.2025 10:04:08","25.07.2025 10:04:10"
"ASUSE","61880_1","28.07.2025 11:57:29","28.07.2025 11:57:53"
"GOV","75780","15.07.2025 15:14:12","15.07.2025 15:14:30"
"TSA","75529","18.07.2025 11:59:28","18.07.2025 11:59:29"
"TSA","75545","18.07.2025 12:01:55",
"ASUSE","61880_9_v3_ryaz_gp","27.11.2025 15:20:55","27.11.2025 15:21:01"
"GOV","75780","21.01.2026 17:32:52","21.01.2026 17:32:57"
"GOV","75780","21.01.2026 18:27:55","21.01.2026 18:28:00"
"BKV","72601","04.07.2025 12:49:36","04.07.2025 12:49:40"
"BKV","72601","04.07.2025 12:54:48","04.07.2025 12:54:52"
"YANO","72595","03.07.2025 12:18:22","03.07.2025 12:18:24"
"GOV","75780","10.07.2025 14:37:55","10.07.2025 14:38:11"
"ASUSE","72601","03.07.2025 12:12:29","03.07.2025 12:12:34"
"BARAV","72943","16.07.2025 16:29:36","16.07.2025 16:29:40"
"TSA","75545","18.07.2025 12:02:11",
"TSA","75545","23.07.2025 10:11:19","23.07.2025 10:11:20"
"TSA","75529","23.07.2025 11:11:52","23.07.2025 11:11:53"
"FED","75780","22.01.2026 10:52:47","22.01.2026 10:52:53"
"FED","75780","22.01.2026 11:28:31","22.01.2026 11:28:36"
"BKV","72601","04.07.2025 12:59:21","04.07.2025 12:59:25"
"BKV","72601","04.07.2025 13:10:47","04.07.2025 13:10:51"
"GOV","75778_ryaz_gp","10.07.2025 16:50:15","10.07.2025 16:50:31"
"BARAV","75580","27.07.2025 14:29:23","27.07.2025 14:29:24"
"BKV","72601","28.07.2025 12:50:52","28.07.2025 12:50:56"
"TEST37","72587","30.07.2025 16:15:29","30.07.2025 16:15:31"
"TSA","75545","23.07.2025 14:34:42","23.07.2025 14:34:43"
"TSA","75545","23.07.2025 14:39:05","23.07.2025 14:39:05"
"TSA","75545","23.07.2025 14:51:09","23.07.2025 14:51:09"
"YANO","72852","08.07.2025 13:50:20","08.07.2025 13:50:25"
"YANO","72852","08.07.2025 14:00:20","08.07.2025 14:00:24"
"BARAV","75580","27.07.2025 14:30:45","27.07.2025 14:30:45"
"BARAV","75580","27.07.2025 14:31:49","27.07.2025 14:31:49"
"GOV","75780","31.07.2025 9:36:45","31.07.2025 9:37:00"
"GOV","75780","31.07.2025 9:38:29","31.07.2025 9:38:44"
"TSA","75545","23.07.2025 15:14:16","23.07.2025 15:14:16"
"BARAV","72609","27.07.2025 14:55:05","27.07.2025 14:55:05"
"YANO","72257","08.07.2025 16:20:11","08.07.2025 16:20:17"
"BKV","72943","16.07.2025 10:51:19","16.07.2025 10:51:22"
"BKV","72943","16.07.2025 15:53:46","16.07.2025 15:53:50"
"BARAV","75580","27.07.2025 14:32:37","27.07.2025 14:32:37"
"BARAV","75580","27.07.2025 14:33:00","27.07.2025 14:33:01"
"ASUSE","64950_ryaz","24.06.2025 15:21:00","24.06.2025 15:21:02"
"BARAV","72609","27.07.2025 14:55:29","27.07.2025 14:55:29"
"BARAV","72609","27.07.2025 14:57:03","27.07.2025 14:57:03"
"GOV","75141","09.07.2025 16:23:57","09.07.2025 16:23:59"
"GOV","75141","09.07.2025 16:24:25","09.07.2025 16:24:27"
"BARAV","75580","27.07.2025 14:33:28","27.07.2025 14:33:29"
"BARAV","75580","27.07.2025 14:33:53","27.07.2025 14:33:53"
"ASUSE","61880_17_ryaz","24.06.2025 14:29:13","24.06.2025 14:29:41"
"BARAV","72609","27.07.2025 14:58:00","27.07.2025 14:58:00"
"BARAV","72609","27.07.2025 14:58:10","27.07.2025 14:58:10"
"GOV","75141","09.07.2025 16:26:59","09.07.2025 16:27:01"
"BKV","72601","25.07.2025 15:31:40","25.07.2025 15:31:46"
"BARAV","75580","27.07.2025 14:34:27","27.07.2025 14:34:28"
"BARAV","75580","27.07.2025 14:34:50","27.07.2025 14:34:50"
"ASUSE","61880_17_ryaz","24.06.2025 15:09:32","24.06.2025 15:09:58"
"BARAV","72609","27.07.2025 14:58:30","27.07.2025 14:58:31"
"BARAV","72609","27.07.2025 14:58:50","27.07.2025 14:58:50"
"TEST37","75545","30.07.2025 12:20:24","30.07.2025 12:20:25"
"GOV","75780","31.07.2025 9:30:05","31.07.2025 9:30:21"
"BARAV","75580","27.07.2025 14:35:27","27.07.2025 14:35:27"
"BARAV","75580","27.07.2025 14:36:15","27.07.2025 14:36:15"
"ASUSE","64950_ryaz","24.06.2025 15:22:32","24.06.2025 15:22:33"
"BARAV","72609","27.07.2025 14:59:35","27.07.2025 14:59:36"
"BARAV","72609","27.07.2025 15:00:11","27.07.2025 15:00:11"
"BARAV","74610","27.07.2025 14:09:38","27.07.2025 14:09:39"
"BARAV","72943","27.07.2025 14:27:50","27.07.2025 14:27:54"
"BARAV","75580","27.07.2025 14:36:56","27.07.2025 14:36:57"
"BARAV","75580","27.07.2025 14:46:14","27.07.2025 14:46:14"
"MVO","75680","02.07.2025 8:53:18",
"MVO","75680","02.07.2025 8:56:34",
"HMA","61880_20","23.10.2025 12:25:05","23.10.2025 12:25:10"
"ASUSE","61880_17_ryaz","15.12.2025 19:41:02","15.12.2025 19:41:25"
"GOV","75780","22.01.2026 17:34:47","22.01.2026 17:34:52"
"GOV","75780","22.01.2026 18:04:02","22.01.2026 18:04:08"
"GOV","75780","22.01.2026 18:07:02","22.01.2026 18:07:08"
"BARAV","61880_9_v4_ryaz_json","24.01.2026 10:13:43","24.01.2026 10:13:51"
"BKV","72601","27.07.2025 17:11:06","27.07.2025 17:11:12"
"BKV","72601","27.07.2025 17:21:14","27.07.2025 17:21:18"
"BOVL","75227","07.07.2025 8:46:41","07.07.2025 8:46:42"
"BARAV","75580","27.07.2025 14:28:56","27.07.2025 14:28:57"
"BARAV","75580","27.07.2025 14:48:14","27.07.2025 14:48:15"
"BARAV","75580","27.07.2025 14:48:44","27.07.2025 14:48:45"
"MVO","75680","02.07.2025 14:48:16","02.07.2025 14:48:17"
"MVO","75680","02.07.2025 14:49:25","02.07.2025 14:49:25"
"SSN","75041","07.10.2025 11:29:49","07.10.2025 11:30:25"
"TEST37","75780","22.01.2026 8:10:40","22.01.2026 8:11:15"
"BKV","72601","27.07.2025 18:13:14","27.07.2025 18:13:18"
"BKV","72601","27.07.2025 18:19:31","27.07.2025 18:19:35"
"ASUSE","64950_ryaz","24.06.2025 15:47:34","24.06.2025 15:47:35"
"TSA","64879","02.07.2025 8:59:46",
"BARAV","75580","27.07.2025 14:49:11","27.07.2025 14:49:12"
"BARAV","75580","27.07.2025 14:49:41","27.07.2025 14:49:42"
"BKV","72601","03.07.2025 11:26:00","03.07.2025 11:26:04"
"GOV","75780","04.07.2025 12:07:33","04.07.2025 12:07:49"
"BKV","72601","28.07.2025 9:01:24","28.07.2025 9:01:29"
"BKV","72601","29.07.2025 6:45:40","29.07.2025 6:45:49"
"TSA","61759_1","02.07.2025 9:00:24","02.07.2025 9:00:34"
"TEST37","75680","02.07.2025 10:17:56","02.07.2025 10:17:58"
"BARAV","75580","27.07.2025 14:50:08","27.07.2025 14:50:08"
"BARAV","75580","27.07.2025 14:50:41","27.07.2025 14:50:42"
"BARAV","75580","23.06.2025 14:59:24","23.06.2025 14:59:25"
"BARAV","75580","23.06.2025 15:03:17","23.06.2025 15:03:18"
"BKV","72601","29.07.2025 7:26:13","29.07.2025 7:26:17"
"BKV","72601","29.07.2025 7:53:54","29.07.2025 7:53:58"
"MVO","75227","16.06.2025 16:08:58","16.06.2025 16:08:58"
"MVO","75237","16.06.2025 17:01:06","16.06.2025 17:01:06"
"BARAV","75580","27.07.2025 14:51:09","27.07.2025 14:51:10"
"BARAV","64950_ryaz","24.06.2025 16:47:58","24.06.2025 16:47:58"
"GOV","75780","04.07.2025 12:08:42","04.07.2025 12:08:57"
"BKV","72601","29.07.2025 7:56:45","29.07.2025 7:56:48"
"TSA","75545","29.07.2025 10:02:27","29.07.2025 10:02:28"
"MVO","75227","23.06.2025 15:44:09","23.06.2025 15:44:09"
"MVO","75237","23.06.2025 15:45:22","23.06.2025 15:45:23"
"BARAV","75580","27.07.2025 14:51:35","27.07.2025 14:51:35"
"BARAV","75580","27.07.2025 14:52:01","27.07.2025 14:52:02"
"GOV","75780","04.07.2025 12:48:45","04.07.2025 12:49:00"
"GOV","75780","04.07.2025 12:49:56","04.07.2025 12:50:13"
"BARAV","72943","30.07.2025 11:52:15","30.07.2025 11:52:19"
"TSA","75545","30.07.2025 12:08:31","30.07.2025 12:08:32"
"TOA","75728","08.07.2025 11:25:58","08.07.2025 11:27:16"
"BKV","72601","28.07.2025 10:49:30","28.07.2025 10:49:34"
"BKV","72601","28.07.2025 11:16:48","28.07.2025 11:16:52"
"ASUSE","75780","02.10.2025 11:43:55",
"BKV","72257","05.08.2025 16:36:26","05.08.2025 16:36:31"
"BKV","72559","05.08.2025 17:09:40","05.08.2025 17:09:40"
"GOV","75780","02.07.2025 10:08:10","02.07.2025 10:08:25"
"GOV","75780","02.07.2025 10:10:02","02.07.2025 10:10:18"
"ASUSE","72601","28.07.2025 13:14:44","28.07.2025 13:14:49"
"ASUSE","72601","28.07.2025 13:47:56","28.07.2025 13:48:01"
"ASUSE","76339","02.10.2025 11:45:59","02.10.2025 11:46:00"
"ASUSE","61880_1","28.07.2025 14:55:15","28.07.2025 14:55:35"
"BKV","72601","28.07.2025 14:58:43","28.07.2025 14:58:47"
"ASUSE","75780","02.10.2025 11:45:10",
"ZOV","76929","01.12.2025 12:51:51","01.12.2025 12:51:53"
"YANO","61880_10_ryaz","10.12.2025 11:18:44","10.12.2025 11:19:25"
"YANO","61880_10_ryaz","10.12.2025 12:28:07","10.12.2025 12:28:49"
"YANO","61880_10_ryaz","10.12.2025 12:40:32","10.12.2025 12:41:13"
"YANO","72257","16.07.2025 16:55:55","16.07.2025 16:56:01"
"YANO","72943","16.07.2025 17:27:23","16.07.2025 17:27:26"
"PSA","75778_ryaz_gp","02.07.2025 12:30:39","02.07.2025 12:30:56"
"PSA","75778_ryaz_gp","02.07.2025 12:37:41","02.07.2025 12:37:56"
"YANO","61880_10_ryaz","10.12.2025 15:24:15","10.12.2025 15:24:56"
"GOV","72852","23.06.2025 13:55:05","23.06.2025 13:55:11"
"GOV","72852","23.06.2025 13:55:31","23.06.2025 13:55:36"
"ASUSE","61880_1","28.07.2025 15:03:31","28.07.2025 15:03:51"
"ASUSE","61880_1","28.07.2025 15:08:11","28.07.2025 15:08:30"
"YANO","61880_10_ryaz","10.12.2025 16:07:04","10.12.2025 16:07:45"
"YANO","61880_10_ryaz","10.12.2025 16:20:26","10.12.2025 16:21:07"
"YANO","61880_10_ryaz","10.12.2025 16:22:27","10.12.2025 16:23:08"
"YANO","61880_10_ryaz","10.12.2025 16:24:53","10.12.2025 16:25:34"
"YANO","61880_10_ryaz","10.12.2025 16:27:13","10.12.2025 16:27:54"
"YANO","61880_10_ryaz","10.12.2025 16:33:22","10.12.2025 16:34:03"
"YANO","61880_10_ryaz","10.12.2025 16:35:55","10.12.2025 16:36:36"
"YANO","72601","11.07.2025 9:48:23","11.07.2025 9:48:28"
"YANO","74287","11.07.2025 15:35:22","11.07.2025 15:35:23"
"FED","75780","12.01.2026 15:52:55","12.01.2026 15:53:00"
"FED","75780","12.01.2026 15:54:35","12.01.2026 15:54:40"
"TEST37","61880_9_v4_ryaz_json","13.01.2026 18:16:03","13.01.2026 18:16:11"
"KNA","75780","23.01.2026 8:34:50","23.01.2026 8:34:57"
"GOV","75780","02.07.2025 14:47:43","02.07.2025 14:47:58"
"GOV","75778_ryaz_gp","02.07.2025 14:49:31","02.07.2025 14:49:47"
"YANO","61880_10_ryaz","10.12.2025 15:56:10","10.12.2025 15:56:52"
"KNA","76630","23.01.2026 9:02:13","23.01.2026 9:02:14"
"KNA","76731","23.01.2026 9:04:28","23.01.2026 9:04:29"
"KNA","61880_9_v3_ryaz_gp","23.01.2026 9:05:10","23.01.2026 9:05:15"
"KNA","61880_9_v3_ryaz_gp","23.01.2026 9:07:11","23.01.2026 9:07:14"
"KNA","61880_10_ryaz_gp","23.01.2026 10:31:36","23.01.2026 10:32:20"
"KNA","61880_10_ryaz_gp","23.01.2026 10:51:54","23.01.2026 10:52:34"
"KNA","61880_10_ryaz_gp","23.01.2026 11:16:58","23.01.2026 11:17:38"
"GOV","72852","23.06.2025 13:56:47","23.06.2025 13:56:51"
"ASUSE","72601","28.07.2025 13:59:07","28.07.2025 13:59:12"
"ASUSE","75780","02.10.2025 11:46:18",
"ASUSE","72601","28.07.2025 15:37:31","28.07.2025 15:37:37"
"ASUSE","72601","28.07.2025 15:44:24","28.07.2025 15:44:30"
"YANO","61880_10_ryaz","10.12.2025 16:40:29","10.12.2025 16:41:10"
"YANO","61880_17_v3_ryaz","11.07.2025 15:56:50","11.07.2025 15:57:48"
"TEST37","75545","18.07.2025 12:35:21","18.07.2025 12:35:22"
"GOV","75780","02.07.2025 14:54:53","02.07.2025 14:55:10"
"PSA","75780","02.07.2025 15:32:52","02.07.2025 15:33:09"
"ASUSE","72601","28.07.2025 14:26:24","28.07.2025 14:26:28"
"ASUSE","61880_1","28.07.2025 14:34:30","28.07.2025 14:34:51"
"ZOV","76929","26.01.2026 12:34:39","26.01.2026 12:34:40"
"ZOV","76929","26.01.2026 14:22:44","26.01.2026 14:22:45"
"ASUSE","61880_1","28.07.2025 15:45:51","28.07.2025 15:46:12"
"ASUSE","61880_1","28.07.2025 15:48:40","28.07.2025 15:49:00"
"ASUSE","64950_ryaz","05.08.2025 17:59:45","05.08.2025 17:59:46"
"GOV","75780","07.07.2025 16:50:19","07.07.2025 16:50:37"
"GOV","75780","07.07.2025 17:06:13","07.07.2025 17:06:29"
"TSA","75545","18.07.2025 13:54:54","18.07.2025 13:54:55"
"BKV","72601","28.07.2025 14:23:02","28.07.2025 14:23:06"
"ASUSE","72601","28.07.2025 15:53:26","28.07.2025 15:53:30"
"BARAV","72559","29.07.2025 9:16:04","29.07.2025 9:16:04"
"ASUSE","72601","06.08.2025 11:22:55","06.08.2025 11:23:01"
"BARAV","72559","06.08.2025 11:57:17","06.08.2025 11:57:18"
"ZOV","75778_ryaz_gp","07.07.2025 17:24:37","07.07.2025 17:24:52"
"YANO","61880_17_v3_ryaz","11.07.2025 16:08:36","11.07.2025 16:09:32"
"BKV","72559","14.07.2025 12:22:09","14.07.2025 12:22:09"
"ASUSE","61880_1","28.07.2025 14:35:27","28.07.2025 14:35:47"
"BARAV","72559","29.07.2025 9:16:33","29.07.2025 9:16:33"
"BARAV","74610","29.07.2025 9:26:30","29.07.2025 9:26:31"
"BARAV","74610","29.07.2025 9:28:08","29.07.2025 9:28:08"
"GOV","72852","27.06.2025 15:46:26","27.06.2025 15:46:43"
"BARAV","72559","06.08.2025 12:00:22","06.08.2025 12:00:22"
"BARAV","72943","06.08.2025 15:41:47","06.08.2025 15:41:52"
"KNA","75780","23.01.2026 8:35:33","23.01.2026 8:35:38"
"YANO","72595","11.07.2025 16:12:53","11.07.2025 16:12:55"
"YANO","72943","11.07.2025 16:14:21","11.07.2025 16:14:23"
"ASUSE","72601","28.07.2025 14:52:34","28.07.2025 14:52:38"
"ASUSE","72601","28.07.2025 14:54:39","28.07.2025 14:54:43"
"SSN","75041","28.10.2025 17:10:03","28.10.2025 17:10:41"
"BARAV","72609","29.07.2025 11:50:22","29.07.2025 11:50:23"
"BARAV","72609","29.07.2025 11:52:14","29.07.2025 11:52:15"
"ZOV","75780","07.07.2025 17:09:16","07.07.2025 17:09:31"
"ZOV","75780","07.07.2025 17:12:44","07.07.2025 17:13:00"
"BARAV","72587","14.07.2025 9:37:19","14.07.2025 9:37:21"
"BARAV","72587","14.07.2025 9:37:51","14.07.2025 9:37:51"
"BARAV","72559","14.07.2025 9:51:16","14.07.2025 9:51:16"
"DAV","75780","07.07.2025 17:15:20","07.07.2025 17:15:24"
"BARAV","72943","15.07.2025 9:20:07","15.07.2025 9:20:11"
"BARAV","72943","16.07.2025 7:25:16","16.07.2025 7:25:21"
"BARAV","72609","29.07.2025 11:52:55","29.07.2025 11:52:55"
"BARAV","72609","29.07.2025 11:53:58","29.07.2025 11:53:58"
"BOVL","75680","02.07.2025 8:43:23",
"BOVL","75680","02.07.2025 8:46:48",
"BARAV","72554","14.07.2025 11:12:52","14.07.2025 11:12:52"
"BARAV","74610","14.07.2025 11:49:30","14.07.2025 11:49:30"
"BARAV","74610","14.07.2025 11:51:29","14.07.2025 11:51:29"
"BARAV","72559","16.07.2025 7:31:31","16.07.2025 7:31:31"
"BARAV","72956","16.07.2025 7:34:39","16.07.2025 7:34:41"
"BARAV","72609","29.07.2025 12:14:37","29.07.2025 12:14:38"
"BARAV","72609","29.07.2025 12:15:06","29.07.2025 12:15:06"
"BKV","72601","03.07.2025 7:38:19","03.07.2025 7:38:25"
"BKV","72601","03.07.2025 9:06:06","03.07.2025 9:06:11"
"BKV","61880_9_v3_ryaz","15.07.2025 9:05:34","15.07.2025 9:05:39"
"ASUSE","72257","16.07.2025 15:26:41","16.07.2025 15:26:48"
"TSA","75529","16.07.2025 15:27:45","16.07.2025 15:27:45"
"BKV","72559","14.07.2025 9:58:47","14.07.2025 9:58:47"
"YANO","61880_17_v3_ryaz","18.07.2025 18:02:24","18.07.2025 18:03:03"
"BARAV","72609","29.07.2025 12:15:34","29.07.2025 12:15:35"
"BARAV","72609","29.07.2025 12:15:51","29.07.2025 12:15:51"
"BKV","72601","03.07.2025 12:33:55","03.07.2025 12:33:59"
"GOV","75141","07.07.2025 16:38:43","07.07.2025 16:38:49"
"YANO","74287","21.07.2025 11:25:45","21.07.2025 11:25:47"
"YANO","74287","21.07.2025 11:29:33","21.07.2025 11:29:35"
"BARAV","61880_9_v3_ryaz","27.07.2025 13:30:55","27.07.2025 13:31:01"
"BARAV","61880_9_v3_ryaz","27.07.2025 13:37:56","27.07.2025 13:37:59"
"TSA","75545","24.07.2025 14:21:15","24.07.2025 14:21:15"
"BKV","72601","28.07.2025 10:16:21","28.07.2025 10:16:25"
"BARAV","72609","29.07.2025 12:16:05","29.07.2025 12:16:05"
"BARAV","72609","29.07.2025 12:17:04","29.07.2025 12:17:05"
"MVO","75680","03.07.2025 9:54:53","03.07.2025 9:54:53"
"MVO","75227","03.07.2025 15:37:05","03.07.2025 15:37:06"
"BKV","61880_17_ryaz","24.07.2025 8:39:21","24.07.2025 8:39:49"
"BARAV","61880_9_v3_ryaz","27.07.2025 13:38:55","27.07.2025 13:38:58"
"BARAV","61880_9_v3_ryaz","27.07.2025 13:39:53","27.07.2025 13:39:58"
"BARAV","61880_9_v3_ryaz","27.07.2025 13:40:39","27.07.2025 13:40:42"
"BARAV","61880_9_v3_ryaz","27.07.2025 13:41:24","27.07.2025 13:41:29"
"BARAV","61880_9_v3_ryaz","27.07.2025 13:42:17","27.07.2025 13:42:24"
"BARAV","61880_9_v3_ryaz","27.07.2025 13:43:22","27.07.2025 13:43:26"
"BARAV","61880_9_v3_ryaz","27.07.2025 13:44:24","27.07.2025 13:44:27"
"BARAV","61880_9_v3_ryaz","27.07.2025 13:45:06","27.07.2025 13:45:09"
"BARAV","61880_9_v3_ryaz","27.07.2025 13:46:02","27.07.2025 13:46:06"
"BARAV","61880_9_v3_ryaz","27.07.2025 13:47:06","27.07.2025 13:47:10"
"BARAV","61880_9_v3_ryaz","27.07.2025 13:57:08","27.07.2025 13:57:12"
"BARAV","61880_9_v3_ryaz","27.07.2025 13:57:49","27.07.2025 13:57:53"
"BARAV","61880_9_v3_ryaz","27.07.2025 13:58:11","27.07.2025 13:58:14"
"BARAV","61880_9_v3_ryaz","27.07.2025 13:58:52","27.07.2025 13:58:56"
"BARAV","61880_9_v3_ryaz","27.07.2025 13:59:32","27.07.2025 13:59:36"
"BARAV","61880_9_v3_ryaz","27.07.2025 14:00:21","27.07.2025 14:00:24"
"BARAV","61880_9_v3_ryaz","27.07.2025 14:00:59","27.07.2025 14:01:02"
"BARAV","61880_9_v3_ryaz","27.07.2025 14:01:43","27.07.2025 14:01:46"
"BARAV","61880_9_v3_ryaz","27.07.2025 14:02:19","27.07.2025 14:02:24"
"BARAV","61880_9_v3_ryaz","27.07.2025 14:03:05","27.07.2025 14:03:08"
"BARAV","61880_9_v3_ryaz","27.07.2025 14:03:53","27.07.2025 14:03:56"
"BARAV","61880_9_v3_ryaz","27.07.2025 14:05:13","27.07.2025 14:05:17"
"YANO","61880_10_ryaz","29.08.2025 15:46:01","29.08.2025 15:46:54"
"YANO","61880_10_ryaz","29.08.2025 15:54:26","29.08.2025 15:55:13"
"YANO","61880_10_ryaz","29.08.2025 16:02:28","29.08.2025 16:03:14"
"BKV","72601","28.07.2025 10:20:19","28.07.2025 10:20:23"
"BKV","72601","28.07.2025 10:27:17","28.07.2025 10:27:20"
"YANO","61880_10_ryaz","05.11.2025 8:44:44","05.11.2025 8:45:27"
"BARAV","72609","29.07.2025 12:17:20","29.07.2025 12:17:20"
"BARAV","72609","29.07.2025 12:17:48","29.07.2025 12:17:49"
"MVO","75227","23.06.2025 16:52:55","23.06.2025 16:52:56"
"ASUSE","72587","23.06.2025 21:11:21","23.06.2025 21:11:23"
"GOV","75780","31.07.2025 9:39:22","31.07.2025 9:39:37"
"GOV","75680","31.07.2025 10:55:40","31.07.2025 10:55:40"
"TSA","72601","13.06.2025 15:36:11","13.06.2025 15:36:15"
"MVO","75227","23.06.2025 16:16:22","23.06.2025 16:16:22"
"YANO","61880_9_v3_ryaz","05.11.2025 8:52:08","05.11.2025 8:52:16"
"ZOV","75227","13.11.2025 10:21:05","13.11.2025 10:21:06"
"ZOV","75227","13.11.2025 10:23:22","13.11.2025 10:23:23"
"YANO","61880_10_ryaz","10.12.2025 11:17:18","10.12.2025 11:18:04"
"BARAV","72609","29.07.2025 12:18:14","29.07.2025 12:18:15"
"BARAV","72609","29.07.2025 12:21:13","29.07.2025 12:21:13"
"ASUSE","74287","24.06.2025 13:19:28","24.06.2025 13:19:31"
"ASUSE","74287","24.06.2025 13:20:22","24.06.2025 13:20:24"
"YANO","61880_10_ryaz","10.12.2025 12:44:21","10.12.2025 12:45:04"
"YANO","61880_10_ryaz","10.12.2025 12:49:59","10.12.2025 12:50:41"
"TSA","75545","01.08.2025 10:07:15","01.08.2025 10:07:16"
"TSA","75545","01.08.2025 12:13:01","01.08.2025 12:13:01"
"ASUSE","75545","04.08.2025 11:01:20","04.08.2025 11:01:22"
"MVO","75237","23.06.2025 16:27:41","23.06.2025 16:27:41"
"MVO","75237","23.06.2025 16:36:12","23.06.2025 16:36:13"
"BARAV","72609","29.07.2025 12:21:39","29.07.2025 12:21:39"
"BARAV","72609","29.07.2025 12:21:57","29.07.2025 12:21:57"
"ASUSE","64950_ryaz","24.06.2025 15:42:13","24.06.2025 15:42:15"
"GOV","75780","02.07.2025 9:21:53","02.07.2025 9:22:11"
"BKV","61880_9_v3_ryaz","10.09.2025 12:30:00","10.09.2025 12:30:05"
"BKV","61880_9_v3_ryaz","10.09.2025 12:38:12","10.09.2025 12:38:15"
"YANO","61880_10_ryaz","10.12.2025 13:47:40","10.12.2025 13:48:21"
"YANO","61880_10_ryaz","10.12.2025 14:55:39","10.12.2025 14:56:21"
"YANO","61880_10_ryaz","10.12.2025 14:56:38","10.12.2025 14:57:20"
"PSA","75545","04.08.2025 15:36:11","04.08.2025 15:36:12"
"BOVL","75680","04.08.2025 16:32:25","04.08.2025 16:32:26"
"MVO","75237","23.06.2025 16:37:07","23.06.2025 16:37:07"
"MVO","75227","23.06.2025 16:51:33","23.06.2025 16:51:33"
"BARAV","72609","29.07.2025 12:22:32","29.07.2025 12:22:32"
"BKV","72601","01.08.2025 8:04:45","01.08.2025 8:04:52"
"BARAV","61880_9_v3_ryaz","12.09.2025 15:25:43","12.09.2025 15:25:47"
"BARAV","61880_9_v3_ryaz","12.09.2025 15:29:22","12.09.2025 15:29:27"
"BARAV","61880_9_v3_ryaz","12.09.2025 15:30:28","12.09.2025 15:30:32"
"YANO","61880_10_ryaz","10.12.2025 16:43:58","10.12.2025 16:44:40"
"YANO","61880_10_ryaz","10.12.2025 17:22:30","10.12.2025 17:23:11"
"YANO","61880_10_ryaz","10.12.2025 17:24:35","10.12.2025 17:25:16"
"TEST37","61880_9_v4_ryaz_json","29.12.2025 9:15:42","29.12.2025 9:15:49"
"FED","75780","12.01.2026 15:51:31","12.01.2026 15:51:37"
"GOV","75141","02.07.2025 9:55:50","02.07.2025 9:55:52"
"GOV","75141","02.07.2025 9:57:01","02.07.2025 9:57:06"
"BARAV","72257","05.08.2025 16:37:04","05.08.2025 16:37:10"
"BARAV","72943","06.08.2025 15:42:33","06.08.2025 15:42:36"
"TEST37","75680","02.07.2025 10:00:05",
"ASUSE","75545","23.07.2025 16:02:35","23.07.2025 16:02:36"
"BARAV","74287","04.09.2025 13:52:13","04.09.2025 13:52:13"
"ASUSE","72609","25.08.2025 12:26:27","25.08.2025 12:26:28"
"ASUSE","72609","25.08.2025 12:29:12","25.08.2025 12:29:12"
"BARAV","74287","10.09.2025 15:34:16","10.09.2025 15:34:16"
"BKV","72601","25.08.2025 14:35:51","25.08.2025 14:35:56"
"BKV","72601","25.08.2025 14:49:00","25.08.2025 14:49:05"
"GOV","75680","13.08.2025 13:55:07","13.08.2025 13:55:08"
"BARAV","74287","04.09.2025 13:53:35","04.09.2025 13:53:35"
"ASUSE","61880_10_ryaz","01.11.2025 16:55:40","01.11.2025 16:56:48"
"ASUSE","61880_9_v3_ryaz_gp","12.12.2025 17:04:01","12.12.2025 17:04:07"
"ASUSE","72609","25.08.2025 12:31:27","25.08.2025 12:31:28"
"BARAV","72595","03.09.2025 13:41:00","03.09.2025 13:41:02"
"KNA","74610","14.08.2025 10:39:41","14.08.2025 10:39:42"
"KNA","74287","14.08.2025 10:47:10","14.08.2025 10:47:11"
"BKV","72601","25.08.2025 14:54:55","25.08.2025 14:54:59"
"BKV","72601","25.08.2025 15:01:26","25.08.2025 15:01:30"
"ASUSE","72601","04.09.2025 16:46:22","04.09.2025 16:46:28"
"SSN","76389","04.09.2025 16:52:28","04.09.2025 16:53:50"
"ASUSE","61880_9_v3_ryaz_gp","12.12.2025 17:04:52","12.12.2025 17:04:58"
"ASUSE","61880_9_v3_ryaz_gp","12.12.2025 17:05:44","12.12.2025 17:05:50"
"FED","75780","23.01.2026 10:52:41","23.01.2026 10:52:46"
"FED","75780","23.01.2026 10:53:41","23.01.2026 10:53:46"
"BARAV","74287","04.09.2025 8:44:10","04.09.2025 8:44:12"
"BARAV","74287","04.09.2025 15:31:23","04.09.2025 15:31:24"
"KNA","74287","14.08.2025 10:47:36","14.08.2025 10:47:37"
"BKV","72601","25.08.2025 15:02:55","25.08.2025 15:03:00"
"BKV","72601","25.08.2025 15:16:31","25.08.2025 15:16:36"
"TEST37","72595","04.09.2025 9:29:27","04.09.2025 9:29:30"
"ASUSE","72601","04.09.2025 16:54:52","04.09.2025 16:54:57"
"FED","76630","29.01.2026 12:13:52","29.01.2026 12:13:53"
"FED","76630","29.01.2026 12:14:30","29.01.2026 12:14:31"
"BARAV","74287","04.09.2025 15:32:56","04.09.2025 15:32:57"
"KNA","74287","14.08.2025 10:47:51","14.08.2025 10:47:52"
"BKV","72601","25.08.2025 15:18:12","25.08.2025 15:18:16"
"BKV","72601","25.08.2025 15:22:44","25.08.2025 15:22:48"
"SSN","76389","04.09.2025 17:08:57","04.09.2025 17:09:40"
"TEST37","75545","05.09.2025 14:43:59","05.09.2025 14:44:00"
"ASUSE","75545","05.09.2025 17:03:27","05.09.2025 17:03:28"
"BARAV","74287","04.09.2025 15:34:14","04.09.2025 15:34:14"
"KNA","74287","14.08.2025 10:52:33","14.08.2025 10:52:33"
"BKV","72601","25.08.2025 15:23:51","25.08.2025 15:23:55"
"BKV","72601","25.08.2025 15:27:51","25.08.2025 15:27:55"
"MVO","64649_ryaz","14.08.2025 16:42:20","14.08.2025 16:42:21"
"MVO","64649_ryaz","14.08.2025 16:43:37","14.08.2025 16:43:38"
"MVO","64649_ryaz","14.08.2025 16:44:25","14.08.2025 16:44:26"
"BARAV","72430","15.10.2025 11:02:59","15.10.2025 11:03:45"
"BARAV","72430","15.10.2025 11:04:28","15.10.2025 11:05:07"
"FED","75780","29.01.2026 15:36:26","29.01.2026 15:36:33"
"FED","75780","29.01.2026 15:36:46","29.01.2026 15:36:52"
"FED","75780","29.01.2026 15:40:16","29.01.2026 15:40:22"
"FED","75780","29.01.2026 15:41:39","29.01.2026 15:41:45"
"FED","75778_ryaz_gp","29.01.2026 15:46:59","29.01.2026 15:47:05"
"FED","75778_ryaz_gp","29.01.2026 15:54:29","29.01.2026 15:54:34"
"BARAV","74287","04.09.2025 15:35:40","04.09.2025 15:35:40"
"TSA","75545","06.09.2025 8:39:46","06.09.2025 8:39:47"
"KNA","74287","14.08.2025 10:52:59","14.08.2025 10:52:59"
"BKV","72601","25.08.2025 14:01:08","25.08.2025 14:01:14"
"BKV","72601","25.08.2025 15:38:49","25.08.2025 15:38:53"
"BKV","72601","25.08.2025 15:55:53","25.08.2025 15:55:57"
"BARAV","72559","15.08.2025 15:28:53","15.08.2025 15:28:54"
"BKV","72601","21.08.2025 14:04:52","21.08.2025 14:04:58"
"BKV","72595","04.09.2025 12:13:53","04.09.2025 12:13:54"
"TSA","75545","06.09.2025 8:56:59","06.09.2025 8:56:59"
"TSA","75529","20.08.2025 8:52:02","20.08.2025 8:52:03"
"TSA","75529","20.08.2025 17:14:03","20.08.2025 17:14:03"
"BKV","72601","25.08.2025 16:00:36","25.08.2025 16:00:40"
"ASUSE","75580","26.08.2025 15:28:36","26.08.2025 15:28:38"
"BKV","72601","21.08.2025 15:26:51","21.08.2025 15:26:56"
"BKV","72601","21.08.2025 15:48:07","21.08.2025 15:48:12"
"FED","75778_ryaz_gp","29.01.2026 16:20:58","29.01.2026 16:21:05"
"TSA","75529","09.09.2025 14:00:45","09.09.2025 14:00:46"
"ASUSE","74287","10.09.2025 9:43:20","10.09.2025 9:43:22"
"BKV","72601","25.08.2025 14:03:01","25.08.2025 14:03:05"
"BKV","72601","25.08.2025 14:06:57","25.08.2025 14:07:01"
"BKV","61880_10_ryaz","03.09.2025 11:13:17","03.09.2025 11:14:07"
"YANO","61880_17_v3_ryaz","29.08.2025 16:04:38","29.08.2025 16:05:18"
"ASUSE","61880_1","03.09.2025 12:29:42","03.09.2025 12:30:02"
"GOV","75728","06.10.2025 10:12:10","06.10.2025 10:13:17"
"GOV","75728","06.10.2025 10:14:20","06.10.2025 10:15:19"
"GOV","75728","06.10.2025 10:31:06","06.10.2025 10:32:05"
"GOV","75780","06.10.2025 10:49:22","06.10.2025 10:49:39"
"BKV","72601","22.08.2025 9:53:15","22.08.2025 9:53:19"
"BKV","72601","22.08.2025 9:57:45","22.08.2025 9:57:49"
"FED","75778_ryaz_gp","29.01.2026 16:21:52","29.01.2026 16:21:58"
"FED","75780","29.01.2026 16:29:52","29.01.2026 16:29:58"
"ASUSE","74287","10.09.2025 9:46:03","10.09.2025 9:46:05"
"BARAV","75529","10.09.2025 9:50:39","10.09.2025 9:50:40"
"TEST37","75545","08.08.2025 15:57:11",
"BARAV","74287","23.08.2025 14:56:35","23.08.2025 14:56:36"
"BKV","74287","04.09.2025 14:35:58","04.09.2025 14:35:58"
"BKV","74287","04.09.2025 14:36:43","04.09.2025 14:36:44"
"GOV","75780","06.10.2025 10:50:00","06.10.2025 10:50:16"
"GOV","75780","06.10.2025 10:50:51","06.10.2025 10:51:15"
"GOV","75780","06.10.2025 10:53:10","06.10.2025 10:53:33"
"BKV","72601","22.08.2025 10:49:03","22.08.2025 10:49:08"
"BKV","72601","22.08.2025 11:36:08","22.08.2025 11:36:12"
"AEV","61880_9_v3_ryaz","01.12.2025 15:46:34","01.12.2025 15:46:38"
"BARAV","75545","10.09.2025 9:52:40","10.09.2025 9:52:40"
"BARAV","74287","10.09.2025 10:03:58","10.09.2025 10:03:59"
"BARAV","72587","23.08.2025 14:58:10","23.08.2025 14:58:11"
"BARAV","72595","23.08.2025 15:03:00","23.08.2025 15:03:02"
"BKV","74287","04.09.2025 14:37:40","04.09.2025 14:37:40"
"BKV","74287","04.09.2025 15:33:42","04.09.2025 15:33:42"
"TEST37","75041","30.10.2025 19:29:30","30.10.2025 19:30:00"
"TEST37","75041","30.10.2025 19:31:41","30.10.2025 19:32:19"
"BKV","72601","22.08.2025 11:54:07","22.08.2025 11:54:11"
"BKV","72601","22.08.2025 11:56:48","22.08.2025 11:56:52"
"AEV","61880_9_v3_ryaz","01.12.2025 15:47:38","01.12.2025 15:47:42"
"TSA","75545","05.09.2025 14:18:50","05.09.2025 14:18:50"
"BARAV","74287","10.09.2025 10:05:00","10.09.2025 10:05:00"
"BARAV","72943","23.08.2025 15:06:14","23.08.2025 15:06:18"
"BARAV","74610","23.08.2025 15:08:50","23.08.2025 15:08:50"
"BARAV","72609","23.08.2025 15:12:24","23.08.2025 15:12:24"
"BARAV","74287","04.09.2025 13:46:52","04.09.2025 13:46:53"
"BKV","72601","22.08.2025 11:59:33","22.08.2025 11:59:37"
"BKV","72601","22.08.2025 12:15:57","22.08.2025 12:16:01"
"AEV","61880_9_v3_ryaz","01.12.2025 15:49:00","01.12.2025 15:49:04"
"BARAV","74287","04.09.2025 13:55:21","04.09.2025 13:55:21"
"BKV","72601","25.08.2025 14:08:57","25.08.2025 14:09:01"
"BKV","72601","25.08.2025 14:11:51","25.08.2025 14:11:55"
"BARAV","74287","04.09.2025 13:47:31","04.09.2025 13:47:32"
"BKV","72601","22.08.2025 12:42:59","22.08.2025 12:43:03"
"BKV","72601","22.08.2025 14:15:11","22.08.2025 14:15:15"
"AEV","61880_9_v3_ryaz","01.12.2025 15:49:58","01.12.2025 15:50:02"
"BARAV","74287","04.09.2025 13:56:03","04.09.2025 13:56:04"
"BARAV","72587","10.09.2025 11:16:24","10.09.2025 11:16:24"
"BOVL","75680","08.08.2025 10:17:54","08.08.2025 10:17:55"
"BOVL","75680","08.08.2025 10:27:45","08.08.2025 10:27:46"
"BARAV","74287","04.09.2025 13:48:32","04.09.2025 13:48:32"
"BKV","72601","22.08.2025 14:17:08","22.08.2025 14:17:12"
"GOV","75141","22.08.2025 15:14:21","22.08.2025 15:14:25"
"TEST37","61880_9_v3_ryaz","22.10.2025 14:13:59",
"TEST37","61880_9_v3_ryaz_gp","22.10.2025 14:15:16","22.10.2025 14:15:24"
"TEST37","75227","22.10.2025 14:16:11","22.10.2025 14:16:12"
"TEST37","76585","22.10.2025 17:14:37","22.10.2025 17:15:56"
"AEV","61880_9_v3_ryaz","01.12.2025 15:50:11","01.12.2025 15:50:14"
"ASUSE","61880_9_v4_ryaz_json","28.01.2026 14:40:07","28.01.2026 14:40:14"
"FED","75780","29.01.2026 16:35:18","29.01.2026 16:35:25"
"FED","75778_ryaz_gp","29.01.2026 16:38:04","29.01.2026 16:38:11"
"FED","75780","29.01.2026 16:39:56","29.01.2026 16:40:19"
"BARAV","72587","10.09.2025 11:17:36","10.09.2025 11:17:37"
"BARAV","74287","10.09.2025 15:32:20","10.09.2025 15:32:21"
"BKV","72601","25.08.2025 14:15:51","25.08.2025 14:15:55"
"BKV","72601","25.08.2025 14:18:11","25.08.2025 14:18:15"
"BARAV","74287","04.09.2025 13:50:08","04.09.2025 13:50:09"
"ASUSE","72601","25.08.2025 11:28:02","25.08.2025 11:28:07"
"MVO","75227","25.08.2025 11:31:14","25.08.2025 11:31:15"
"BARAV","74287","10.09.2025 15:33:17","10.09.2025 15:33:17"
"BKV","72601","25.08.2025 14:26:52","25.08.2025 14:26:57"
"BKV","72601","25.08.2025 14:32:38","25.08.2025 14:32:42"
"ASUSE","61880_10_ryaz","03.09.2025 12:11:54","03.09.2025 12:12:45"
"BARAV","74287","04.09.2025 13:50:56","04.09.2025 13:50:56"
"BKV","72601","22.08.2025 15:04:15","22.08.2025 15:04:20"
"ASUSE","72601","25.08.2025 12:04:26","25.08.2025 12:04:31"
"BARAV","74287","04.09.2025 15:40:31","04.09.2025 15:40:32"
"BARAV","72430","04.09.2025 15:42:27","04.09.2025 15:43:15"
"BARAV","74287","10.09.2025 15:33:51","10.09.2025 15:33:51"
"BKV","72601","26.08.2025 10:03:21","26.08.2025 10:03:25"
"BKV","72601","26.08.2025 10:04:21","26.08.2025 10:04:25"
"GOV","75778_ryaz_gp","11.08.2025 10:51:46","11.08.2025 10:52:01"
"GOV","72956","11.08.2025 10:52:26","11.08.2025 10:52:27"
"BKV","72609","25.08.2025 12:28:08","25.08.2025 12:28:08"
"BKV","72609","25.08.2025 12:28:28","25.08.2025 12:28:29"
"BARAV","74287","04.09.2025 8:59:01","04.09.2025 8:59:01"
"BKV","72595","04.09.2025 9:02:01","04.09.2025 9:02:02"
"BKV","72601","26.08.2025 10:07:49","26.08.2025 10:07:53"
"BKV","72601","26.08.2025 10:11:35","26.08.2025 10:11:39"
"GOV","64455_1","11.08.2025 10:53:53","11.08.2025 10:53:54"
"GOV","72257","14.08.2025 9:36:12","14.08.2025 9:36:16"
"BKV","72609","25.08.2025 12:29:54","25.08.2025 12:29:55"
"BKV","72609","25.08.2025 12:30:13","25.08.2025 12:30:13"
"SSN","76389","03.09.2025 15:19:06","03.09.2025 15:20:29"
"SSN","76389","03.09.2025 16:03:10","03.09.2025 16:04:32"
"YANO","61880_10_ryaz","12.09.2025 12:30:19","12.09.2025 12:31:05"
"YANO","61880_10_ryaz","12.09.2025 12:32:36","12.09.2025 12:33:23"
"YANO","61880_10_ryaz","12.09.2025 12:34:33","12.09.2025 12:35:19"
"YANO","61880_10_ryaz","12.09.2025 12:37:39","12.09.2025 12:38:26"
"YANO","61880_10_ryaz","12.09.2025 12:38:56","12.09.2025 12:39:42"
"YANO","61880_10_ryaz","12.09.2025 12:43:43","12.09.2025 12:44:29"
"BKV","72601","26.08.2025 10:16:46","26.08.2025 10:16:50"
"BKV","72601","26.08.2025 10:19:15","26.08.2025 10:19:19"
"GOV","72257","14.08.2025 9:36:35","14.08.2025 9:36:39"
"GOV","72257","14.08.2025 9:37:08","14.08.2025 9:37:13"
"BARAV","74610","25.08.2025 13:41:24","25.08.2025 13:41:25"
"TEST37","75227","25.08.2025 17:37:41","25.08.2025 17:37:43"
"BARAV","72609","26.08.2025 7:48:14","26.08.2025 7:48:15"
"YANO","61880_17_ryaz","30.09.2025 15:40:14","30.09.2025 15:40:35"
"FED","75780","22.10.2025 11:26:48","22.10.2025 11:26:54"
"FED","75780","22.10.2025 11:41:14","22.10.2025 11:41:20"
"GOV","75780","12.12.2025 8:36:54","12.12.2025 8:37:02"
"GOV","76607","12.12.2025 14:21:23","12.12.2025 14:21:24"
"ZOV","76929","24.12.2025 15:30:39","24.12.2025 15:30:40"
"YANO","75728","14.01.2026 10:09:05","14.01.2026 10:09:49"
"YANO","61880_10_ryaz","14.01.2026 10:12:35","14.01.2026 10:13:16"
"PSA","72852","14.08.2025 15:30:53","14.08.2025 15:31:07"
"PSA","72319","14.08.2025 15:31:45",
"BKV","72601","26.08.2025 10:22:55","26.08.2025 10:23:00"
"BKV","72601","26.08.2025 10:25:27","26.08.2025 10:25:31"
"BARAV","74610","25.08.2025 13:44:43","25.08.2025 13:44:43"
"BARAV","74610","25.08.2025 15:36:09","25.08.2025 15:36:10"
"BARAV","74610","01.09.2025 15:46:15","01.09.2025 15:46:16"
"KNA","76607","07.10.2025 16:29:52",
"KNA","76607","07.10.2025 16:30:21",
"AEV","61880_9_v3_ryaz","08.12.2025 10:16:22","08.12.2025 10:16:26"
"GOV","75780","21.01.2026 14:43:51","21.01.2026 14:43:56"
"BARAV","72587","26.08.2025 7:56:31","26.08.2025 7:56:31"
"BARAV","72943","26.08.2025 8:04:19","26.08.2025 8:04:23"
"BARAV","74610","26.08.2025 12:10:15","26.08.2025 12:10:16"
"YANO","61880_10","14.01.2026 10:18:45","14.01.2026 10:18:53"
"AEV","61880_9_v4_ryaz_json","20.01.2026 11:22:58","20.01.2026 11:23:04"
"BARAV","61880_9_v4_ryaz_json","28.01.2026 16:54:22","28.01.2026 16:54:30"
"PSA","75778_ryaz_gp","14.08.2025 15:32:38","14.08.2025 15:32:52"
"BKV","72595","04.09.2025 9:02:21","04.09.2025 9:02:23"
"YANO","61880_10_ryaz","12.09.2025 12:46:30","12.09.2025 12:47:17"
"YANO","61880_10_ryaz","12.09.2025 12:50:00","12.09.2025 12:50:46"
"BKV","72601","26.08.2025 10:36:50","26.08.2025 10:36:54"
"BKV","72601","26.08.2025 10:41:24","26.08.2025 10:41:29"
"BARAV","74610","01.09.2025 15:46:40","01.09.2025 15:46:40"
"SSN","76389","01.09.2025 15:53:52","01.09.2025 15:55:12"
"BARAV","74287","26.08.2025 12:45:54","26.08.2025 12:45:56"
"SSN","76389","01.09.2025 16:20:21","01.09.2025 16:21:42"
"BKV","72595","04.09.2025 9:04:08","04.09.2025 9:04:09"
"BKV","72595","04.09.2025 9:19:05","04.09.2025 9:19:06"
"BKV","72601","26.08.2025 10:51:38","26.08.2025 10:51:42"
"TSA","75529","26.08.2025 11:07:36","26.08.2025 11:07:37"
"BARAV","74610","01.09.2025 15:54:46","01.09.2025 15:54:46"
"SSN","76389","01.09.2025 16:11:03","01.09.2025 16:11:45"
"BARAV","74610","01.09.2025 16:39:15","01.09.2025 16:39:15"
"BARAV","74610","01.09.2025 16:39:21","01.09.2025 16:39:21"
"BKV","72601","22.08.2025 8:38:38","22.08.2025 8:38:44"
"BKV","72601","22.08.2025 8:42:48","22.08.2025 8:42:52"
"TSA","75545","26.08.2025 11:09:17","26.08.2025 11:09:17"
"BKV","72601","26.08.2025 11:23:22","26.08.2025 11:23:26"
"GOV","72418","14.08.2025 9:28:13","14.08.2025 9:28:13"
"GOV","72257","14.08.2025 9:29:48","14.08.2025 9:29:54"
"BARAV","74287","04.09.2025 8:46:00","04.09.2025 8:46:00"
"BKV","72601","22.08.2025 9:24:13","22.08.2025 9:24:17"
"BKV","72601","22.08.2025 9:43:10","22.08.2025 9:43:14"
"BKV","72601","26.08.2025 11:39:38","26.08.2025 11:39:42"
"BKV","72601","26.08.2025 11:44:40","26.08.2025 11:44:44"
"GOV","74287","14.08.2025 10:52:49","14.08.2025 10:52:50"
"GOV","72595","14.08.2025 10:54:43","14.08.2025 10:54:45"
"ASUSE","72601","07.08.2025 14:53:33","07.08.2025 14:53:38"
"BARAV","74287","04.09.2025 8:46:58","04.09.2025 8:46:58"
"BKV","72601","22.08.2025 9:46:30","22.08.2025 9:46:34"
"BKV","72601","22.08.2025 9:48:36","22.08.2025 9:48:40"
"BKV","72601","26.08.2025 11:59:43","26.08.2025 11:59:47"
"BKV","72601","26.08.2025 12:16:49","26.08.2025 12:16:53"
"GOV","72595","14.08.2025 10:55:03","14.08.2025 10:55:05"
"GOV","64649_ryaz","14.08.2025 10:56:54","14.08.2025 10:56:54"
"BARAV","74287","04.09.2025 8:48:12","04.09.2025 8:48:13"
"GOV","75680","17.08.2025 21:59:53","17.08.2025 21:59:53"
"BKV","72601","22.08.2025 9:52:04","22.08.2025 9:52:08"
"BKV","72601","26.08.2025 12:22:31","26.08.2025 12:22:35"
"BKV","72601","26.08.2025 12:33:01","26.08.2025 12:33:05"
"TSA","72595","14.08.2025 9:48:46","14.08.2025 9:48:47"
"TEST37","75545","22.08.2025 16:38:30","22.08.2025 16:38:31"
"BARAV","74287","04.09.2025 8:51:00","04.09.2025 8:51:01"
"BKV","72595","11.08.2025 12:03:42","11.08.2025 12:03:45"
"BKV","72601","26.08.2025 12:45:07","26.08.2025 12:45:11"
"BKV","72601","26.08.2025 12:51:31","26.08.2025 12:51:35"
"TEST37","75545","22.08.2025 16:38:50","22.08.2025 16:38:51"
"BKV","72601","25.08.2025 7:14:54","25.08.2025 7:15:00"
"BARAV","74287","04.09.2025 8:51:51","04.09.2025 8:51:51"
"BKV","72595","11.08.2025 12:04:28","11.08.2025 12:04:29"
"TSA","75545","25.08.2025 8:55:04","25.08.2025 8:55:04"
"BKV","72601","26.08.2025 14:11:16","26.08.2025 14:11:20"
"BKV","72601","26.08.2025 14:15:21","26.08.2025 14:15:25"
"BKV","72601","25.08.2025 7:18:11","25.08.2025 7:18:15"
"BKV","72601","25.08.2025 8:51:13","25.08.2025 8:51:17"
"ASUSE","61880_10_ryaz","04.09.2025 10:18:14","04.09.2025 10:19:08"
"BARAV","74287","04.09.2025 8:52:38","04.09.2025 8:52:38"
"TSA","75545","25.08.2025 12:20:20","25.08.2025 12:20:21"
"TSA","75529","25.08.2025 14:05:32","25.08.2025 14:05:32"
"BKV","72601","26.08.2025 14:18:41","26.08.2025 14:18:45"
"BKV","72601","26.08.2025 14:20:06","26.08.2025 14:20:11"
"TSA","75529","22.08.2025 12:12:19","22.08.2025 12:12:20"
"TSA","75545","22.08.2025 12:24:25","22.08.2025 12:24:26"
"TSA","75545","22.08.2025 12:24:56","22.08.2025 12:24:56"
"ASUSE","61880_9_v3_ryaz","27.11.2025 18:48:39","27.11.2025 18:48:44"
"FED","75728","16.12.2025 11:02:54","16.12.2025 11:03:37"
"FED","75728","16.12.2025 11:07:51","16.12.2025 11:08:31"
"FED","76607","16.12.2025 15:01:55","16.12.2025 15:01:57"
"FED","75728","16.12.2025 15:22:43","16.12.2025 15:23:23"
"FED","75780","16.01.2026 8:44:27","16.01.2026 8:44:34"
"FED","75780","16.01.2026 10:36:36","16.01.2026 10:36:42"
"FED","75780","16.01.2026 13:03:22","16.01.2026 13:03:28"
"FED","75780","16.01.2026 13:03:55","16.01.2026 13:04:01"
"BARAV","74287","04.09.2025 8:54:11","04.09.2025 8:54:12"
"BKV","72601","26.08.2025 9:51:06","26.08.2025 9:51:12"
"BKV","72601","26.08.2025 9:54:54","26.08.2025 9:54:58"
"BKV","72601","26.08.2025 14:21:28","26.08.2025 14:21:32"
"BKV","72601","26.08.2025 14:26:10","26.08.2025 14:26:14"
"TSA","75545","22.08.2025 15:37:46","22.08.2025 15:37:47"
"BKV","72601","25.08.2025 9:03:17","25.08.2025 9:03:21"
"BARAV","74287","04.09.2025 8:57:17","04.09.2025 8:57:17"
"BKV","72601","26.08.2025 9:56:18","26.08.2025 9:56:22"
"BKV","72601","26.08.2025 9:58:46","26.08.2025 9:58:50"
"BKV","72601","26.08.2025 14:29:59","26.08.2025 14:30:03"
"BKV","72601","26.08.2025 15:41:50","26.08.2025 15:41:55"
"BKV","72601","25.08.2025 12:03:05","25.08.2025 12:03:09"
"BKV","72601","25.08.2025 12:11:08","25.08.2025 12:11:12"
"FED","75780","16.01.2026 13:12:08","16.01.2026 13:12:13"
"FED","75780","22.01.2026 16:25:49","22.01.2026 16:25:55"
"BARAV","74287","04.09.2025 8:58:13","04.09.2025 8:58:14"
"ASUSE","72601","25.08.2025 15:40:10","25.08.2025 15:40:15"
"ASUSE","72601","25.08.2025 15:45:53","25.08.2025 15:45:59"
"BARAV","72257","28.08.2025 15:19:40","28.08.2025 15:19:47"
"BARAV","74610","28.08.2025 16:46:19","28.08.2025 16:46:20"
"TSA","75545","28.08.2025 16:52:03","28.08.2025 16:52:03"
"BKV","72601","25.08.2025 12:15:21","25.08.2025 12:15:25"
"TEST37","75545","25.08.2025 12:19:05","25.08.2025 12:19:06"
"BARAV","74287","04.09.2025 8:58:27","04.09.2025 8:58:28"
"ASUSE","72601","25.08.2025 15:47:36","25.08.2025 15:47:41"
"BKV","72601","26.08.2025 10:00:05","26.08.2025 10:00:10"
"YANO","61880_17_v3_ryaz","30.09.2025 9:06:30","30.09.2025 9:07:05"
"ASUSE","61880_10_ryaz","12.09.2025 14:13:44","12.09.2025 14:14:32"
"BARAV","75580","17.09.2025 12:24:49","17.09.2025 12:24:50"
"BARAV","74287","17.09.2025 16:04:48","17.09.2025 16:04:49"
"BKV","72601","22.09.2025 14:38:27","22.09.2025 14:38:32"
"BKV","72601","22.09.2025 14:40:41","22.09.2025 14:40:46"
"AEV","61880_9_v3_ryaz","26.11.2025 11:09:15","26.11.2025 11:09:20"
"BARAV","74287","16.09.2025 16:35:52","16.09.2025 16:35:53"
"ITA","61880_11_new","11.09.2025 11:09:37","11.09.2025 11:14:30"
"MVO","76389","15.09.2025 12:22:45","15.09.2025 14:44:51"
"ZOV","75237","10.11.2025 9:48:50","10.11.2025 9:48:51"
"YANO","61880_10_ryaz","11.12.2025 8:57:05","11.12.2025 8:57:51"
"YANO","61880_10_ryaz","11.12.2025 9:05:10","11.12.2025 9:05:52"
"YANO","61880_10_ryaz","11.12.2025 9:08:42","11.12.2025 9:09:24"
"YANO","61880_10_ryaz","11.12.2025 9:29:32","11.12.2025 9:30:14"
"YANO","61880_10_ryaz","11.12.2025 9:32:28","11.12.2025 9:33:10"
"FED","75780","29.12.2025 15:17:47","29.12.2025 15:17:53"
"TEST37","61880_9_v4_ryaz_json","30.12.2025 9:51:04","30.12.2025 9:51:12"
"AEV","61880_9_v4_ryaz_json","15.01.2026 9:56:18","15.01.2026 9:56:24"
"FED","75780","19.01.2026 14:12:46","19.01.2026 14:12:52"
"BARAV","74287","17.09.2025 16:06:00","17.09.2025 16:06:01"
"BKV","72601","22.09.2025 14:43:27","22.09.2025 14:43:32"
"BKV","72601","22.09.2025 14:46:29","22.09.2025 14:46:34"
"ASUSE","61880_9_v3_ryaz","27.11.2025 14:35:00","27.11.2025 14:35:03"
"BARAV","74287","16.09.2025 16:37:31","16.09.2025 16:37:32"
"BARAV","61880_14","17.09.2025 8:16:27","17.09.2025 8:16:30"
"BARAV","74287","17.09.2025 16:06:54","17.09.2025 16:06:55"
"BARAV","72943","16.09.2025 11:06:36","16.09.2025 11:06:40"
"BKV","72601","22.09.2025 14:50:52","22.09.2025 14:50:57"
"BARAV","74287","16.09.2025 16:38:06","16.09.2025 16:38:07"
"BARAV","61880_19","17.09.2025 8:20:35","17.09.2025 8:20:49"
"BARAV","64651","17.09.2025 8:21:39","17.09.2025 8:21:40"
"FED","75780","19.01.2026 16:36:09","19.01.2026 16:36:14"
"BARAV","74287","17.09.2025 16:08:47","17.09.2025 16:08:47"
"BKV","72601","22.09.2025 14:54:54","22.09.2025 14:54:58"
"BKV","72601","23.09.2025 9:22:36","23.09.2025 9:22:42"
"ASUSE","61880_9_v3_ryaz","27.11.2025 14:41:00","27.11.2025 14:41:02"
"BARAV","74287","16.09.2025 16:38:53","16.09.2025 16:38:54"
"BARAV","61880_7","17.09.2025 8:27:50",
"BARAV","74287","17.09.2025 16:10:21","17.09.2025 16:10:21"
"BKV","72587","23.09.2025 11:07:12","23.09.2025 11:07:13"
"BKV","72587","23.09.2025 11:11:38","23.09.2025 11:11:39"
"BARAV","74287","16.09.2025 16:40:50","16.09.2025 16:40:51"
"BARAV","72587","16.09.2025 16:42:18","16.09.2025 16:42:19"
"BKV","61880_1","12.09.2025 14:35:42","12.09.2025 14:35:57"
"BKV","61880_1","12.09.2025 14:36:09","12.09.2025 14:36:25"
"YANO","61880_17_v3_ryaz","18.09.2025 8:47:14","18.09.2025 8:47:55"
"GOV","72601","20.09.2025 14:00:08","20.09.2025 14:00:12"
"GOV","75778_ryaz_gp","20.09.2025 14:02:43","20.09.2025 14:02:56"
"ZOV","75227","12.11.2025 8:52:53","12.11.2025 8:52:54"
"ZOV","75227","12.11.2025 8:54:19","12.11.2025 8:54:19"
"TSA","75545","29.09.2025 15:21:18","29.09.2025 15:21:18"
"YANO","61880_17_v3_ryaz","29.09.2025 17:26:16","29.09.2025 17:26:54"
"BARAV","66806","17.09.2025 8:28:07","17.09.2025 8:28:08"
"YANO","61880_17_v3_ryaz","18.09.2025 8:57:01","18.09.2025 8:57:38"
"TSA","72601","16.09.2025 12:29:36","16.09.2025 12:29:41"
"TSA","72601","16.09.2025 12:30:48","16.09.2025 12:30:52"
"ZOV","76873","12.11.2025 9:53:29","12.11.2025 9:53:32"
"ASUSE","72430","01.12.2025 12:13:03","01.12.2025 12:13:49"
"YANO","61880_17_v3_ryaz","29.09.2025 17:27:39","29.09.2025 17:28:15"
"BARAV","72595","12.09.2025 15:01:33","12.09.2025 15:01:35"
"BARAV","72587","12.09.2025 15:05:44","12.09.2025 15:05:45"
"YANO","61880_17_v3_ryaz","18.09.2025 8:59:20","18.09.2025 8:59:58"
"GOV","75778_ryaz_gp","20.09.2025 14:03:40","20.09.2025 14:03:54"
"TSA","75545","22.09.2025 14:41:00","22.09.2025 14:41:00"
"YANO","61880_17_v3_ryaz","30.09.2025 8:57:42","30.09.2025 8:58:21"
"BARAV","74287","12.09.2025 15:08:13","12.09.2025 15:08:14"
"YANO","61880_17_v3_ryaz","18.09.2025 12:46:10","18.09.2025 12:46:49"
"BKV","72601","22.09.2025 10:26:16","22.09.2025 10:26:22"
"YANO","74287","23.09.2025 11:13:03","23.09.2025 11:13:04"
"BKV","72587","23.09.2025 11:25:18","23.09.2025 11:25:18"
"ASUSE","61880_10_ryaz","01.12.2025 12:37:05","01.12.2025 12:37:49"
"ASUSE","74287","01.12.2025 15:41:46","01.12.2025 15:41:48"
"ASUSE","64949","02.12.2025 11:08:43","02.12.2025 11:08:48"
"YANO","61880_17_v3_ryaz","30.09.2025 8:58:47","30.09.2025 8:59:23"
"BARAV","74287","12.09.2025 15:19:17","12.09.2025 15:19:17"
"BKV","72601","22.09.2025 10:32:31","22.09.2025 10:32:35"
"BKV","72601","22.09.2025 11:39:15","22.09.2025 11:39:22"
"MVO","75680","16.09.2025 10:02:07","16.09.2025 10:02:07"
"MVO","75680","16.09.2025 12:23:44","16.09.2025 12:23:45"
"YANO","61880_17_v3_ryaz","30.09.2025 9:00:25","30.09.2025 9:01:00"
"BARAV","74287","12.09.2025 15:19:50","12.09.2025 15:19:51"
"BKV","72601","22.09.2025 12:11:36","22.09.2025 12:11:41"
"BKV","72601","22.09.2025 12:13:59","22.09.2025 12:14:03"
"BKV","72601","23.09.2025 11:26:11","23.09.2025 11:26:16"
"BKV","72601","23.09.2025 11:49:44","23.09.2025 11:49:49"
"YANO","61880_17_v3_ryaz","30.09.2025 9:01:38","30.09.2025 9:02:14"
"BARAV","74287","12.09.2025 15:20:38","12.09.2025 15:20:39"
"BKV","72601","22.09.2025 12:20:51","22.09.2025 12:20:55"
"BKV","72601","22.09.2025 12:22:10","22.09.2025 12:22:14"
"ITA","75680","11.09.2025 11:51:26","11.09.2025 11:51:26"
"ITA","75680","11.09.2025 11:51:58","11.09.2025 11:51:58"
"YANO","61880_17_v3_ryaz","30.09.2025 9:02:36","30.09.2025 9:03:11"
"BARAV","74287","12.09.2025 15:21:48","12.09.2025 15:21:49"
"BARAV","72609","12.09.2025 15:33:08","12.09.2025 15:33:08"
"BKV","72601","22.09.2025 13:53:29","22.09.2025 13:53:34"
"BKV","72601","22.09.2025 14:04:24","22.09.2025 14:04:28"
"ITA","75680","11.09.2025 11:52:25","11.09.2025 11:52:25"
"ITA","75680","11.09.2025 11:52:56","11.09.2025 11:52:56"
"YANO","61880_17_v3_ryaz","30.09.2025 9:03:42","30.09.2025 9:04:18"
"BARAV","61880_17","17.09.2025 8:33:39","17.09.2025 8:34:04"
"BARAV","76389","17.09.2025 8:35:10","17.09.2025 8:37:28"
"BKV","72601","22.09.2025 14:10:17","22.09.2025 14:10:21"
"ASUSE","72601","22.09.2025 14:13:31","22.09.2025 14:13:35"
"ASUSE","75545","24.09.2025 13:47:42","24.09.2025 13:47:43"
"ASUSE","75545","24.09.2025 13:48:14","24.09.2025 13:48:15"
"YANO","72257","25.09.2025 15:54:34","25.09.2025 15:54:40"
"YANO","61880_17_v3_ryaz","30.09.2025 9:04:36","30.09.2025 9:05:11"
"BARAV","72595","16.09.2025 11:21:35","16.09.2025 11:21:37"
"BARAV","72609","16.09.2025 11:24:09","16.09.2025 11:24:10"
"BKV","72601","22.09.2025 14:31:42","22.09.2025 14:31:46"
"BKV","72601","22.09.2025 14:34:02","22.09.2025 14:34:06"
"BARAV","72609","16.09.2025 16:26:36","16.09.2025 16:26:37"
"BARAV","74287","16.09.2025 16:34:26","16.09.2025 16:34:30"
"YANO","61880_17_v3_ryaz","30.09.2025 9:05:38","30.09.2025 9:06:13"
"BARAV","72587","16.09.2025 11:26:29","16.09.2025 11:26:30"
"BARAV","76389","17.09.2025 8:40:37","17.09.2025 8:42:38"
"ASUSE","72601","22.09.2025 14:34:09","22.09.2025 14:34:14"
"BKV","72601","22.09.2025 14:35:47","22.09.2025 14:35:51"
"BARAV","72956","11.09.2025 12:18:52","11.09.2025 12:18:53"
"BARAV","75580","11.09.2025 12:20:02","11.09.2025 12:20:03"
"YANO","61880_17_v3_ryaz","30.09.2025 9:21:59","30.09.2025 9:22:34"
"BARAV","74287","23.09.2025 9:13:34","23.09.2025 9:13:35"
"BARAV","74610","15.09.2025 13:59:15","15.09.2025 13:59:16"
"BARAV","72595","15.09.2025 14:05:22","15.09.2025 14:05:25"
"BARAV","75580","11.09.2025 12:20:40","11.09.2025 12:20:40"
"BARAV","72609","11.09.2025 15:57:43","11.09.2025 15:57:43"
"BARAV","72595","24.09.2025 16:41:55","24.09.2025 16:41:57"
"YANO","61880_17_v3_ryaz","30.09.2025 9:23:14","30.09.2025 9:23:49"
"BARAV","74287","23.09.2025 9:14:23","23.09.2025 9:14:24"
"BARAV","72609","23.09.2025 11:15:11","23.09.2025 11:15:12"
"BARAV","72587","23.09.2025 11:54:38","23.09.2025 11:54:38"
"BARAV","72943","11.09.2025 16:37:42","11.09.2025 16:37:46"
"TSA","75545","12.09.2025 8:54:04","12.09.2025 8:54:04"
"YANO","61880_17_v3_ryaz","30.09.2025 9:24:04","30.09.2025 9:24:39"
"BARAV","74287","23.09.2025 9:14:45","23.09.2025 9:14:46"
"TSA","75545","26.09.2025 8:39:06","26.09.2025 8:39:06"
"YANO","61880_17_v3_ryaz","30.09.2025 9:07:24","30.09.2025 9:07:59"
"ASUSE","61880_1","12.09.2025 14:18:54","12.09.2025 14:19:14"
"ASUSE","61880_1","12.09.2025 14:19:29","12.09.2025 14:19:45"
"YANO","61880_17_v3_ryaz","30.09.2025 9:24:57","30.09.2025 9:25:33"
"BARAV","74287","23.09.2025 9:15:04","23.09.2025 9:15:04"
"YANO","61880_17_v3_ryaz","30.09.2025 9:08:37","30.09.2025 9:09:12"
"BARAV","72943","22.09.2025 11:00:26","22.09.2025 11:00:29"
"BARAV","72601","22.09.2025 11:06:07","22.09.2025 11:06:12"
"YANO","61880_17_v3_ryaz","30.09.2025 9:30:44","30.09.2025 9:31:19"
"BARAV","74287","23.09.2025 9:15:24","23.09.2025 9:15:24"
"BARAV","74287","10.09.2025 15:48:19","10.09.2025 15:48:19"
"BARAV","72587","10.09.2025 16:08:38","10.09.2025 16:08:39"
"BARAV","72601","22.09.2025 11:21:24","22.09.2025 11:21:28"
"BARAV","72601","22.09.2025 11:32:46","22.09.2025 11:32:51"
"BARAV","74287","23.09.2025 8:19:59","23.09.2025 8:20:00"
"BARAV","74287","23.09.2025 8:34:17","23.09.2025 8:34:18"
"BARAV","74287","23.09.2025 9:16:02","23.09.2025 9:16:02"
"BARAV","72595","10.09.2025 16:24:38","10.09.2025 16:24:40"
"BARAV","74610","10.09.2025 16:41:42","10.09.2025 16:41:43"
"BARAV","72601","22.09.2025 12:02:01","22.09.2025 12:02:07"
"BARAV","72601","22.09.2025 12:22:30","22.09.2025 12:22:34"
"BARAV","74287","23.09.2025 8:35:37","23.09.2025 8:35:38"
"BARAV","74287","23.09.2025 9:16:37","23.09.2025 9:16:38"
"TEST37","72956","11.09.2025 9:30:52","11.09.2025 9:30:55"
"MVO","76389","12.09.2025 11:54:44","12.09.2025 16:22:00"
"BARAV","72601","22.09.2025 12:28:20","22.09.2025 12:28:24"
"BARAV","72601","22.09.2025 13:37:41","22.09.2025 13:37:46"
"BARAV","74287","23.09.2025 9:01:25","23.09.2025 9:01:26"
"BARAV","74287","23.09.2025 9:17:13","23.09.2025 9:17:14"
"BARAV","74287","18.09.2025 7:56:25","18.09.2025 7:56:26"
"BARAV","75580","18.09.2025 12:08:19","18.09.2025 12:08:20"
"BARAV","61880_9_v3_ryaz","10.10.2025 10:27:34","10.10.2025 10:27:37"
"BARAV","61880_9_v3_ryaz","10.10.2025 10:27:58","10.10.2025 10:28:02"
"BARAV","61880_9_v3_ryaz","10.10.2025 10:29:02","10.10.2025 10:29:05"
"BARAV","72601","22.09.2025 14:06:29","22.09.2025 14:06:33"
"ASUSE","75545","22.09.2025 15:02:37","22.09.2025 15:02:38"
"MVO","76389","15.09.2025 10:38:54","15.09.2025 15:09:03"
"BARAV","74287","23.09.2025 9:09:58","23.09.2025 9:09:59"
"BARAV","74287","23.09.2025 9:17:50","23.09.2025 9:17:50"
"BARAV","75580","18.09.2025 12:16:35","18.09.2025 12:16:36"
"BARAV","75580","18.09.2025 12:17:07","18.09.2025 12:17:07"
"BARAV","72430","10.10.2025 14:17:38","10.10.2025 14:18:24"
"ASUSE","61880_9_v3_ryaz","22.11.2025 1:35:45","22.11.2025 1:35:49"
"GOV","75780","10.12.2025 8:47:06","10.12.2025 8:47:13"
"SSN","75041","16.01.2026 13:53:56","16.01.2026 13:53:58"
"SSN","75041","16.01.2026 14:58:37","16.01.2026 14:59:12"
"SSN","75041","16.01.2026 15:33:16","16.01.2026 15:33:48"
"PSA","75778_ryaz_gp","27.01.2026 12:14:29","27.01.2026 12:14:36"
"ASUSE","75545","22.09.2025 15:02:54","22.09.2025 15:02:55"
"BARAV","72601","22.09.2025 15:09:02","22.09.2025 15:09:07"
"BARAV","74287","23.09.2025 9:10:07","23.09.2025 9:10:08"
"BARAV","74287","23.09.2025 9:18:07","23.09.2025 9:18:08"
"YANO","61880_17_v3_ryaz","17.09.2025 15:06:29","17.09.2025 15:07:08"
"BKV","72601","24.09.2025 8:07:30","24.09.2025 8:07:36"
"BKV","72601","24.09.2025 12:38:08","24.09.2025 12:38:13"
"BARAV","74287","23.09.2025 9:10:47","23.09.2025 9:10:48"
"BARAV","74287","23.09.2025 9:22:01","23.09.2025 9:22:02"
"YANO","61880_17_v3_ryaz","17.09.2025 15:13:51","17.09.2025 15:14:31"
"BARAV","75580","18.09.2025 12:17:38","18.09.2025 12:17:40"
"PSA","75778_ryaz_gp","27.01.2026 12:15:41","27.01.2026 12:15:46"
"PSA","75778_ryaz_gp","27.01.2026 12:37:27","27.01.2026 12:37:33"
"BKV","72601","24.09.2025 12:45:56","24.09.2025 12:46:00"
"BKV","72601","24.09.2025 12:54:46","24.09.2025 12:54:50"
"BARAV","74287","23.09.2025 9:11:08","23.09.2025 9:11:08"
"BARAV","74287","23.09.2025 9:23:10","23.09.2025 9:23:11"
"BARAV","75580","18.09.2025 12:19:48","18.09.2025 12:19:48"
"BARAV","75580","18.09.2025 12:20:16","18.09.2025 12:20:17"
"MNE","76929","31.10.2025 11:02:04","31.10.2025 11:02:05"
"ZOV","76585","05.11.2025 10:40:49","05.11.2025 10:41:00"
"ZOV","76585","05.11.2025 10:42:17","05.11.2025 10:42:33"
"ZOV","76585","05.11.2025 13:11:33","05.11.2025 13:11:36"
"ZOV","76585","05.11.2025 13:13:37","05.11.2025 13:13:38"
"ZOV","76929","05.11.2025 15:37:36","05.11.2025 15:37:37"
"ZOV","76929","05.11.2025 16:30:37","05.11.2025 16:30:38"
"YANO","61880_17_v3_ryaz","26.09.2025 15:27:25","26.09.2025 15:28:05"
"BARAV","74287","23.09.2025 9:11:45","23.09.2025 9:11:45"
"BARAV","74287","23.09.2025 9:23:42","23.09.2025 9:23:43"
"BARAV","72565","18.09.2025 12:27:54","18.09.2025 12:27:55"
"BARAV","72943","22.09.2025 8:38:00","22.09.2025 8:38:04"
"YANO","61880_17_v3_ryaz","30.09.2025 9:09:31","30.09.2025 9:10:06"
"YANO","61880_17_v3_ryaz","30.09.2025 9:10:23","30.09.2025 9:10:59"
"BARAV","74287","23.09.2025 9:12:00","23.09.2025 9:12:00"
"BARAV","74287","23.09.2025 9:24:00","23.09.2025 9:24:00"
"BARAV","72587","23.09.2025 9:29:04","23.09.2025 9:29:05"
"BARAV","72601","22.09.2025 10:34:03","22.09.2025 10:34:07"
"BARAV","72601","22.09.2025 10:55:16","22.09.2025 10:55:21"
"ZOV","76585","05.11.2025 17:00:41","05.11.2025 17:00:57"
"YANO","61880_17_v3_ryaz","30.09.2025 9:13:16","30.09.2025 9:13:51"
"BARAV","74287","23.09.2025 9:12:19","23.09.2025 9:12:19"
"BARAV","72595","23.09.2025 9:45:43","23.09.2025 9:45:44"
"BARAV","72587","23.09.2025 11:04:30","23.09.2025 11:04:31"
"BARAV","72587","11.09.2025 8:56:25","11.09.2025 8:56:26"
"BARAV","72587","11.09.2025 9:01:09","11.09.2025 9:01:09"
"BARAV","72587","11.09.2025 9:01:48","11.09.2025 9:01:48"
"YANO","61880_17_v3_ryaz","30.09.2025 9:14:05","30.09.2025 9:14:40"
"BARAV","74287","23.09.2025 9:12:58","23.09.2025 9:12:59"
"BARAV","72587","23.09.2025 11:07:06","23.09.2025 11:07:06"
"BARAV","72587","23.09.2025 11:07:54","23.09.2025 11:07:54"
"BARAV","72587","23.09.2025 11:11:11","23.09.2025 11:11:11"
"BARAV","72418","11.09.2025 9:03:40","11.09.2025 9:03:40"
"BARAV","72956","11.09.2025 9:04:14","11.09.2025 9:04:15"
"ASUSE","64649_ryaz","10.11.2025 16:21:56","10.11.2025 16:21:57"
"ZOV","75680","11.11.2025 17:10:08","11.11.2025 17:10:09"
"SOV","75680","24.10.2025 10:25:56","24.10.2025 10:25:56"
"SOV","75680","24.10.2025 10:29:58","24.10.2025 10:29:58"
"TSA","75545","30.09.2025 11:21:08","30.09.2025 11:21:08"
"TSA","75545","30.09.2025 15:58:09","30.09.2025 15:58:10"
"ASUSE","61759_1","02.12.2025 11:05:40","02.12.2025 11:05:48"
"ZOV","75680","11.11.2025 17:10:40","11.11.2025 17:10:41"
"NAM","64649_ryaz","24.11.2025 15:18:39","24.11.2025 15:18:40"
"FED","75061_v2","06.11.2025 10:34:06","06.11.2025 10:34:26"
"TSA","75529","08.11.2025 12:11:44","08.11.2025 12:11:45"
"YANO","72601","22.10.2025 8:43:26","22.10.2025 8:43:31"
"ASUSE","75529","27.10.2025 14:46:30","27.10.2025 14:46:31"
"YANO","61880_17_v3_ryaz","05.12.2025 11:12:01","05.12.2025 11:12:54"
"ZOV","76882","14.11.2025 9:03:57","14.11.2025 9:03:58"
"ZOV","76882","14.11.2025 9:44:31","14.11.2025 9:44:32"
"NAM","64649_ryaz","24.11.2025 15:18:51","24.11.2025 15:18:51"
"NAM","64649_ryaz","10.11.2025 11:53:08","10.11.2025 11:53:09"
"NAM","61880_17_v3_ryaz","10.11.2025 15:53:09","10.11.2025 15:53:59"
"ASUSE","75545","27.10.2025 14:48:40","27.10.2025 14:48:41"
"ASUSE","75529","27.10.2025 14:49:05","27.10.2025 14:49:05"
"ASUSE","75545","27.10.2025 14:52:35","27.10.2025 14:52:36"
"YANO","61880_17_v3_ryaz","05.12.2025 11:14:59","05.12.2025 11:15:55"
"KAN","72595","02.10.2025 16:06:24","02.10.2025 16:06:26"
"KAN","72595","02.10.2025 16:07:13","02.10.2025 16:07:15"
"TSA","75545","25.11.2025 14:47:41","25.11.2025 14:47:42"
"TSA","75545","25.11.2025 14:48:41","25.11.2025 14:48:41"
"TSA","75545","25.11.2025 14:56:39","25.11.2025 14:56:39"
"BARAV","72852","15.10.2025 11:18:12","15.10.2025 11:18:18"
"BARAV","72852","15.10.2025 11:18:52","15.10.2025 11:18:56"
"YANO","61880_17_v3_ryaz","05.12.2025 11:16:31","05.12.2025 11:17:19"
"KAN","72595","02.10.2025 16:07:38","02.10.2025 16:07:40"
"HMA","65116","23.10.2025 12:24:10",
"AEV","61880_17_v3_ryaz","25.11.2025 17:06:11","25.11.2025 17:07:00"
"ASUSE","61880_17_v3_ryaz","26.11.2025 12:28:30","26.11.2025 12:29:17"
"YANO","72601","22.10.2025 9:12:51","22.10.2025 9:12:56"
"YANO","72601","22.10.2025 9:13:48","22.10.2025 9:13:52"
"YANO","61880_17_v3_ryaz","05.12.2025 11:17:43","05.12.2025 11:18:32"
"BKV","72587","10.10.2025 14:07:47","10.10.2025 14:07:48"
"BKV","72587","10.10.2025 14:09:38","10.10.2025 14:09:39"
"BKV","72587","10.10.2025 14:12:08","10.10.2025 14:12:08"
"ASUSE","61880_17_v3_ryaz_gp","27.11.2025 15:21:34","27.11.2025 15:24:51"
"ASUSE","61880_17_v3_ryaz_gp","27.11.2025 15:27:24","27.11.2025 15:28:21"
"ASUSE","76389","27.10.2025 14:59:36","27.10.2025 14:59:37"
"TSA","75545","01.11.2025 15:38:01","01.11.2025 15:38:01"
"BARAV","72587","17.11.2025 12:39:15","17.11.2025 12:39:16"
"BARAV","72587","17.11.2025 15:04:03","17.11.2025 15:04:03"
"TOA","75061_v2","22.10.2025 14:03:04","22.10.2025 14:03:14"
"NAM","64649_ryaz","24.11.2025 15:19:01","24.11.2025 15:19:02"
"AEV","61880_17_v3_ryaz","28.11.2025 15:18:41","28.11.2025 15:19:36"
"RNA","75545","02.12.2025 9:58:50","02.12.2025 9:58:51"
"MVO","76389","09.10.2025 10:50:42","09.10.2025 10:50:58"
"ASUSE","64649_ryaz","07.11.2025 11:17:46",
"ASUSE","61880_17_v3_ryaz","18.11.2025 19:33:20","18.11.2025 19:34:21"
"ASUSE","61880_17_v3_ryaz","18.11.2025 19:38:33","18.11.2025 19:39:43"
"BKV","72601","14.10.2025 12:07:21","14.10.2025 12:07:26"
"BKV","72601","14.10.2025 12:30:34","14.10.2025 12:30:38"
"YANO","61880_17_v3_ryaz","05.12.2025 11:19:01","05.12.2025 11:19:51"
"ASUSE","64649_ryaz","07.11.2025 11:23:42",
"ZOV","76882","10.11.2025 14:15:28","10.11.2025 14:15:30"
"ZOV","76835","12.11.2025 9:18:01","12.11.2025 9:18:09"
"ASUSE","61880_17_v3_ryaz","18.11.2025 19:41:18","18.11.2025 19:42:27"
"BKV","72601","19.11.2025 10:14:09","19.11.2025 10:14:15"
"BKV","72601","14.10.2025 12:48:29","14.10.2025 12:48:33"
"BKV","72601","14.10.2025 14:25:11","14.10.2025 14:25:16"
"YANO","61880_17_v3_ryaz","05.12.2025 11:26:48","05.12.2025 11:27:36"
"BKV","72601","19.11.2025 11:11:22","19.11.2025 11:11:27"
"BKV","72601","19.11.2025 11:17:55","19.11.2025 11:18:00"
"BKV","72601","14.10.2025 14:41:58","14.10.2025 14:42:02"
"NAM","64649_ryaz","24.11.2025 15:28:47","24.11.2025 15:28:47"
"YANO","61880_17_v3_ryaz","05.12.2025 11:28:06","05.12.2025 11:28:55"
"TSA","75529","09.12.2025 9:45:26","09.12.2025 9:45:27"
"YANO","72601","21.10.2025 17:07:11","21.10.2025 17:07:16"
"YANO","72601","21.10.2025 17:08:18","21.10.2025 17:08:23"
"BKV","72601","20.11.2025 12:02:22","20.11.2025 12:02:28"
"BKV","72601","20.11.2025 14:52:58","20.11.2025 14:53:02"
"SOV","75680","24.10.2025 9:51:14","24.10.2025 9:51:14"
"SOV","61759_1","24.10.2025 9:54:53","24.10.2025 9:55:00"
"ASUSE","61880_17_v3_ryaz","09.12.2025 9:54:41","09.12.2025 9:55:46"
"ASUSE","61880_17_v3_ryaz","10.12.2025 13:36:19","10.12.2025 13:37:23"
"ZOV","76882","28.10.2025 16:39:55","28.10.2025 16:39:56"
"AEV","61880_17_v3_ryaz","26.11.2025 11:02:15","26.11.2025 11:03:06"
"ASUSE","61880_17_v3_ryaz","19.11.2025 23:14:52","19.11.2025 23:15:56"
"BKV","72601","20.11.2025 15:19:59","20.11.2025 15:20:04"
"SOV","61880_13","24.10.2025 9:56:03","24.10.2025 9:56:06"
"SOV","61880_11_new","24.10.2025 9:56:38","24.10.2025 10:01:16"
"BARAV","72595","10.12.2025 14:08:05","10.12.2025 14:08:08"
"KAN","64950_ryaz","10.12.2025 14:49:26","10.12.2025 14:49:27"
"BARAV","74287","26.11.2025 12:11:33","26.11.2025 12:11:34"
"ASUSE","61880_17_v3_ryaz","26.11.2025 15:23:02","26.11.2025 15:23:50"
"BKV","72601","20.11.2025 15:33:56","20.11.2025 15:34:00"
"ASUSE","64649_ryaz","21.11.2025 14:25:26","21.11.2025 14:25:27"
"SOV","75680","24.10.2025 10:23:16","24.10.2025 10:23:16"
"SOV","75680","24.10.2025 10:25:04","24.10.2025 10:25:04"
"TSA","75545","01.12.2025 14:34:30","01.12.2025 14:34:31"
"KAN","64950_ryaz","10.12.2025 14:53:28","10.12.2025 14:53:28"
"ASUSE","61880_17_ryaz","01.12.2025 12:20:25","01.12.2025 12:20:52"
"ASUSE","72852","01.12.2025 12:22:34","01.12.2025 12:22:40"
"ASUSE","72587","13.11.2025 16:48:49","13.11.2025 16:48:50"
"NAM","64649_ryaz","20.11.2025 17:27:48","20.11.2025 17:27:49"
"ASUSE","64649_ryaz","21.11.2025 15:29:59","21.11.2025 15:29:59"
"ZOV","76835","22.10.2025 17:35:21","22.10.2025 17:35:29"
"GOV","75778_ryaz_gp","23.10.2025 10:22:16","23.10.2025 10:22:33"
"KAN","64950_ryaz","10.12.2025 14:56:43","10.12.2025 14:56:44"
"KAN","64950_ryaz","10.12.2025 14:57:56","10.12.2025 14:57:56"
"ASUSE","75580","01.12.2025 13:02:04","01.12.2025 13:02:06"
"ASUSE","72943","01.12.2025 13:53:25","01.12.2025 13:53:32"
"ASUSE","64649_ryaz","21.11.2025 15:30:27","21.11.2025 15:30:28"
"ASUSE","64649_ryaz","21.11.2025 15:31:46","21.11.2025 15:31:46"
"BARAV","74287","17.10.2025 10:29:42","17.10.2025 10:29:43"
"BARAV","74287","17.10.2025 10:30:17","17.10.2025 10:30:17"
"BARAV","64950_ryaz","08.12.2025 9:10:12","08.12.2025 9:10:12"
"BARAV","64950_ryaz","08.12.2025 9:46:21","08.12.2025 9:46:21"
"AEV","64649_ryaz","07.11.2025 11:46:53",
"ASUSE","74287","01.12.2025 15:34:32","01.12.2025 15:34:34"
"ASUSE","61880_17_v3_ryaz","21.11.2025 15:53:16","21.11.2025 15:54:19"
"ASUSE","64649_ryaz","24.11.2025 11:15:38","24.11.2025 11:15:40"
"TSA","75545","16.10.2025 8:59:04","16.10.2025 8:59:04"
"TSA","75545","17.10.2025 10:43:40","17.10.2025 10:43:41"
"RNA","75529","09.12.2025 11:19:13","09.12.2025 11:19:14"
"BARAV","74287_long","10.12.2025 14:03:01","10.12.2025 14:03:03"
"BARAV","72852","21.10.2025 16:23:58","21.10.2025 16:24:03"
"BARAV","72852","21.10.2025 16:46:32","21.10.2025 16:46:37"
"BARAV","72257","24.10.2025 14:15:04","24.10.2025 14:15:10"
"BARAV","72257","24.10.2025 15:17:05","24.10.2025 15:17:10"
"ASUSE","64649_ryaz","21.11.2025 14:18:40","21.11.2025 14:18:40"
"BARAV","64950_ryaz","04.12.2025 15:42:20","04.12.2025 15:42:20"
"BKV","64950_ryaz","08.12.2025 9:43:40","08.12.2025 9:43:41"
"BARAV","72587","05.11.2025 14:17:42","05.11.2025 14:17:43"
"BARAV","72609","05.11.2025 14:45:02","05.11.2025 14:45:03"
"BKV","72601","22.10.2025 7:28:31","22.10.2025 7:28:37"
"BARAV","72601","20.11.2025 15:20:35","20.11.2025 15:20:39"
"BKV","72601","21.11.2025 14:57:14","21.11.2025 14:57:20"
"BKV","72601","21.11.2025 15:38:06","21.11.2025 15:38:11"
"BKV","64950_ryaz","08.12.2025 9:52:58","08.12.2025 9:52:59"
"AEV","61880_17_v3_ryaz","08.12.2025 10:19:48","08.12.2025 10:20:40"
"SAA","72852","01.11.2025 12:12:25","01.11.2025 12:12:33"
"SAA","72852","01.11.2025 12:13:01","01.11.2025 12:13:06"
"BARAV","72601","20.11.2025 15:22:11","20.11.2025 15:22:15"
"BARAV","72601","20.11.2025 15:41:01","20.11.2025 15:41:05"
"NAM","64649_ryaz","20.11.2025 15:23:04","20.11.2025 15:23:04"
"NAM","64649_ryaz","20.11.2025 15:27:04","20.11.2025 15:27:04"
"NAM","64649_ryaz","20.11.2025 15:28:05","20.11.2025 15:28:05"
"AEV","61880_17_v3_ryaz","08.12.2025 10:22:11","08.12.2025 10:22:59"
"BKV","72601","08.12.2025 12:27:44","08.12.2025 12:27:50"
"GOV","75778_ryaz_gp","22.10.2025 11:11:53","22.10.2025 11:12:09"
"GOV","75778_ryaz_gp","22.10.2025 11:13:03","22.10.2025 11:13:17"
"ASUSE","61880_17_v3_ryaz","17.11.2025 22:54:40","17.11.2025 22:55:43"
"ASUSE","64649_ryaz","21.11.2025 13:39:44","21.11.2025 13:39:45"
"SOV","61759_1","22.10.2025 12:53:04","22.10.2025 12:53:11"
"NAM","64649_ryaz","20.11.2025 16:49:59","20.11.2025 16:50:00"
"BKV","72601","08.12.2025 12:37:08","08.12.2025 12:37:13"
"GOV","75778_ryaz_gp","10.12.2025 9:34:02","10.12.2025 9:34:06"
"BARAV","72852","20.11.2025 14:31:07","20.11.2025 14:31:13"
"BARAV","72601","20.11.2025 14:31:48","20.11.2025 14:31:52"
"BARAV","72257","25.11.2025 10:04:17","25.11.2025 10:04:23"
"RNA","75545","02.12.2025 8:24:42","02.12.2025 8:24:42"
"ZOV","76835","04.12.2025 16:21:10","04.12.2025 16:21:14"
"LES","72852","23.10.2025 13:28:06","23.10.2025 13:28:13"
"LES","72319","23.10.2025 13:32:34","23.10.2025 13:32:39"
"BKV","64950_ryaz","10.12.2025 13:45:44","10.12.2025 13:45:44"
"KAN","64950_ryaz","10.12.2025 14:01:20","10.12.2025 14:01:21"
"NAM","64649_ryaz","07.11.2025 11:03:50",
"NAM","64649_ryaz","07.11.2025 11:04:07",
"RNA","75529","13.11.2025 8:59:03","13.11.2025 8:59:04"
"ZOV","75680","19.11.2025 8:43:59","19.11.2025 8:44:00"
"NAM","64649_ryaz","07.11.2025 11:09:20",
"ASUSE","74287","12.11.2025 17:09:00","12.11.2025 17:09:02"
"ASUSE","64649_ryaz","07.11.2025 19:51:17","07.11.2025 19:51:21"
"ASUSE","64649_ryaz","07.11.2025 19:52:22","07.11.2025 19:52:24"
"BARAV","72587","18.11.2025 7:33:17","18.11.2025 7:33:18"
"BARAV","75680","30.09.2025 12:01:21","30.09.2025 12:01:21"
"BARAV","75680","30.09.2025 12:03:14","30.09.2025 12:03:14"
"ZOV","75680","19.11.2025 9:40:11","19.11.2025 9:40:12"
"BKV","72601","21.11.2025 12:16:05","21.11.2025 12:16:10"
"BKV","72601","21.10.2025 16:23:13","21.10.2025 16:23:18"
"ASUSE","72587","12.11.2025 17:13:09","12.11.2025 17:13:10"
"BARAV","72956","18.11.2025 8:01:09","18.11.2025 8:01:13"
"KAN","64950_ryaz","10.12.2025 14:45:40","10.12.2025 14:45:41"
"BARAV","75778_ryaz_gp","30.09.2025 12:05:26","30.09.2025 12:05:31"
"BARAV","76389","01.10.2025 8:21:50",
"ASUSE","61880_17_v3_ryaz","19.11.2025 23:25:40","19.11.2025 23:26:41"
"ASUSE","61880_17_v3_ryaz","19.11.2025 23:32:13","19.11.2025 23:33:14"
"BKV","72601","17.10.2025 8:14:27","17.10.2025 8:14:33"
"BKV","72601","17.10.2025 8:24:15","17.10.2025 8:24:19"
"ASUSE","61880_17_v3_ryaz","19.11.2025 23:55:17",
"ASUSE","61880_17_v3_ryaz","19.11.2025 23:59:15",
"BARAV","76389","01.10.2025 8:22:20",
"BARAV","72257","01.10.2025 8:32:22","01.10.2025 8:32:28"
"BKV","72601","23.10.2025 9:36:14","23.10.2025 9:36:20"
"BKV","72601","23.10.2025 10:12:43","23.10.2025 10:12:48"
"BARAV","64649_ryaz","06.10.2025 11:15:41","06.10.2025 11:15:41"
"TSA","75529","09.10.2025 15:20:06","09.10.2025 15:20:06"
"ASUSE","61880_17_v3_ryaz","20.11.2025 0:10:01",
"ASUSE","72595","21.11.2025 19:04:57","21.11.2025 19:04:58"
"TEST37","75545","30.09.2025 12:34:29","30.09.2025 12:34:30"
"GOV","75778_ryaz_gp","06.10.2025 12:31:51","06.10.2025 12:32:05"
"BKV","72601","23.10.2025 10:38:24","23.10.2025 10:38:28"
"ASUSE","72943","18.11.2025 11:45:31","18.11.2025 11:45:38"
"TSA","76389","09.10.2025 15:30:15",
"BKV","72601","17.10.2025 8:42:09","17.10.2025 8:42:13"
"ASUSE","72595","21.11.2025 19:05:16","21.11.2025 19:05:18"
"ASUSE","75580","21.11.2025 19:05:55","21.11.2025 19:05:55"
"BARAV","72956","10.10.2025 7:50:16","10.10.2025 7:50:17"
"BARAV","72595","10.10.2025 7:51:33","10.10.2025 7:51:34"
"TSA","75545","01.11.2025 14:04:51","01.11.2025 14:04:51"
"TSA","75545","01.11.2025 14:57:49","01.11.2025 14:57:49"
"NAM","64649_ryaz","20.11.2025 16:56:25","20.11.2025 16:56:26"
"ASUSE","61880_17_v3_ryaz","27.11.2025 11:21:12","27.11.2025 11:36:18"
"BKV","72587","17.11.2025 16:34:58","17.11.2025 16:34:58"
"KAN","64950_ryaz","10.12.2025 14:47:28","10.12.2025 14:47:29"
"BARAV","72587","10.10.2025 7:52:26","10.10.2025 7:52:26"
"BARAV","72943","10.10.2025 10:30:25","10.10.2025 10:30:29"
"BKV","72601","22.10.2025 7:58:17","22.10.2025 7:58:22"
"BKV","72601","22.10.2025 8:57:08","22.10.2025 8:57:13"
"TSA","75545","13.10.2025 9:31:49","13.10.2025 9:31:49"
"BKV","72601","21.10.2025 9:33:42","21.10.2025 9:33:48"
"ASUSE","61880_17_v3_ryaz","27.11.2025 18:49:29","27.11.2025 18:50:32"
"RNA","75545","01.12.2025 14:53:13","01.12.2025 14:53:13"
"BARAV","72943","02.10.2025 10:57:42","02.10.2025 10:57:47"
"BARAV","72956","02.10.2025 11:03:56","02.10.2025 11:03:57"
"ASUSE","75580","17.11.2025 17:54:50","17.11.2025 17:54:52"
"TEST37","61880_17_v3_ryaz","18.11.2025 16:08:18","18.11.2025 16:09:28"
"BKV","72601","21.10.2025 14:54:42","21.10.2025 14:54:47"
"BKV","72601","21.10.2025 15:05:58","21.10.2025 15:06:03"
"ITA","61759_1","22.10.2025 11:34:24","22.10.2025 11:34:32"
"ZOV","76882","24.10.2025 10:41:31","24.10.2025 10:41:32"
"BARAV","72609","10.10.2025 10:35:37","10.10.2025 10:35:38"
"BARAV","74287","10.10.2025 13:56:17","10.10.2025 13:56:18"
"TEST37","61880_17_v3_ryaz","18.11.2025 17:00:15","18.11.2025 17:01:23"
"TEST37","61880_17_v3_ryaz","18.11.2025 17:03:25","18.11.2025 17:04:36"
"BKV","72601","21.10.2025 15:10:07","21.10.2025 15:10:12"
"ASUSE","61880_17_v3_ryaz","27.11.2025 13:30:51","27.11.2025 13:31:57"
"TOA","75061_v2","31.10.2025 11:20:59","31.10.2025 11:21:09"
"BARAV","72587","10.10.2025 13:58:40","10.10.2025 13:58:40"
"RNA","75545","13.10.2025 14:27:12","13.10.2025 14:27:12"
"ASUSE","61880_17_v3_ryaz","20.11.2025 0:07:46",
"ASUSE","61880_17_v3_ryaz","20.11.2025 0:13:49","20.11.2025 0:14:51"
"GOV","75141","10.10.2025 14:36:38","10.10.2025 14:36:42"
"GOV","61880_17_v3_ryaz_gp","10.10.2025 15:23:05","10.10.2025 15:25:24"
"TOA","75061_v2","31.10.2025 11:31:41","31.10.2025 11:31:51"
"ASUSE","75680","02.10.2025 11:49:11","02.10.2025 11:49:12"
"ASUSE","75141","02.10.2025 11:49:37","02.10.2025 11:49:44"
"ASUSE","61880_17_v3_ryaz","20.11.2025 0:17:15","20.11.2025 0:18:16"
"ASUSE","64649_ryaz","21.11.2025 14:00:41","21.11.2025 14:00:42"
"YANO","61880_17_v3_ryaz","30.09.2025 9:57:39","30.09.2025 9:58:15"
"ASUSE","61880_17_v3_ryaz_gp","27.11.2025 13:50:39","27.11.2025 13:53:57"
"TOA","75061_v2","31.10.2025 11:39:52","31.10.2025 11:40:02"
"BARAV","74287","05.11.2025 14:15:31","05.11.2025 14:15:33"
"ZOV","76389","21.10.2025 11:18:16","21.10.2025 11:18:40"
"BARAV","72852","21.10.2025 15:52:23","21.10.2025 15:52:28"
"TOA","75061_v2","23.01.2026 11:08:21","23.01.2026 11:08:30"
"YANO","75580","24.12.2025 17:24:38","24.12.2025 17:24:39"
"ASUSE","76835","24.12.2025 20:10:11","24.12.2025 20:10:28"
"BARAV","64950_ryaz","23.01.2026 12:51:55","23.01.2026 12:51:55"
"BARAV","64950_ryaz","23.01.2026 12:52:40","23.01.2026 12:52:40"
"ZOV","76835","13.01.2026 16:34:43","13.01.2026 16:34:47"
"ASUSE","72601","16.01.2026 13:13:01","16.01.2026 13:13:07"
"AEV","64649_ryaz","24.12.2025 15:40:20","24.12.2025 15:40:21"
"ASUSE","72943","19.01.2026 17:08:12","19.01.2026 17:08:15"
"ASUSE","72943","19.01.2026 17:08:32","19.01.2026 17:08:34"
"AEV","64649_ryaz","26.12.2025 9:46:26","26.12.2025 9:46:27"
"SAA","72852","29.12.2025 14:32:36","29.12.2025 14:32:42"
"BARAV","64950_ryaz","23.01.2026 12:53:40","23.01.2026 12:53:41"
"BARAV","64950_ryaz","23.01.2026 12:54:21","23.01.2026 12:54:22"
"ASUSE","72601","16.01.2026 13:21:43","16.01.2026 13:21:48"
"ASUSE","75778_ryaz_gp","22.01.2026 16:05:31","22.01.2026 16:05:36"
"ASUSE","61880_1","22.01.2026 11:24:40","22.01.2026 11:24:56"
"ASUSE","72601","22.01.2026 11:26:53","22.01.2026 11:26:58"
"SAA","72852","29.12.2025 14:34:11","29.12.2025 14:34:16"
"TSA","75545","12.01.2026 14:12:23","12.01.2026 14:12:23"
"TSA","75529","12.01.2026 14:24:25","12.01.2026 14:24:25"
"ASUSE","61880_17_v3_ryaz","15.12.2025 15:31:42","15.12.2025 15:32:44"
"ASUSE","61880_17_v3_ryaz","15.12.2025 15:37:40","15.12.2025 15:38:45"
"PSA","75778_ryaz_gp","23.01.2026 12:52:07","23.01.2026 12:52:12"
"PSA","75778_ryaz_gp","23.01.2026 12:52:54","23.01.2026 12:52:58"
"TOA","75061_v2","23.01.2026 11:48:31","23.01.2026 11:48:39"
"BARAV","64950_ryaz","23.01.2026 12:35:49","23.01.2026 12:35:50"
"ASUSE","61880_17_ryaz_gp","15.01.2026 15:14:19","15.01.2026 15:14:38"
"ASUSE","72601","19.01.2026 12:02:59","19.01.2026 12:03:04"
"ASUSE","72601","19.01.2026 14:03:53","19.01.2026 14:03:58"
"BARAV","64950_ryaz","23.01.2026 12:59:01","23.01.2026 12:59:02"
"BARAV","64950_ryaz","23.01.2026 13:01:09","23.01.2026 13:01:10"
"BARAV","64950_ryaz","23.01.2026 12:42:36","23.01.2026 12:42:37"
"BARAV","64950_ryaz","23.01.2026 12:47:32","23.01.2026 12:47:33"
"BKV","72601","19.01.2026 9:33:45","19.01.2026 9:33:50"
"GOV","61880_1","20.01.2026 10:31:10","20.01.2026 10:31:28"
"GOV","61880_8","22.01.2026 12:01:07","22.01.2026 12:01:24"
"BARAV","64950_ryaz","23.01.2026 12:55:37","23.01.2026 12:55:37"
"ASUSE","64948","22.01.2026 11:45:50","22.01.2026 11:45:56"
"ASUSE","61880_11_new","22.01.2026 11:46:29","22.01.2026 11:46:49"
"GOV","61880_17_ryaz_gp","11.12.2025 21:42:42","11.12.2025 21:43:00"
"GOV","61759_1","20.01.2026 12:20:16","20.01.2026 12:20:23"
"BARAV","64950_ryaz","23.01.2026 12:56:22","23.01.2026 12:56:23"
"BARAV","64950_ryaz","23.01.2026 12:57:22","23.01.2026 12:57:23"
"BARAV","64950_ryaz","23.01.2026 13:02:01","23.01.2026 13:02:01"
"BARAV","64950_ryaz","23.01.2026 13:02:20","23.01.2026 13:02:21"
"YANO","74287_long","25.12.2025 17:37:52","25.12.2025 17:37:54"
"BKV","72601","19.01.2026 9:27:51","19.01.2026 9:27:57"
"BARAV","72601","21.01.2026 8:23:46","21.01.2026 8:23:51"
"BARAV","72601","21.01.2026 8:24:35","21.01.2026 8:24:40"
"ASUSE","61880_17_ryaz","15.12.2025 19:37:50","15.12.2025 19:38:15"
"BARAV","64950_ryaz","23.01.2026 13:02:57","23.01.2026 13:02:57"
"BARAV","64950_ryaz","23.01.2026 13:04:37","23.01.2026 13:04:38"
"BKV","74287_long","11.12.2025 15:29:45","11.12.2025 15:29:46"
"BARAV","72601","21.01.2026 9:08:57","21.01.2026 9:09:02"
"BARAV","72601","21.01.2026 11:07:41","21.01.2026 11:07:47"
"BKV","72601","12.12.2025 16:00:24","12.12.2025 16:00:30"
"TEST37","75778_ryaz_gp","21.01.2026 18:41:17","21.01.2026 18:41:22"
"BARAV","64950_ryaz","23.01.2026 13:12:19","23.01.2026 13:12:20"
"BARAV","64950_ryaz","23.01.2026 13:12:30","23.01.2026 13:12:30"
"BKV","74287_long","11.12.2025 15:48:06","11.12.2025 15:48:06"
"BARAV","72587","21.01.2026 11:13:39","21.01.2026 11:13:40"
"BARAV","72587","21.01.2026 11:31:24","21.01.2026 11:31:24"
"ASUSE","72482","15.01.2026 20:18:12","15.01.2026 20:18:12"
"ASUSE","72482","15.01.2026 20:18:34","15.01.2026 20:18:35"
"ASUSE","61880_8","22.01.2026 12:10:06","22.01.2026 12:10:22"
"BARAV","64950_ryaz","23.01.2026 13:13:35","23.01.2026 13:13:36"
"BKV","74287_long","11.12.2025 15:51:59","11.12.2025 15:52:00"
"BARAV","64950_ryaz","12.12.2025 12:16:01","12.12.2025 12:16:02"
"BARAV","72595","21.01.2026 12:02:51","21.01.2026 12:02:53"
"TSA","75529","21.01.2026 16:48:29","21.01.2026 16:48:30"
"ASUSE","72482","15.01.2026 20:18:57","15.01.2026 20:18:58"
"ASUSE","61880_8","22.01.2026 12:13:28","22.01.2026 12:13:44"
"BKV","72587","26.01.2026 13:02:15","26.01.2026 13:02:15"
"BKV","72587","26.01.2026 13:02:36","26.01.2026 13:02:37"
"ASUSE","72943","26.01.2026 15:52:53","26.01.2026 15:52:57"
"AEV","61880_17_v3_ryaz","12.12.2025 9:53:43","12.12.2025 9:54:36"
"BARAV","72257","22.01.2026 9:58:18","22.01.2026 9:58:24"
"TEST37","75778_ryaz_gp","22.01.2026 14:44:34","22.01.2026 14:45:12"
"BKV","72587","23.01.2026 10:16:34","23.01.2026 10:16:35"
"BARAV","64950_ryaz","23.01.2026 12:58:10","23.01.2026 12:58:10"
"KNA","61880_17_ryaz_gp","23.01.2026 8:58:45","23.01.2026 8:59:06"
"TEST37","72587","27.01.2026 13:33:14","27.01.2026 13:33:42"
"AEV","61880_17_v3_ryaz","12.12.2025 9:55:48","12.12.2025 9:56:38"
"FED","75061_v2","23.01.2026 11:34:38","23.01.2026 11:34:46"
"ZOV","75680","25.12.2025 10:41:01","25.12.2025 10:41:01"
"ZOV","75680","25.12.2025 10:41:28","25.12.2025 10:41:29"
"FED","75680","27.01.2026 16:33:49","27.01.2026 16:33:50"
"FED","75680","27.01.2026 16:34:13","27.01.2026 16:34:13"
"AEV","61880_17_v3_ryaz","12.12.2025 9:58:40","12.12.2025 9:59:28"
"BKV","72601","18.12.2025 14:34:17","18.12.2025 14:34:23"
"FED","75061_v2","23.01.2026 11:34:54","23.01.2026 11:35:02"
"TSA","75545","11.12.2025 9:04:30","11.12.2025 9:04:31"
"ZOV","75680","25.12.2025 11:46:52","25.12.2025 11:46:52"
"FED","76835","27.01.2026 16:34:54","27.01.2026 16:34:55"
"FED","72601","27.01.2026 16:35:54","27.01.2026 16:35:59"
"YANO","72601","23.12.2025 9:22:16","23.12.2025 9:22:22"
"YANO","72601","23.12.2025 9:39:21","23.12.2025 9:39:26"
"BARAV","72257","23.01.2026 11:11:03","23.01.2026 11:11:08"
"FED","75061_v2","23.01.2026 11:35:30","23.01.2026 11:35:38"
"ZOV","75680","25.12.2025 12:16:48","25.12.2025 12:16:48"
"AEV","61880_17_v3_ryaz","15.01.2026 10:30:14","15.01.2026 10:31:14"
"BARAV","64950_ryaz","23.01.2026 12:29:20","23.01.2026 12:29:21"
"BARAV","64950_ryaz","23.01.2026 12:33:12","23.01.2026 12:33:12"
"YANO","74287_long","24.12.2025 17:05:20","24.12.2025 17:05:22"
"YANO","74287","24.12.2025 17:06:29","24.12.2025 17:06:30"
"FED","75061_v2","23.01.2026 11:36:03","23.01.2026 11:36:10"
"BARAV","64950_ryaz","23.01.2026 12:48:50","23.01.2026 12:48:51"
"ZOV","76882","13.01.2026 14:36:52","13.01.2026 14:36:53"
"ZOV","76835","13.01.2026 15:58:34","13.01.2026 15:58:38"
"BARAV","64950_ryaz","23.01.2026 12:34:12","23.01.2026 12:34:13"
"BARAV","64950_ryaz","23.01.2026 12:35:02","23.01.2026 12:35:02"
"YANO","61880_17_v3_ryaz","24.12.2025 17:13:27","24.12.2025 17:14:23"
"YANO","72943","24.12.2025 17:21:53","24.12.2025 17:21:56"
"BARAV","64950_ryaz","23.01.2026 12:49:45","23.01.2026 12:49:45"
"BARAV","64950_ryaz","23.01.2026 12:50:52","23.01.2026 12:50:56"
"ASUSE","61880_1","19.01.2026 15:29:01","19.01.2026 15:29:19"
"ASUSE","72601","19.01.2026 15:41:54","19.01.2026 15:41:59"
"BARAV","74287_long","11.12.2025 14:55:05","11.12.2025 14:55:07"
"BARAV","64950_ryaz","11.12.2025 15:41:09","11.12.2025 15:41:10"
"KAN","64950_ryaz","10.12.2025 15:13:26","10.12.2025 15:13:27"
"KAN","64950_ryaz","10.12.2025 15:14:55","10.12.2025 15:14:56"
"BARAV","64950_ryaz","13.01.2026 16:39:27","13.01.2026 16:39:27"
"BARAV","64950_ryaz","13.01.2026 16:40:03","13.01.2026 16:40:04"
"ASUSE","72601","19.01.2026 15:50:31","19.01.2026 15:50:36"
"ASUSE","72601","19.01.2026 15:50:49","19.01.2026 15:50:54"
"BARAV","64950_ryaz","11.12.2025 15:41:55","11.12.2025 15:41:56"
"BARAV","64950_ryaz","11.12.2025 15:47:42","11.12.2025 15:47:43"
"KAN","64950_ryaz","10.12.2025 15:16:40","10.12.2025 15:16:40"
"KAN","64950_ryaz","10.12.2025 15:20:23","10.12.2025 15:20:23"
"BKV","72601","23.12.2025 15:58:47","23.12.2025 15:58:52"
"BARAV","64950_ryaz","13.01.2026 16:40:39","13.01.2026 16:40:40"
"ASUSE","72601","19.01.2026 16:19:20","19.01.2026 16:19:24"
"ASUSE","61880_1","19.01.2026 16:26:26","19.01.2026 16:26:43"
"BARAV","74287_long","11.12.2025 15:58:47","11.12.2025 15:58:48"
"BARAV","64950_ryaz","11.12.2025 16:04:05","11.12.2025 16:04:05"
"KAN","64950_ryaz","10.12.2025 15:26:08","10.12.2025 15:26:09"
"KAN","64950_ryaz","10.12.2025 15:27:38","10.12.2025 15:27:38"
"TEST37","76835","24.12.2025 16:10:49","24.12.2025 16:11:05"
"BARAV","64950_ryaz","13.01.2026 16:42:52","13.01.2026 16:42:52"
"ASUSE","61880_1","19.01.2026 16:27:26","19.01.2026 16:27:41"
"ASUSE","72601","19.01.2026 16:49:26","19.01.2026 16:49:31"
"TEST37","76835","24.12.2025 16:18:17","24.12.2025 16:18:33"
"BARAV","74287_long","13.01.2026 11:13:21","13.01.2026 11:13:24"
"KAN","64950_ryaz","10.12.2025 15:28:33","10.12.2025 15:28:33"
"KAN","64950_ryaz","10.12.2025 15:31:06","10.12.2025 15:31:07"
"SSN","76835","15.12.2025 12:25:29","15.12.2025 12:25:33"
"BARAV","64950_ryaz","13.01.2026 16:43:34","13.01.2026 16:43:35"
"ASUSE","61880_1","19.01.2026 17:03:25","19.01.2026 17:03:41"
"ASUSE","72601","19.01.2026 17:08:28","19.01.2026 17:08:33"
"BARAV","72587","13.01.2026 12:02:58","13.01.2026 12:02:59"
"BARAV","72943","13.01.2026 12:43:16","13.01.2026 12:43:19"
"KAN","64950_ryaz","10.12.2025 15:33:17","10.12.2025 15:33:17"
"KAN","64950_ryaz","10.12.2025 15:34:39","10.12.2025 15:34:39"
"BARAV","64950_ryaz","15.12.2025 7:37:56","15.12.2025 7:37:58"
"BARAV","64950_ryaz","13.01.2026 16:49:28","13.01.2026 16:49:29"
"ASUSE","75545","20.01.2026 14:24:44","20.01.2026 14:24:45"
"TSA","75545","20.01.2026 14:57:19","20.01.2026 14:57:19"
"TSA","75545","20.01.2026 15:03:54","20.01.2026 15:03:54"
"BKV","72601","22.12.2025 9:51:07","22.12.2025 9:51:13"
"BKV","72601","22.12.2025 11:44:21","22.12.2025 11:44:26"
"KAN","64950_ryaz","10.12.2025 15:35:50","10.12.2025 15:35:51"
"KAN","64950_ryaz","10.12.2025 15:37:10","10.12.2025 15:37:11"
"YANO","72257","29.12.2025 15:31:38","29.12.2025 15:31:43"
"BARAV","64950_ryaz","13.01.2026 16:50:01","13.01.2026 16:50:01"
"ASUSE","75545","20.01.2026 16:09:05","20.01.2026 16:09:06"
"BARAV","72601","20.01.2026 16:20:30","20.01.2026 16:20:36"
"BKV","72601","22.12.2025 11:47:04","22.12.2025 11:47:10"
"BKV","72601","22.12.2025 11:48:04","22.12.2025 11:48:10"
"KAN","64950_ryaz","10.12.2025 15:38:36","10.12.2025 15:38:36"
"KAN","72418","10.12.2025 15:51:00","10.12.2025 15:51:01"
"BARAV","75580","14.01.2026 10:47:22","14.01.2026 10:47:23"
"BARAV","72956","15.01.2026 8:01:01","15.01.2026 8:01:03"
"BARAV","72601","20.01.2026 16:26:27","20.01.2026 16:26:32"
"BKV","72601","21.01.2026 6:58:31","21.01.2026 6:58:38"
"BKV","72601","22.12.2025 11:49:54","22.12.2025 11:49:59"
"BKV","72601","22.12.2025 11:53:07","22.12.2025 11:53:12"
"KAN","72595","10.12.2025 15:56:03","10.12.2025 15:56:04"
"YANO","61880_17_v3_ryaz","15.12.2025 15:12:25","15.12.2025 15:13:14"
"ASUSE","72601","14.01.2026 19:04:07","14.01.2026 19:04:13"
"BKV","72601","15.01.2026 10:18:38","15.01.2026 10:18:45"
"BKV","72601","21.01.2026 7:12:13","21.01.2026 7:12:18"
"BKV","72601","21.01.2026 7:24:13","21.01.2026 7:24:17"
"BKV","72601","22.12.2025 11:54:31","22.12.2025 11:54:36"
"BKV","72601","22.12.2025 11:56:41","22.12.2025 11:56:47"
"AEV","64649_ryaz","25.12.2025 10:44:20","25.12.2025 10:44:20"
"BKV","72601","25.12.2025 10:47:24","25.12.2025 10:47:29"
"BKV","72601","15.01.2026 10:24:06","15.01.2026 10:24:11"
"ASUSE","72601","15.01.2026 12:40:46","15.01.2026 12:40:51"
"BKV","72601","21.01.2026 8:19:57","21.01.2026 8:20:02"
"BKV","72601","21.01.2026 8:24:41","21.01.2026 8:24:45"
"BKV","72601","22.12.2025 13:42:10","22.12.2025 13:42:15"
"BKV","72601","23.12.2025 9:53:42","23.12.2025 9:53:47"
"TEST37","72943","25.12.2025 19:25:31","25.12.2025 19:25:35"
"TEST37","75580","25.12.2025 19:58:31","25.12.2025 19:58:33"
"FED","75778_ryaz_gp","16.01.2026 8:54:56","16.01.2026 8:55:01"
"FED","72601","16.01.2026 10:00:43","16.01.2026 10:00:47"
"ASUSE","72601","21.01.2026 8:41:28","21.01.2026 8:41:33"
"BKV","72601","21.01.2026 9:08:30","21.01.2026 9:08:35"
"BKV","72601","24.12.2025 7:46:04","24.12.2025 7:46:12"
"BKV","72601","25.12.2025 10:04:58","25.12.2025 10:05:04"
"TEST37","75580","26.12.2025 12:00:53","26.12.2025 12:00:55"
"BARAV","64950_ryaz","13.01.2026 15:31:22","13.01.2026 15:31:23"
"FED","75778_ryaz_gp","16.01.2026 10:50:34","16.01.2026 10:50:39"
"BKV","72601","16.01.2026 13:23:22","16.01.2026 13:23:27"
"BKV","72601","21.01.2026 11:00:59","21.01.2026 11:01:05"
"BKV","72601","21.01.2026 12:05:25","21.01.2026 12:05:30"
"FED","75778_ryaz_gp","16.12.2025 10:42:47","16.12.2025 10:42:53"
"FED","75778_ryaz_gp","16.12.2025 15:20:20","16.12.2025 15:20:26"
"BARAV","64950_ryaz","13.01.2026 15:57:39","13.01.2026 15:57:40"
"BARAV","64950_ryaz","13.01.2026 16:06:44","13.01.2026 16:06:45"
"BKV","72601","16.01.2026 13:54:47","16.01.2026 13:54:52"
"BKV","72601","16.01.2026 13:57:06","16.01.2026 13:57:11"
"BKV","72601","21.01.2026 12:50:16","21.01.2026 12:50:21"
"BKV","72601","21.01.2026 13:00:11","21.01.2026 13:00:16"
"FED","75778_ryaz_gp","16.12.2025 15:20:41","16.12.2025 15:20:46"
"AEV","64649_ryaz","25.12.2025 10:19:34","25.12.2025 10:19:35"
"BARAV","64950_ryaz","13.01.2026 16:33:43","13.01.2026 16:33:43"
"BARAV","64950_ryaz","13.01.2026 16:34:12","13.01.2026 16:34:12"
"TSA","75545","16.01.2026 14:16:05","16.01.2026 14:16:05"
"ASUSE","72601","16.01.2026 16:46:01","16.01.2026 16:46:06"
"ASUSE","64948","22.01.2026 11:31:42","22.01.2026 11:31:50"
"ASUSE","61880_11_new","22.01.2026 11:33:18","22.01.2026 11:33:38"
"KAN","64950_ryaz","10.12.2025 14:59:16","10.12.2025 14:59:17"
"KAN","64950_ryaz","10.12.2025 15:00:45","10.12.2025 15:00:45"
"BARAV","64950_ryaz","13.01.2026 16:35:00","13.01.2026 16:35:00"
"BARAV","64950_ryaz","13.01.2026 16:36:29","13.01.2026 16:36:29"
"ASUSE","61880_17_v3_ryaz","15.01.2026 11:52:28","15.01.2026 11:53:24"
"ASUSE","72601","16.01.2026 16:49:22","16.01.2026 16:49:27"
"ASUSE","61759_1","22.01.2026 11:36:05","22.01.2026 11:36:12"
"ASUSE","61880_11_new","22.01.2026 11:38:33","22.01.2026 11:38:52"
"KAN","64950_ryaz","10.12.2025 15:01:54","10.12.2025 15:01:54"
"KAN","64950_ryaz","10.12.2025 15:03:13","10.12.2025 15:03:14"
"BARAV","64950_ryaz","13.01.2026 16:37:01","13.01.2026 16:37:01"
"BARAV","64950_ryaz","13.01.2026 16:37:57","13.01.2026 16:37:57"
"ASUSE","72601","16.01.2026 18:00:10","16.01.2026 18:00:15"
"ASUSE","61880_1","19.01.2026 15:17:29","19.01.2026 15:17:49"
"ASUSE","72852","22.01.2026 11:44:01","22.01.2026 11:44:06"
"ASUSE","61759_1","22.01.2026 11:45:01","22.01.2026 11:45:08"
"KAN","64950_ryaz","10.12.2025 15:04:47","10.12.2025 15:04:48"
"KAN","64950_ryaz","10.12.2025 15:07:52","10.12.2025 15:07:53"
"BARAV","64950_ryaz","13.01.2026 16:38:24","13.01.2026 16:38:25"
"BARAV","64950_ryaz","13.01.2026 16:38:56","13.01.2026 16:38:57"
"ASUSE","72601","19.01.2026 15:21:02","19.01.2026 15:21:07"
"ASUSE","61880_1","19.01.2026 15:28:10","19.01.2026 15:28:29"
"ASUSE","61880_17_v3_ryaz","28.01.2026 12:59:23","28.01.2026 13:00:18"
"ASUSE","61880_17_v3_ryaz","28.01.2026 13:21:59","28.01.2026 13:22:52"
"NAM","61880_17_v3_ryaz","29.01.2026 12:47:21","29.01.2026 12:48:13"
"ASUSE","61880_17_v3_ryaz","28.01.2026 14:02:11","28.01.2026 14:03:05"
"ASUSE","61880_17_v3_ryaz","28.01.2026 14:07:07","28.01.2026 14:08:00"
"RNA","75529","29.01.2026 10:12:08","29.01.2026 10:12:08"
"RNA","75529","29.01.2026 10:13:47","29.01.2026 10:13:47"
"RNA","75529","29.01.2026 10:14:18","29.01.2026 10:14:19"
"RNA","75529","29.01.2026 10:15:49","29.01.2026 10:15:49"
"RNA","75529","29.01.2026 10:16:25","29.01.2026 10:16:25"
"RNA","75529","29.01.2026 10:17:02","29.01.2026 10:17:02"
"RNA","75529","29.01.2026 10:17:46","29.01.2026 10:17:46"
"FED","72601","27.01.2026 16:36:15","27.01.2026 16:36:20"
"ASUSE","61880_17_v3_ryaz","28.01.2026 13:42:10",
"AEV","61880_17_v3_ryaz","29.01.2026 12:11:34","29.01.2026 12:12:28"
"AEV","61880_17_v3_ryaz","29.01.2026 12:16:18","29.01.2026 12:17:09"
"AEV","61880_17_v3_ryaz","29.01.2026 12:19:29","29.01.2026 12:20:20"
"ASUSE","61880_17_v3_ryaz","28.01.2026 15:21:29","28.01.2026 15:22:29"
